Cod Linha;Empresa;Setor;Nome Linha;Mercado;KM;CLASSE;orgão;TIPO;VIAGENS;Capacidade;PREFIXO;Cód Empresa;Grupo Cnx;KM CLASSE;Validação;Frequência;Caracteristica;Gestão;Check
2179;1001;MARUI;GALEAO (RJ) - CHARITAS (RJ);RIO-NITEROI URBANO;46;URBANO;DETRO/RJ;URBANO              ;1;0;0;2;GALEAO (RJ) - CHARITAS (RJ);46;Demais Mercados;Normal;Seccionado;Regional Rio;
2590;1001;MARUI;CHARITAS (RJ) - GAVEA (RJ) (VIA S.BARBARA);RIO-NITEROI SELETIVO;40;SELETIVO            ;DETRO/RJ;SELETIVO            ;1;0;0;2;CHARITAS (RJ) - GAVEA (RJ) (VIA S.BARBARA);40;Demais Mercados;Normal;Seccionado;Regional Rio;
2594;1001;MARUI;CHARITAS (RJ) - IPANEMA (RJ);RIO-NITEROI URBANO;42;URBANO;DETRO/RJ;URBANO              ;1;0;0;2;CHARITAS (RJ) - IPANEMA (RJ);42;Demais Mercados;Normal;Seccionado;Regional Rio;
2595;1001;MARUI;CHARITAS (RJ) - GAVEA (RJ) (VIA S.BARBARA);RIO-NITEROI URBANO;41;URBANO;DETRO/RJ;URBANO              ;1;0;0;2;CHARITAS (RJ) - GAVEA (RJ) (VIA S.BARBARA);41;Demais Mercados;Normal;Seccionado;Regional Rio;
2598;1001;MARUI;CASTELO (RJ) - CHARITAS LIGHT (RJ);RIO-NITEROI SELETIVO;0;SELETIVO            ;DETRO/RJ;SELETIVO            ;0;0;0;2;CASTELO (RJ) - CHARITAS LIGHT (RJ);0;Demais Mercados;Normal;Seccionado;Regional Rio;
2609;1001;MARUI;ITAIPU (RJ) - CHARITAS INTEGRACAO (RJ);RIO-NITEROI SELETIVO;0;SELETIVO            ;DETRO/RJ;SELETIVO            ;0;0;0;2;ITAIPU (RJ) - CHARITAS INTEGRACAO (RJ);0;Demais Mercados;Normal;Seccionado;Regional Rio;
2612;1001;MARUI;PIRATININGA (RJ) - CASTELO (RJ);RIO-NITEROI SELETIVO;115;CONVENCIONAL;DETRO/RJ;SELETIVO            ;1;0;0;2;PIRATININGA (RJ) - CASTELO (RJ);115;Demais Mercados;Normal;Seccionado;Regional Rio;
2613;1001;MARUI;ITAIPU (RJ) - CASTELO (RJ);RIO-NITEROI SELETIVO;0;CONVENCIONAL;DETRO/RJ;SELETIVO            ;0;0;2613;2;ITAIPU (RJ) - CASTELO (RJ);0;Demais Mercados;Normal;Seccionado;Regional Rio;
2615;1001;MARUI;GALEAO (RJ) - CHARITAS (RJ);RIO-NITEROI SELETIVO;115;CONVENCIONAL;DETRO/RJ;SELETIVO            ;1;0;0;2;GALEAO (RJ) - CHARITAS (RJ);115;Demais Mercados;Normal;Seccionado;Regional Rio;
2617;1001;MARUI;GALEAO (RJ) - CHARITAS (RJ);RIO-NITEROI URBANO;53;URBANO;DETRO/RJ;URBANO              ;1;0;0;2;GALEAO (RJ) - CHARITAS (RJ);53;Demais Mercados;Normal;Seccionado;Regional Rio;
2628;1001;MARUI;CHARITAS (RJ) - GALEÃO LIGHT (RJ);RIO-NITEROI SELETIVO;115;CONVENCIONAL;DETRO/RJ;SELETIVO            ;1;0;0;2;CHARITAS (RJ) - GALEÃO LIGHT (RJ);115;Demais Mercados;Normal;Seccionado;Regional Rio;
2809;1001;MARUI;CHARITAS (RJ) - GAVEA V.LAPA (RJ);RIO-NITEROI URBANO;0;URBANO;DETRO/RJ;URBANO              ;0;0;0;2;CHARITAS (RJ) - GAVEA V.LAPA (RJ);0;Demais Mercados;Normal;Seccionado;Regional Rio;
2817;1001;MARUI;CHARITAS (RJ) - IPANEMA (RJ);RIO-NITEROI SELETIVO;0;SELETIVO            ;DETRO/RJ;SELETIVO            ;0;0;0;2;CHARITAS (RJ) - IPANEMA (RJ);0;Demais Mercados;Normal;Seccionado;Regional Rio;
2837;1001;MARUI;CHARITAS (RJ) - GAVEA V.LAPA (RJ);RIO-NITEROI SELETIVO;0;SELETIVO            ;DETRO/RJ;SELETIVO            ;0;0;0;2;CHARITAS (RJ) - GAVEA V.LAPA (RJ);0;Demais Mercados;Normal;Seccionado;Regional Rio;
2865;1001;MARUI;GALEÃO (RJ) - CHARITAS (RJ) (VIA CID UNIVER);RIO-NITEROI SELETIVO;0;SELETIVO            ;DETRO/RJ;SELETIVO            ;0;0;0;2;GALEÃO (RJ) - CHARITAS (RJ) (VIA CID UNIVER);0;Demais Mercados;Normal;Seccionado;Regional Rio;
2800;1001;MARUI;NITEROI (RJ) - SAQUAREMA (RJ)  VIA JACONE-URBANO;NITEROI - LAGOS URB;88;URBANO;DETRO/RJ;URBANO;1;99;2800;2;NITEROI (RJ) - SAQUAREMA (RJ)  VIA JACONE-URBANO;88;;;;Regional Rio;
70095;COMETA;CURITIBA;SAO PAULO (SP) - CURITIBA (PR) - VIA OSASCO;SAO PAULO - CURITIBA;420;CONVENCIONAL;ANTT;RODOVIARIO          ;1;46;SPPR0041050;7;SAO PAULO (SP) - CURITIBA (PR) - VIA OSASCO;420;;;;Regional SP - ANTT;420
2042;1001;CAMPOS;RIO DE JANEIRO (RJ) - FAROL S.TOME (RJ) (VIA NITEROI-CAMPOS);RIO - CAMPOS E NORTE FLUM.;0;1 CLASSE DD;DETRO/RJ;RODOVIARIO          ;0;6;2042;2;RIO DE JANEIRO (RJ) - FAROL S.TOME (RJ) (VIA NITEROI-CAMPOS);0;Vedetes;Normal;Seccionado;Regional Rio;279,8
2051;1001;CABO FRIO;RIO DE JANEIRO (RJ) - ARRAIAL DO CABO (RJ);RIO - REG.LAGOS;0;LEITO DD;DETRO/RJ;RODOVIARIO;0;6;2051;2;RIO DE JANEIRO (RJ) - ARRAIAL DO CABO (RJ);0;;;;Regional Rio;167,3
2054;1001;CABO FRIO;RIO DE JANEIRO (RJ) - BUZIOS (RJ);RIO - REG.LAGOS;0;LEITO DD;DETRO/RJ;RODOVIARIO          ;0;6;2054;2;RIO DE JANEIRO (RJ) - BUZIOS (RJ);0;;;;Regional Rio;175
2057;1001;CAMPOS;RIO DE JANEIRO (RJ) - FAROL S.TOME (RJ);RIO - CAMPOS E NORTE FLUM.;0;LEITO DD;DETRO/RJ;RODOVIARIO          ;0;6;2057;2;RIO DE JANEIRO (RJ) - FAROL S.TOME (RJ);0;Vedetes;Normal;Seccionado;Regional Rio;281,19
2060;1001;FRIBURGO;RIO DE JANEIRO (RJ) - NOVA FRIBURGO (RJ);RIO - FRIB/REG.SERRANA;0;LEITO DD;DETRO/RJ;RODOVIARIO          ;0;6;2060;2;RIO DE JANEIRO (RJ) - NOVA FRIBURGO (RJ);0;Demais Mercados;Normal;Seccionado;Regional Rio;140
2157;1001;SAO PAULO;NITEROI (RJ) - MACAE (RJ) (CNX SP);SP - NIT/CPS/MAC/FRIB/CBF;0;LEITO DD;DETRO/RJ;RODOVIARIO;0;6;2157;2;NITEROI (RJ) - MACAE (RJ) (CNX SP);0;Demais Mercados;Normal;Seccionado;Regional Rio;180,06
2218;1001;ITAPERUNA;PIRAPETINGA (MG) - RIO DE JANEIRO (RJ);RIO - PIRAPETINGA/ITAPERUNA;0;1 CLASSE DD;ANTT;RODOVIARIO          ;0;6;MGRJ0010028;2;PIRAPETINGA (MG) - RIO DE JANEIRO (RJ);0;Demais Mercados;Normal;Seccionado;Regional Rio;237,2
2233;1001;ITAPERUNA;RIO JANEIRO (RJ) - S.J.CALCADO/CAMPOS (ES);RIO - CAMPOS E NORTE FLUM.;0;CAMA;ANTT;RODOVIARIO          ;0;6;RJES0010012;2;RIO JANEIRO (RJ) - S.J.CALCADO/CAMPOS (ES);0;Vedetes;Normal;Seccionado;Regional Rio;396,5
2235;1001;ITAPERUNA;RIO DE JANEIRO (RJ) - SAO JOSE DO CALCADO (ES) VIA BR-101;RIO - CAMPOS E NORTE FLUM.;0;CAMA;ANTT;RODOVIARIO          ;0;6;RJES0010012;2;RIO DE JANEIRO (RJ) - SAO JOSE DO CALCADO (ES) VIA BR-101;0;Vedetes;Normal;Seccionado;Regional Rio;396,5
2405;1001;CAMPOS;RIO DE JANEIRO (RJ) - CAMPOS (RJ) (VIA NITEROI);RIO - CAMPOS E NORTE FLUM.;0;1 CLASSE DD;DETRO/RJ;RODOVIARIO          ;0;6;2405;2;RIO DE JANEIRO (RJ) - CAMPOS (RJ) (VIA NITEROI);0;Vedetes;Normal;Seccionado;Regional Rio;278
2409;1001;CAMPOS;RIO DE JANEIRO (RJ) - CAMPOS (RJ);RIO - CAMPOS E NORTE FLUM.;0;1 CLASSE DD;DETRO/RJ;RODOVIARIO          ;0;6;2409;2;RIO DE JANEIRO (RJ) - CAMPOS (RJ);0;Vedetes;Normal;Direto;Regional Rio;275
2462;1001;SAO PAULO;NITEROI (RJ) - MACAE (RJ) (CNX SP);SP - NIT/CPS/MAC/FRIB/CBF;0;1 CLASSE DD;DETRO/RJ;RODOVIARIO          ;0;6;2462;2;NITEROI (RJ) - MACAE (RJ) (CNX SP);0;Demais Mercados;Normal;Seccionado;Regional Rio;183,3
2497;1001;SAO PAULO;NITEROI (RJ) - CAMPOS (RJ);SP - NIT/CPS/MAC/FRIB/CBF;0;1 CLASSE DD;DETRO/RJ;RODOVIARIO          ;0;6;2497;2;NITEROI (RJ) - CAMPOS (RJ);0;Demais Mercados;Normal;Seccionado;Regional Rio;267
2501;1001;SAO PAULO;NITEROI (RJ) - SAO PAULO (SP);SP - NIT/CPS/MAC/FRIB/CBF;0;1 CLASSE DD;ANTT;RODOVIARIO          ;0;6;7009541;2;NITEROI (RJ) - SAO PAULO (SP);0;Demais Mercados;Normal;Seccionado;Regional Rio;445,6
2514;1001;SAO PAULO;NITEROI (RJ) - SAO PAULO (SP);SP - NIT/CPS/MAC/FRIB/CBF;0;1 CLASSE DD;ANTT;RODOVIARIO          ;0;6;7009541;2;NITEROI (RJ) - SAO PAULO (SP);0;Demais Mercados;Normal;Seccionado;Regional Rio;445,6
2538;1001;SAO PAULO;NITEROI (RJ) - SAO PAULO (SP);SP - NIT/CPS/MAC/FRIB/CBF;0;1 CLASSE DD;ANTT;RODOVIARIO          ;0;6;7009541;2;NITEROI (RJ) - SAO PAULO (SP);0;Demais Mercados;Normal;Seccionado;Regional Rio;445,6
2558;1001;SAO PAULO;NOVA FRIBURGO (RJ) - SAO PAULO (SP);SP - NIT/CPS/MAC/FRIB/CBF;0;1 CLASSE DD;ANTT;RODOVIARIO          ;0;6;7009641;2;NOVA FRIBURGO (RJ) - SAO PAULO (SP);0;Demais Mercados;Normal;Seccionado;Regional Rio;558,61
2561;1001;SAO PAULO;CABO FRIO (RJ) - SAO PAULO (SP);SP - NIT/CPS/MAC/FRIB/CBF;0;1 CLASSE DD;ANTT;RODOVIARIO          ;0;6;7009341;2;CABO FRIO (RJ) - SAO PAULO (SP);0;Demais Mercados;Normal;Seccionado;Regional Rio;582
2592;1001;CAMPOS;RIO DE JANEIRO (RJ) - FAROL S.TOME (RJ) (VIA NITEROI-CAMPOS);RIO-NITEROI SELETIVO;0;1 CLASSE DD;DETRO/RJ;RODOVIARIO          ;0;6;2592;2;RIO DE JANEIRO (RJ) - FAROL S.TOME (RJ) (VIA NITEROI-CAMPOS);0;Vedetes;Normal;Seccionado;Regional Rio;279,8
2764;1001;SAO PAULO;CABO FRIO (RJ) - SAO PAULO (SP);SP - NIT/CPS/MAC/FRIB/CBF;0;1 CLASSE DD;ANTT;RODOVIARIO          ;0;6;7009341;2;CABO FRIO (RJ) - SAO PAULO (SP);0;Demais Mercados;Normal;Seccionado;Regional Rio;582
2773;1001;ITAPERUNA;PIRAPETINGA (MG) - RIO DE JANEIRO (RJ);RIO - PIRAPETINGA/ITAPERUNA;0;1 CLASSE DD;ANTT;RODOVIARIO          ;0;6;MGRJ0010027;2;PIRAPETINGA (MG) - RIO DE JANEIRO (RJ);0;Demais Mercados;Normal;Seccionado;Regional Rio;226,3
2774;1001;ITAPERUNA;PIRAPETINGA (MG) - ITAPERUNA (RJ);RIO - PIRAPETINGA/ITAPERUNA;0;1 CLASSE DD;ANTT;RODOVIARIO          ;0;6;MGRJ0010004;2;PIRAPETINGA (MG) - ITAPERUNA (RJ);0;Demais Mercados;Normal;Seccionado;Regional Rio;99,5
2823;1001;CAMPOS;RIO DE JANEIRO (RJ) - FAROL S.TOME (RJ) (VIA NITEROI-CAMPOS);RIO - CAMPOS E NORTE FLUM.;0;1 CLASSE DD;DETRO/RJ;RODOVIARIO          ;0;6;2823;2;RIO DE JANEIRO (RJ) - FAROL S.TOME (RJ) (VIA NITEROI-CAMPOS);0;Vedetes;Normal;Seccionado;Regional Rio;280,3
2838;1001;SAO PAULO;SAO PAULO (SP) - RIO DE JANEIRO (RJ);SAO PAULO - RIO DE JANEIRO;0;CAMA;ANTT;RODOVIARIO          ;0;6;SPRJ0010030;2;SAO PAULO (SP) - RIO DE JANEIRO (RJ);0;Vedetes;Normal;Direto;Regional Rio;433,8
2840;1001;SAO PAULO;SAO PAULO (SP) - RIO DE JANEIRO (RJ);SAO PAULO - RIO DE JANEIRO;0;CAMA;ANTT;RODOVIARIO          ;0;6;SPRJ0010030;2;SAO PAULO (SP) - RIO DE JANEIRO (RJ);0;Vedetes;Normal;Direto;Regional Rio;433,8
2883;1001;SAO PAULO;CABO FRIO (RJ) - SAO PAULO (SP);SP - NIT/CPS/MAC/FRIB/CBF;0;CAMA;ANTT;RODOVIARIO          ;0;6;RJSP0010009;2;CABO FRIO (RJ) - SAO PAULO (SP);0;Demais Mercados;Normal;Seccionado;Regional Rio;582
2914;1001;MACAE;RIO DE JANEIRO (RJ) - MACAE (RJ) (VIA MANILHA);RIO - MACAE QUISSAMA;0;1 CLASSE DD - VAI DIRETO;DETRO/RJ;RODOVIARIO          ;0;6;2914;2;RIO DE JANEIRO (RJ) - MACAE (RJ) (VIA MANILHA);0;Vedetes;Normal;Direto;Regional Rio;184
2918;1001;CAMPOS;RIO DE JANEIRO (RJ) - CAMPOS (RJ) (VIA NITEROI);RIO - CAMPOS E NORTE FLUM.;0;1 CLASSE DD;DETRO/RJ;RODOVIARIO          ;0;6;2918;2;RIO DE JANEIRO (RJ) - CAMPOS (RJ) (VIA NITEROI);0;Vedetes;Normal;Seccionado;Regional Rio;278
2921;1001;MACAE;MACAE - RIO DE JANEIRO (VIA VILA VERDE/CASIMIRO DE ABREU);RIO - MACAE QUISSAMA;0;1 CLASSE DD;DETRO/RJ;RODOVIARIO          ;0;6;2921;2;MACAE - RIO DE JANEIRO (VIA VILA VERDE/CASIMIRO DE ABREU);0;Vedetes;Normal;Seccionado;Regional Rio;183,3
2929;1001;SAO PAULO;RIO DE JANEIRO CPG (RJ) - SAO PAULO (SP);SP - BAIXADA E CPO GRN;0;CAMA;ANTT;RODOVIARIO          ;0;6;RJSP0010013;2;RIO DE JANEIRO CPG (RJ) - SAO PAULO (SP);0;Demais Mercados;Normal;Direto;Regional Rio;433,8
3019;WEMOBI;WEMOBI;MARINGA (PR) - SAO PAULO (SP);WEMOBI;0;DREAM;ANTT;RODOVIARIO;0;6;9032851;3;MARINGA (PR) - SAO PAULO (SP);0;Demais Mercados;Normal;Seccionado;WEMOBI;627,01
4830;EXPRESSO;EXPRESSO DO SUL;SAO PAULO (SP) - RIO DE JANEIRO (RJ);SAO PAULO - RIO DE JANEIRO;0;CAMA;ANTT;RODOVIARIO          ;0;6;SPRJ0036008;4;SAO PAULO (SP) - RIO DE JANEIRO (RJ);0;Vedetes;Normal;Direto;Regional SP - ANTT;433,8
7211;COMETA;JUIZ DE FORA;SAO PAULO (SP) - JUIZ DE FORA (MG);SAO PAULO - SUL DE MINAS;0;CAMA;ANTT;RODOVIARIO          ;0;6;SPMG0041023;7;SAO PAULO (SP) - JUIZ DE FORA (MG);0;Demais Mercados;Normal;Seccionado;Regional SP - ANTT;513,7
7251;COMETA;SAO JOSE DO RIO PRETO;SAO PAULO (SP) - SAO JOSE DO RIO PRETO (SP);SAO PAULO - SAO JOSE DO RIO PRETO;0;CAMA;ARTESP;RODOVIARIO          ;0;6;1384A-1;7;SAO PAULO (SP) - SAO JOSE DO RIO PRETO (SP);0;Vedetes;Normal;Seccionado;Regional SP - Interior;435
7258;COMETA;RIBEIRAO PRETO;SAO PAULO (SP) - RIBEIRAO PRETO (SP);SAO PAULO - RIBEIRAO PRETO;0;CAMA;ARTESP;RODOVIARIO          ;0;6;6376L-1;7;SAO PAULO (SP) - RIBEIRAO PRETO (SP);0;Vedetes;Normal;Seccionado;Regional SP - Interior;319
7273;COMETA;FRANCA;SAO PAULO (SP) - FRANCA (SP);SAO PAULO - FRANCA;0;CAMA;ARTESP;RODOVIARIO          ;0;6;8,28E+01;7;SAO PAULO (SP) - FRANCA (SP);0;Vedetes;Normal;Seccionado;Regional SP - Interior;418
7287;COMETA;JUIZ DE FORA;JUIZ DE FORA (MG) - SAO PAULO (SP);SAO PAULO - SUL DE MINAS;0;CAMA;ANTT;RODOVIARIO          ;0;6;MGSP0041035;7;JUIZ DE FORA (MG) - SAO PAULO (SP);0;Demais Mercados;Normal;Seccionado;Regional SP - ANTT;491,19
7292;COMETA;BELO HORIZONTE;SAO PAULO (SP) - BELO HORIZONTE (MG) VIA CAMPINAS;SAO PAULO - BELO HORIZONTE;0;CAMA;ANTT;RODOVIARIO          ;0;6;8005751;7;SAO PAULO (SP) - BELO HORIZONTE (MG) VIA CAMPINAS;0;Vedetes;Normal;Seccionado;Regional SP - ANTT;689
7296;COMETA;VOLTA REDONDA;VOLTA REDONDA (RJ) - SAO PAULO (SP);SAO PAULO - VALE DO PARAIBA;0;LEITO DD;ANTT;RODOVIARIO          ;0;6;7007441;7;VOLTA REDONDA (RJ) - SAO PAULO (SP);0;Demais Mercados;Normal;Seccionado;Regional SP - ANTT;316,9
7368;COMETA;VOLTA REDONDA;VOLTA REDONDA (RJ) - SAO PAULO (SP);SAO PAULO - VALE DO PARAIBA;0;CAMA;ANTT;RODOVIARIO          ;0;6;RJSP0041011;7;VOLTA REDONDA (RJ) - SAO PAULO (SP);0;Demais Mercados;Normal;Seccionado;Regional SP - ANTT;316,9
7372;COMETA;JUIZ DE FORA;JUIZ DE FORA (MG) - SAO PAULO (SP);SAO PAULO - SUL DE MINAS ;0;CAMA;ANTT;RODOVIARIO          ;0;6;MGSP0041035;7;JUIZ DE FORA (MG) - SAO PAULO (SP);0;Demais Mercados;Normal;Seccionado;Regional SP - ANTT;491,19
7415;COMETA;JUIZ DE FORA;JUIZ DE FORA (MG) - SAO VICENTE (SP);SAO PAULO - SUL DE MINAS;0;CAMA;ANTT;RODOVIARIO          ;0;6;MGSP0041057;7;JUIZ DE FORA (MG) - SAO VICENTE (SP);0;Demais Mercados;Normal;Seccionado;Regional SP - ANTT;558,59
7417;COMETA;JUIZ DE FORA;JUIZ DE FORA (MG) - SAO VICENTE (SP);SAO PAULO - SUL DE MINAS;0;CAMA;ANTT;RODOVIARIO          ;0;6;MGSP0041057;7;JUIZ DE FORA (MG) - SAO VICENTE (SP);0;Demais Mercados;Normal;Seccionado;Regional SP - ANTT;558,59
7436;COMETA;BELO HORIZONTE;BELO HORIZONTE (MG) - CURITIBA (PR);SAO PAULO - BELO HORIZONTE;0;CAMA;ANTT;RODOVIARIO          ;0;6;6030451;7;BELO HORIZONTE (MG) - CURITIBA (PR);0;Vedetes;Normal;Seccionado;Regional SP - ANTT;1015,96
7438;COMETA;CAMPINAS;CAMPINAS (SP) - RIO DE JANEIRO (RJ);INTERIOR SP MG - RIO DE JANEIRO;0;CAMA;ANTT;RODOVIARIO          ;0;6;8004451;7;CAMPINAS (SP) - RIO DE JANEIRO (RJ);0;Demais Mercados;Normal;Seccionado;Regional SP - ANTT;503,7
7692;COMETA;BELO HORIZONTE;CAMPINAS (SP) - BELO HORIZONTE (MG) (VIA CONTAGEM);SAO PAULO - BELO HORIZONTE;0;CAMA;ANTT;RODOVIARIO          ;0;6;8020751;7;CAMPINAS (SP) - BELO HORIZONTE (MG) (VIA CONTAGEM);0;Vedetes;Normal;Seccionado;Regional SP - ANTT;525,7
7827;COMETA;CAMPINAS;CAMPINAS (SP) - RIO DE JANEIRO (RJ);INTERIOR SP MG - RIO DE JANEIRO;0;CAMA;ANTT;RODOVIARIO          ;0;6;SPRJ0041037;7;CAMPINAS (SP) - RIO DE JANEIRO (RJ);0;Demais Mercados;Normal;Seccionado;Regional SP - ANTT;503,7
70043;COMETA;RIBEIRAO PRETO;SAO PAULO (SP) - RIBEIRAO PRETO (SP);SAO PAULO - RIBEIRAO PRETO;0;CAMA;ARTESP;RODOVIARIO          ;0;6;6376L-1;7;SAO PAULO (SP) - RIBEIRAO PRETO (SP);0;Vedetes;Normal;Seccionado;Regional SP - Interior;319
2013;1001;SAO PAULO;MARICA (RJ) - SAO PAULO (SP);SP - NIT/CPS/MAC/FRIB/CBF;0;CAMA;ANTT;RODOVIARIO          ;0;8;RJSP0010032;2;MARICA (RJ) - SAO PAULO (SP);0;Demais Mercados;Normal;Seccionado;Regional Rio;445,6
2015;1001;SAO PAULO;MARICA (RJ) - SAO PAULO (SP);SP - NIT/CPS/MAC/FRIB/CBF;0;CAMA;ANTT;RODOVIARIO          ;0;8;RJSP0010032;2;MARICA (RJ) - SAO PAULO (SP);0;Demais Mercados;Normal;Seccionado;Regional Rio;445,6
2029;1001;CAMPOS;RIO DE JANEIRO (RJ) - CAMPOS (RJ);RIO - CAMPOS E NORTE FLUM.;0;1 CLASSE DD - VAI DIRETO;DETRO/RJ;RODOVIARIO;0;8;2029;2;RIO DE JANEIRO (RJ) - CAMPOS (RJ);0;Vedetes;Normal;Direto;Regional Rio;269
2044;1001;SAO PAULO;SAO PAULO (SP) - DUQUE DE CAXIAS (RJ);SP - BAIXADA e CPO GRN;0;CAMA;ANTT;RODOVIARIO          ;0;8;8035251;2;SAO PAULO (SP) - DUQUE DE CAXIAS (RJ);0;Demais Mercados;Normal;Seccionado;Regional Rio;398,09
2121;1001;SAO PAULO;SAO PAULO (SP) - RIO DE JANEIRO (RJ) VIA D. CAXIAS;SP - BAIXADA E CPO GRN;0;CAMA;ANTT;RODOVIARIO          ;0;8;8008251;2;SAO PAULO (SP) - RIO DE JANEIRO (RJ) VIA D. CAXIAS;0;Demais Mercados;Normal;Seccionado;Regional Rio;424,99
2123;1001;SAO PAULO;DUQUE DE CAXIAS (RJ) - SAO PAULO (SP);SP - BAIXADA E CPO GRN;0;CAMA;ANTT;RODOVIARIO          ;0;8;SPRJ0010020;2;DUQUE DE CAXIAS (RJ) - SAO PAULO (SP);0;Demais Mercados;Normal;Seccionado;Regional Rio;398,09
2125;1001;SAO PAULO;RIO DE JANEIRO (RJ) - SAO BERNARDO DO CAMPO (SP);SAO PAULO - RIO DE JANEIRO;0;CAMA;ANTT;RODOVIARIO          ;0;8;7010251;2;RIO DE JANEIRO (RJ) - SAO BERNARDO DO CAMPO (SP);0;Vedetes;Normal;Seccionado;Regional Rio;467,03
2128;1001;SAO PAULO;RIO DE JANEIRO (RJ) - OSASCO (SP);SAO PAULO - RIO DE JANEIRO;0;CAMA;ANTT;RODOVIARIO          ;0;8;RJSP0010014;2;RIO DE JANEIRO (RJ) - OSASCO (SP);0;Vedetes;Normal;Seccionado;Regional Rio;447,9
2134;1001;SAO PAULO;RIO DE JANEIRO (RJ) - SAO PAULO (SP) - VAI DIRETO;SAO PAULO - RIO DE JANEIRO;0;CAMA - VAI DIRETO;ANTT;RODOVIARIO          ;0;8;RJSP0010034;2;RIO DE JANEIRO (RJ) - SAO PAULO (SP) - VAI DIRETO;0;Vedetes;Normal;Direto;Regional Rio;418,1
2149;1001;SAO PAULO;NITEROI (RJ) - SAO PAULO (SP) (VIA NOVO RIO);SP - NIT/CPS/MAC/FRIB/CBF;0;CAMA;ANTT;RODOVIARIO          ;0;8;RJSP0010017;2;NITEROI (RJ) - SAO PAULO (SP) (VIA NOVO RIO);0;Demais Mercados;Normal;Seccionado;Regional Rio;445,6
2159;1001;SAO PAULO;NITEROI (RJ) - CAMPOS (RJ);SP - NIT/CPS/MAC/FRIB/CBF;0;LEITO DD;DETRO/RJ;RODOVIARIO;0;8;2159;2;NITEROI (RJ) - CAMPOS (RJ);0;Demais Mercados;Normal;Seccionado;Regional Rio;265,11
2161;1001;SAO PAULO;NITEROI (RJ) - SAO PAULO (SP) - VIA NOVO RIO;SP - NIT/CPS/MAC/FRIB/CBF;0;CAMA;ANTT;RODOVIARIO          ;0;8;RJSP0010017;2;NITEROI (RJ) - SAO PAULO (SP) - VIA NOVO RIO;0;Demais Mercados;Normal;Seccionado;Regional Rio;445,6
2163;1001;SAO PAULO;CABO FRIO (RJ) - SAO PAULO (SP);SP - NIT/CPS/MAC/FRIB/CBF;0;CAMA;ANTT;RODOVIARIO          ;0;8;RJSP0010009;2;CABO FRIO (RJ) - SAO PAULO (SP);0;Demais Mercados;Normal;Seccionado;Regional Rio;582
2174;1001;SAO PAULO;NITEROI (RJ) - CAMPOS (RJ);SP - NIT/CPS/MAC/FRIB/CBF;0;LEITO DD;DETRO/RJ;RODOVIARIO;0;8;2174;2;NITEROI (RJ) - CAMPOS (RJ);0;Demais Mercados;Normal;Seccionado;Regional Rio;265,11
2192;1001;MACAE;RIO DAS OSTRAS (RJ) - RIO DE JANEIRO (RJ) (VIA LAGOS-NIT);RIO - MACAE QUISSAMA;0;LEITO DD;DETRO/RJ;RODOVIARIO          ;0;8;2192;2;RIO DAS OSTRAS (RJ) - RIO DE JANEIRO (RJ) (VIA LAGOS-NIT);0;Vedetes;Normal;Seccionado;Regional Rio;179,2
2556;1001;SAO PAULO;SAO PAULO (SP) - FLORIANOPOLIS (SC);SP - FLORIANOPOLIS;0;CAMA;ANTT;RODOVIARIO          ;0;8;8007951;2;SAO PAULO (SP) - FLORIANOPOLIS (SC);0;Demais Mercados;Normal;Seccionado;Regional Rio;715
2566;1001;SAO PAULO;SAO PAULO (SP) - RIO DE JANEIRO (RJ);SAO PAULO - RIO DE JANEIRO;0;CAMA;ANTT;RODOVIARIO          ;0;8;SPRJ0010030;2;SAO PAULO (SP) - RIO DE JANEIRO (RJ);0;Vedetes;Normal;Direto;Regional Rio;433,8
2797;1001;SAO PAULO;CABO FRIO (RJ) - SAO PAULO (SP);SP - NIT/CPS/MAC/FRIB/CBF;0;LEITO DD;ANTT;RODOVIARIO;0;8;7180740;2;CABO FRIO (RJ) - SAO PAULO (SP);0;Demais Mercados;Normal;Direto;Regional Rio;557,16
2877;1001;SAO PAULO;SAO PAULO (SP) - FLORIANOPOLIS (SC);SP - FLORIANOPOLIS;0;CAMA;ANTT;RODOVIARIO          ;0;8;SPSC0010002;2;SAO PAULO (SP) - FLORIANOPOLIS (SC);0;Demais Mercados;Normal;Seccionado;Regional Rio;715
2879;1001;SAO PAULO;SAO PAULO (SP) -FLORIANOPOLIS (SC);SP - FLORIANOPOLIS;0;CAMA;ANTT;RODOVIARIO          ;0;8;SPSC0010002;2;SAO PAULO (SP) -FLORIANOPOLIS (SC);0;Demais Mercados;Normal;Seccionado;Regional Rio;691,85
2881;1001;SAO PAULO;CABO FRIO (RJ) - SAO PAULO (SP);SP - NIT/CPS/MAC/FRIB/CBF;0;CAMA;ANTT;RODOVIARIO          ;0;8;RJSP0010009;2;CABO FRIO (RJ) - SAO PAULO (SP);0;Demais Mercados;Normal;Seccionado;Regional Rio;582
2889;1001;SAO PAULO;RIO DE JANEIRO (RJ) - SAO PAULO (SP);SP - BAIXADA E CPO GRN;0;CAMA;ANTT;RODOVIARIO          ;0;8;RJSP0010013;2;RIO DE JANEIRO (RJ) - SAO PAULO (SP);0;Demais Mercados;Normal;Direto;Regional Rio;433,8
2891;1001;SAO PAULO;RIO DE JANEIRO CPG (RJ) - SAO PAULO (SP);SP - BAIXADA E CPO GRN;0;CAMA;ANTT;RODOVIARIO          ;0;8;RJSP0010013;2;RIO DE JANEIRO CPG (RJ) - SAO PAULO (SP);0;Demais Mercados;Normal;Direto;Regional Rio;433,8
2893;1001;SAO PAULO;NOVA FRIBURGO (RJ) - SAO PAULO (SP);SP - NIT/CPS/MAC/FRIB/CBF;0;CAMA;ANTT;RODOVIARIO          ;0;8;RJSP0010010;2;NOVA FRIBURGO (RJ) - SAO PAULO (SP);0;Demais Mercados;Normal;Seccionado;Regional Rio;558,61
2894;1001;SAO PAULO;NOVA FRIBURGO (RJ) - SAO PAULO (SP);SP - NIT/CPS/MAC/FRIB/CBF;0;CAMA;ANTT;RODOVIARIO          ;0;8;RJSP0010010;2;NOVA FRIBURGO (RJ) - SAO PAULO (SP);0;Demais Mercados;Normal;Seccionado;Regional Rio;558,61
2896;1001;SAO PAULO;CABO FRIO (RJ) - SAO PAULO (SP);SP - NIT/CPS/MAC/FRIB/CBF;0;CAMA;ANTT;RODOVIARIO          ;0;8;RJSP0010009;2;CABO FRIO (RJ) - SAO PAULO (SP);0;Demais Mercados;Normal;Seccionado;Regional Rio;582
2898;1001;SAO PAULO;NITEROI (RJ) - SAO PAULO (SP);SP - NIT/CPS/MAC/FRIB/CBF;0;CAMA;ANTT;RODOVIARIO          ;0;8;RJSP0010022;2;NITEROI (RJ) - SAO PAULO (SP);0;Demais Mercados;Normal;Direto;Regional Rio;445,6
2923;1001;SAO PAULO;NITEROI (RJ) - SAO PAULO (SP);SP - NIT/CPS/MAC/FRIB/CBF;0;CAMA;ANTT;RODOVIARIO          ;0;8;RJSP0010022;2;NITEROI (RJ) - SAO PAULO (SP);0;Demais Mercados;Normal;Direto;Regional Rio;445,6
2952;1001;SAO PAULO;NITEROI (RJ) - MACAE (RJ) (CNX SP);SP - NIT/CPS/MAC/FRIB/CBF;0;LEITO DD;DETRO/RJ;RODOVIARIO          ;0;8;2952;2;NITEROI (RJ) - MACAE (RJ) (CNX SP);0;Demais Mercados;Normal;Seccionado;Regional Rio;180,6
2954;1001;SAO PAULO;NITEROI (RJ) - SAO PAULO (SP);SP - NIT/CPS/MAC/FRIB/CBF;0;CAMA;ANTT;RODOVIARIO          ;0;8;RJSP0010022;2;NITEROI (RJ) - SAO PAULO (SP);0;Demais Mercados;Normal;Seccionado;Regional Rio;445,6
2956;1001;SAO PAULO;NITEROI (RJ) - CAMPOS (RJ);SP - NIT/CPS/MAC/FRIB/CBF;0;LEITO DD;DETRO/RJ;RODOVIARIO          ;0;8;2956;2;NITEROI (RJ) - CAMPOS (RJ);0;Demais Mercados;Normal;Seccionado;Regional Rio;265,1
2958;1001;SAO PAULO;NITEROI (RJ) - SAO PAULO (SP);SP - NIT/CPS/MAC/FRIB/CBF;0;CAMA;ANTT;RODOVIARIO          ;0;8;RJSP0010022;2;NITEROI (RJ) - SAO PAULO (SP);0;Demais Mercados;Normal;Seccionado;Regional Rio;445,6
2960;1001;SAO PAULO;DUQUE DE CAXIAS (RJ) - SAO PAULO (SP);SP - BAIXADA E CPO GRN;0;CAMA;ANTT;RODOVIARIO          ;0;8;7010551;2;DUQUE DE CAXIAS (RJ) - SAO PAULO (SP);0;Demais Mercados;Normal;Seccionado;Regional Rio;398,09
2963;1001;SAO PAULO;RIO DE JANEIRO (RJ) - OSASCO (SP);SAO PAULO - RIO DE JANEIRO;0;CAMA;ANTT;RODOVIARIO          ;0;8;RJSP0010014;2;RIO DE JANEIRO (RJ) - OSASCO (SP);0;Vedetes;Normal;Seccionado;Regional Rio;447,9
2965;1001;SAO PAULO;ITABORAI ( RJ) - SAO PAULO (SP);SP - NIT/CPS/MAC/FRIB/CBF;0;CAMA;ANTT;RODOVIARIO          ;0;8;RJSP0010033;2;ITABORAI ( RJ) - SAO PAULO (SP);0;Demais Mercados;Normal;Seccionado;Regional Rio;445,6
2971;1001;SAO PAULO;ITABORAI ( RJ) - SAO PAULO (SP);SP - NIT/CPS/MAC/FRIB/CBF;0;CAMA;ANTT;RODOVIARIO          ;0;8;RJSP0010033;2;ITABORAI ( RJ) - SAO PAULO (SP);0;Demais Mercados;Normal;Seccionado;Regional Rio;445,6
2998;1001;SAO PAULO;RIO DE JANEIRO (RJ) - OSASCO (SP);SAO PAULO - RIO DE JANEIRO;0;CAMA;ANTT;RODOVIARIO;0;8;RJSP0010014;2;RIO DE JANEIRO (RJ) - OSASCO (SP);0;Vedetes;Normal;Seccionado;Regional Rio;447,9
3002;CATARINENSE;JOINVILLE;JOINVILLE(SC) - SAO PAULO (SP);SP - LITORAL SC;0;CAMA;ANTT;RODOVIARIO;0;8;16020251;3;JOINVILLE(SC) - SAO PAULO (SP);0;Vedetes;Normal;Direto;Regional Sul;559,1
3026;CATARINENSE;FLORIANOPOLIS;FLORIANOPOLIS (SC) - CAMPINAS (SP);SP - LITORAL SC;0;CAMA;ANTT;RODOVIARIO          ;0;8;SCSP0001039;3;FLORIANOPOLIS (SC) - CAMPINAS (SP);0;Vedetes;Normal;Seccionado;Regional Sul;803,85
3034;CATARINENSE;BLUMENAU;BRUSQUE (SC) - SAO PAULO (SP);SP - INTERIOR SC ;0;CAMA;ANTT;RODOVIARIO          ;0;8;SCSP0001016;3;BRUSQUE (SC) - SAO PAULO (SP);0;Demais Mercados;Normal;Seccionado;Regional Sul;638,92
3044;CATARINENSE;FOZ DO IGUACU;FLORIANOPOLIS (SC) - FOZ DO IGUACU (PR);SC - FOZ;0;CAMA;ANTT;RODOVIARIO          ;0;8;SCPR0001051;3;FLORIANOPOLIS (SC) - FOZ DO IGUACU (PR);0;Demais Mercados;Normal;Seccionado;Regional Sul;970,4
3049;CATARINENSE;FOZ DO IGUACU;FLORIANOPOLIS (SC) - FOZ DO IGUACU (PR);SC - FOZ;0;CAMA;ANTT;RODOVIARIO          ;0;8;SCPR0001051;3;FLORIANOPOLIS (SC) - FOZ DO IGUACU (PR);0;Demais Mercados;Normal;Seccionado;Regional Sul;970,4
3063;CATARINENSE;FLORIANOPOLIS;FLORIANOPOLIS (SC) - SAO PAULO (SP);SP - LITORAL SC;0;LEITO DD;ANTT;RODOVIARIO          ;0;8;16009541;3;FLORIANOPOLIS (SC) - SAO PAULO (SP);0;Vedetes;Normal;Seccionado;Regional Sul;691,25
3071;CATARINENSE;FLORIANOPOLIS;FLORIANOPOLIS (SC) - SAO PAULO (SP);SP - LITORAL SC;0;CAMA;ANTT;RODOVIARIO          ;0;8;SCSP0001031;3;FLORIANOPOLIS (SC) - SAO PAULO (SP);0;Vedetes;Normal;Seccionado;Regional Sul;691,25
3079;CATARINENSE;FOZ DO IGUACU;FOZ DO IGUACU (PR) - SAO PAULO (SP) (VIA PONTA GROSSA);FOZ - SAO PAULO ;0;CAMA;ANTT;RODOVIARIO          ;0;8;PRSP0001037;3;FOZ DO IGUACU (PR) - SAO PAULO (SP) (VIA PONTA GROSSA);0;Demais Mercados;Normal;Seccionado;Regional Sul;670,01
3089;CATARINENSE;MARINGA;MARINGA (PR) - SAO PAULO (SP);SAO PAULO - MARINGA;0;CAMA;ANTT;RODOVIARIO          ;0;8;PRSP0001010;3;MARINGA (PR) - SAO PAULO (SP);0;Demais Mercados;Normal;Seccionado;Regional Sul;627,01
3146;CATARINENSE;CURITIBA;CURITIBA (PR) - FLORIANOPOLIS (SC);CURITIBA - LITORAL SC;0;CAMA;ANTT;RODOVIARIO          ;0;8;9000251;3;CURITIBA (PR) - FLORIANOPOLIS (SC);0;Vedetes;Normal;Seccionado;Regional Sul;302,7
3198;CATARINENSE;CURITIBA;CURITIBA (PR) - PORTO ALEGRE (RS);CURITIBA - PORTO ALEGRE;0;CAMA;ANTT;RODOVIARIO          ;0;8;PRRS0001034;3;CURITIBA (PR) - PORTO ALEGRE (RS);0;Demais Mercados;Normal;Seccionado;Regional Sul;749,55
3335;CATARINENSE;CURITIBA;CURITIBA (PR) - FLORIANOPOLIS (SC);CURITIBA - LITORAL SC;0;CAMA;ANTT;RODOVIARIO          ;0;8;9035751;3;CURITIBA (PR) - FLORIANOPOLIS (SC);0;Vedetes;Normal;Seccionado;Regional Sul;302,7
3358;CATARINENSE;FLORIANOPOLIS;ARARANGUA (SC) - SAO PAULO (SP);SP - LITORAL SC;0;CAMA;ANTT;RODOVIARIO          ;0;8;16001851;3;ARARANGUA (SC) - SAO PAULO (SP);0;Vedetes;Normal;Seccionado;Regional Sul;914,8
3376;CATARINENSE;BALNEARIO CAMBORIU;BALNEARIO CAMBORIU (SC) - SAO PAULO (SP);SP - LITORAL SC;0;CAMA;ANTT;RODOVIARIO          ;0;8;SCSP0001020;3;BALNEARIO CAMBORIU (SC) - SAO PAULO (SP);0;Vedetes;Normal;Seccionado;Regional Sul;614,25
3388;CATARINENSE;BLUMENAU;BRUSQUE (SC) - SAO PAULO (SP);SP - INTERIOR SC ;0;CAMA;ANTT;RODOVIARIO          ;0;8;SCSP0001016;3;BRUSQUE (SC) - SAO PAULO (SP);0;Demais Mercados;Normal;Seccionado;Regional Sul;667,7
3390;CATARINENSE;BLUMENAU;BRUSQUE (SC) - SAO PAULO (SP);SP - INTERIOR SC ;0;CAMA;ANTT;RODOVIARIO          ;0;8;SCSP0001016;3;BRUSQUE (SC) - SAO PAULO (SP);0;Demais Mercados;Normal;Seccionado;Regional Sul;667,7
3394;CATARINENSE;FLORIANOPOLIS;FLORIANOPOLIS (SC) - SAO PAULO (SP);SP - LITORAL SC;0;CAMA;ANTT;RODOVIARIO          ;0;8;SCSP0001021;3;FLORIANOPOLIS (SC) - SAO PAULO (SP);0;Demais Mercados;Normal;Seccionado;Regional Sul;691,25
3418;CATARINENSE;FLORIANOPOLIS;FLORIANOPOLIS (SC) - SAO PAULO (SP);SP - LITORAL SC;0;CAMA;ANTT;RODOVIARIO          ;0;8;SCSP0001021;3;FLORIANOPOLIS (SC) - SAO PAULO (SP);0;Vedetes;Normal;Seccionado;Regional Sul;691,25
3528;CATARINENSE;FLORIANOPOLIS;FLORIANOPOLIS (SC) - CAMPINAS (SP);SP - LITORAL SC;0;CAMA;ANTT;RODOVIARIO          ;0;8;16008951;3;FLORIANOPOLIS (SC) - CAMPINAS (SP);0;Vedetes;Normal;Seccionado;Regional Sul;767,15
3529;CATARINENSE;FOZ DO IGUACU;GUARAPUAVA (PR) - SAO PAULO (SP);FOZ - SAO PAULO;0;CAMA;ANTT;RODOVIARIO          ;0;8;9053151;3;GUARAPUAVA (PR) - SAO PAULO (SP);0;Demais Mercados;Normal;Seccionado;Regional Sul;716,21
3536;CATARINENSE;MARINGA;CAMPO MOURAO (PR) - APARECIDA (SP);SAO PAULO - MARINGA;0;CAMA;ANTT;RODOVIARIO          ;0;8;PRSP0001041;3;CAMPO MOURAO (PR) - APARECIDA (SP);0;Demais Mercados;Normal;Seccionado;Regional Sul;875,57
3550;CATARINENSE;MARINGA;MARINGA (PR) - SAO PAULO (SP);SAO PAULO - MARINGA;0;CAMA;ANTT;RODOVIARIO          ;0;8;PRSP0001010;3;MARINGA (PR) - SAO PAULO (SP);0;Demais Mercados;Normal;Seccionado;Regional Sul;627,01
3560;CATARINENSE;MARINGA;CAMPO MOURAO (PR) - APARECIDA (SP);SAO PAULO - MARINGA;0;CAMA;ANTT;RODOVIARIO          ;0;8;PRSP0001041;3;CAMPO MOURAO (PR) - APARECIDA (SP);0;Demais Mercados;Normal;Seccionado;Regional Sul;875,57
3568;CATARINENSE;FLORIANOPOLIS;ARARANGUA (SC) - CAMPINAS (SP);SP - LITORAL SC;0;CAMA;ANTT;RODOVIARIO          ;0;8;16007351;3;ARARANGUA (SC) - CAMPINAS (SP);0;Vedetes;Normal;Seccionado;Regional Sul;1017,15
3570;CATARINENSE;FLORIANOPOLIS;ARARANGUA (SC) - SAO PAULO (SP);SP - LITORAL SC;0;CAMA;ANTT;RODOVIARIO          ;0;8;16001851;3;ARARANGUA (SC) - SAO PAULO (SP);0;Vedetes;Normal;Seccionado;Regional Sul;915,8
3574;CATARINENSE;CURITIBA;CURITIBA (PR) - SANTA MARIA (RS);CURITIBA - SANTA MARIA ;0;CAMA;ANTT;RODOVIARIO;0;8;9945451;3;CURITIBA (PR) - SANTA MARIA (RS);0;Demais Mercados;Normal;Seccionado;Regional Sul;1051,56
3576;CATARINENSE;CURITIBA;BALNEARIO CAMBORIU (SC) - PORTO ALEGRE (RS);CURITIBA - PORTO ALEGRE;0;CAMA;ANTT;RODOVIARIO          ;0;8;10000151;3;BALNEARIO CAMBORIU (SC) - PORTO ALEGRE (RS);0;Demais Mercados;Normal;Seccionado;Regional Sul;536
3582;CATARINENSE;CURITIBA;BALNEARIO CAMBORIU (SC) - PORTO ALEGRE (RS);CURITIBA - LITORAL SC;0;CAMA;ANTT;RODOVIARIO          ;0;8;10000151;3;BALNEARIO CAMBORIU (SC) - PORTO ALEGRE (RS);0;Vedetes;Normal;Seccionado;Regional Sul;536
3587;CATARINENSE;CURITIBA;BALNEARIO CAMBORIU (SC) - SANTA MARIA (RS);CURITIBA - SANTA MARIA ;0;CAMA;ANTT;RODOVIARIO          ;0;8;16013551;3;BALNEARIO CAMBORIU (SC) - SANTA MARIA (RS);0;Demais Mercados;Normal;Seccionado;Regional Sul;934,5
3589;CATARINENSE;FLORIANOPOLIS;ARARANGUA (SC) - SAO PAULO (SP);SP - LITORAL SC;0;CAMA;ANTT;RODOVIARIO          ;0;8;16001851;3;ARARANGUA (SC) - SAO PAULO (SP);0;Vedetes;Normal;Seccionado;Regional Sul;915,8
3591;CATARINENSE;FLORIANOPOLIS;ARARANGUA (SC) - SAO PAULO (SP);SP - LITORAL SC;0;CAMA;ANTT;RODOVIARIO          ;0;8;16007151;3;ARARANGUA (SC) - SAO PAULO (SP);0;Vedetes;Normal;Seccionado;Regional Sul;911,85
3593;CATARINENSE;FLORIANOPOLIS;ARARANGUA (SC) - SAO PAULO (SP);SP - LITORAL SC;0;CAMA;ANTT;RODOVIARIO          ;0;8;16007251;3;ARARANGUA (SC) - SAO PAULO (SP);0;Vedetes;Normal;Seccionado;Regional Sul;960,45
3599;CATARINENSE;FOZ DO IGUACU;GUARAPUAVA (PR) - SAO PAULO (SP);FOZ - SAO PAULO ;0;CAMA;ANTT;RODOVIARIO          ;0;8;9033351;3;GUARAPUAVA (PR) - SAO PAULO (SP);0;Demais Mercados;Normal;Seccionado;Regional Sul;716,21
3601;CATARINENSE;FLORIANOPOLIS;ARARANGUA (SC) - CAMPINAS (SP);SP - LITORAL SC;0;CAMA;ANTT;RODOVIARIO          ;0;8;SCSP0001043;3;ARARANGUA (SC) - CAMPINAS (SP);0;Vedetes;Normal;Seccionado;Regional Sul;1016,15
3603;CATARINENSE;FLORIANOPOLIS;ARARANGUA (SC) - SAO PAULO (SP);SP - LITORAL SC;0;CAMA;ANTT;RODOVIARIO          ;0;8;16001851;3;ARARANGUA (SC) - SAO PAULO (SP);0;Vedetes;Normal;Seccionado;Regional Sul;914,8
3605;CATARINENSE;FLORIANOPOLIS;ARARANGUA (SC) - SAO PAULO (SP);SP - LITORAL SC;0;CAMA;ANTT;RODOVIARIO          ;0;8;SCSP0001038;3;ARARANGUA (SC) - SAO PAULO (SP);0;Vedetes;Normal;Seccionado;Regional Sul;910,85
3611;CATARINENSE;FOZ DO IGUACU;SAO PAULO (SP) - FOZ DO IGUACU (PR);FOZ - SAO PAULO ;0;CAMA;ANTT;RODOVIARIO          ;0;8;8019451;3;SAO PAULO (SP) - FOZ DO IGUACU (PR);0;Demais Mercados;Normal;Seccionado;Regional Sul;1006,05
3621;CATARINENSE;FLORIANOPOLIS;ARARANGUA (SC) - SAO PAULO (SP);SP - LITORAL SC;0;CAMA;ANTT;RODOVIARIO          ;0;8;SCSP0001042;3;ARARANGUA (SC) - SAO PAULO (SP);0;Vedetes;Normal;Seccionado;Regional Sul;959,45
3623;CATARINENSE;FLORIANOPOLIS;ARARANGUA (SC) - SAO PAULO (SP);SP - LITORAL SC;0;CAMA;ANTT;RODOVIARIO;0;8;16001851;3;ARARANGUA (SC) - SAO PAULO (SP);0;Vedetes;Normal;Seccionado;Regional Sul;914,8
3625;CATARINENSE;CURITIBA;BALNEARIO CAMBORIU (SC) - SANTA MARIA (RS);CURITIBA - SANTA MARIA ;0;CAMA;ANTT;RODOVIARIO          ;0;8;16013551;3;BALNEARIO CAMBORIU (SC) - SANTA MARIA (RS);0;Demais Mercados;Normal;Seccionado;Regional Sul;836,64
3656;CATARINENSE;CURITIBA;CURITIBA (PR) - PORTO ALEGRE (RS);CURITIBA - PORTO ALEGRE;0;CAMA;ANTT;RODOVIARIO          ;0;8;9021851;3;CURITIBA (PR) - PORTO ALEGRE (RS);0;Demais Mercados;Normal;Seccionado;Regional Sul;749,55
3668;CATARINENSE;CURITIBA;CURITIBA (PR) - PORTO ALEGRE (RS);CURITIBA - PORTO ALEGRE;0;CAMA;ANTT;RODOVIARIO          ;0;8;PRRS0001034;3;CURITIBA (PR) - PORTO ALEGRE (RS);0;Demais Mercados;Normal;Seccionado;Regional Sul;749,55
3677;CATARINENSE;RIO DO SUL;RIO DO SUL (SC) - SAO PAULO (SP);SP - INTERIOR SC;0;CAMA;ANTT;RODOVIARIO          ;0;8;SCSP0001017;3;RIO DO SUL (SC) - SAO PAULO (SP);0;Demais Mercados;Normal;Seccionado;Regional Sul;720,2
3679;CATARINENSE;RIO DO SUL;RIO DO SUL (SC) - SAO PAULO (SP);SP - INTERIOR SC;0;CAMA;ANTT;RODOVIARIO          ;0;8;SCSP0001017;3;RIO DO SUL (SC) - SAO PAULO (SP);0;Demais Mercados;Normal;Seccionado;Regional Sul;720,2
3693;CATARINENSE;FOZ DO IGUACU;FOZ DO IGUACU (PR) - SAO PAULO (SP) (VIA PONTA GROSSA);FOZ - SAO PAULO ;0;CAMA;ANTT;RODOVIARIO          ;0;8;PRSP0001037;3;FOZ DO IGUACU (PR) - SAO PAULO (SP) (VIA PONTA GROSSA);0;Demais Mercados;Normal;Seccionado;Regional Sul;1047,91
3754;CATARINENSE;CURITIBA;CURITIBA (PR) - PORTO ALEGRE (RS);CURITIBA - PORTO ALEGRE;0;CAMA;ANTT;RODOVIARIO          ;0;8;PRRS0001034;3;CURITIBA (PR) - PORTO ALEGRE (RS);0;Demais Mercados;Normal;Seccionado;Regional Sul;749,56
3756;CATARINENSE;CURITIBA;CURITIBA (PR) - FLORIANOPOLIS (SC);CURITIBA - LITORAL SC;0;CAMA - VAI DIRETO;ANTT;RODOVIARIO          ;0;8;9037851;3;CURITIBA (PR) - FLORIANOPOLIS (SC);0;Vedetes;Normal;Direto;Regional Sul;297,15
3769;CATARINENSE;CURITIBA;CURITIBA (PR) - FLORIANOPOLIS (SC) (VAI DIRETO);CURITIBA - LITORAL SC;0;CAMA - VAI DIRETO;ANTT;RODOVIARIO          ;0;8;PRSC0001057;3;CURITIBA (PR) - FLORIANOPOLIS (SC) (VAI DIRETO);0;Vedetes;Normal;Direto;Regional Sul;297,15
3955;CATARINENSE;CURITIBA;CURITIBA (PR) - SANTA MARIA (RS);CURITIBA - SANTA MARIA ;0;CAMA;ANTT;RODOVIARIO          ;0;8;9039751;3;CURITIBA (PR) - SANTA MARIA (RS);0;Demais Mercados;Normal;Seccionado;Regional Sul;1045,14
3957;CATARINENSE;CURITIBA;CURITIBA (PR) - SANTA MARIA (RS);CURITIBA - SANTA MARIA ;0;CAMA;ANTT;RODOVIARIO          ;0;8;9039751;3;CURITIBA (PR) - SANTA MARIA (RS);0;Demais Mercados;Normal;Seccionado;Regional Sul;1104,03
3961;CATARINENSE;CURITIBA;BALNEARIO CAMBORIU (SC) - SANTA MARIA (RS);CURITIBA - SANTA MARIA ;0;CAMA;ANTT;RODOVIARIO          ;0;8;16013551;3;BALNEARIO CAMBORIU (SC) - SANTA MARIA (RS);0;Demais Mercados;Normal;Seccionado;Regional Sul;792,44
4242;EXPRESSO;EXPRESSO DO SUL;SAO PAULO (SP) - RIO DE JANEIRO (RJ);SAO PAULO - RIO DE JANEIRO;0;CAMA;ANTT;RODOVIARIO          ;0;8;SPRJ0036008;4;SAO PAULO (SP) - RIO DE JANEIRO (RJ);0;Vedetes;Normal;Direto;Regional SP - ANTT;433,8
4829;EXPRESSO;EXPRESSO DO SUL;SAO PAULO (SP) - RIO DE JANEIRO (RJ);SAO PAULO - RIO DE JANEIRO;0;CAMA;ANTT;RODOVIARIO          ;0;8;SPRJ0036008;4;SAO PAULO (SP) - RIO DE JANEIRO (RJ);0;Vedetes;Normal;Direto;Regional SP - ANTT;433,8
4831;EXPRESSO;EXPRESSO DO SUL;EMBU DAS ARTES (SP) - RIO DE JANEIRO (RJ);SAO PAULO - RIO DE JANEIRO;0;CAMA;ANTT;RODOVIARIO          ;0;8;SPRJ0036004;4;EMBU DAS ARTES (SP) - RIO DE JANEIRO (RJ);0;Vedetes;Normal;Direto;Regional SP - ANTT;433,8
7200;COMETA;CURITIBA;SAO PAULO (CNX) (SP) - CAMPINAS (SP);SAO PAULO - CURITIBA;0;CONVENCIONAL;ARTESP;RODOVIARIO          ;0;8;9413A-1;7;SAO PAULO (CNX) (SP) - CAMPINAS (SP);0;Vedetes;Normal;Seccionado;Regional SP - ANTT;104
7249;COMETA;BELO HORIZONTE;BELO HORIZONTE (MG) - RIO DE JANEIRO (RJ);BELO HORIZONTE - RIO DE JANEIRO;0;CAMA;ANTT;RODOVIARIO          ;0;8;MGRJ0041052;7;BELO HORIZONTE (MG) - RIO DE JANEIRO (RJ);0;Vedetes;Normal;Seccionado;Regional SP - ANTT;442,3
7259;COMETA;BELO HORIZONTE;SAO PAULO (SP) - BELO HORIZONTE (MG);SAO PAULO - BELO HORIZONTE;0;CAMA;ANTT;RODOVIARIO          ;0;8;SPMG0041058;7;SAO PAULO (SP) - BELO HORIZONTE (MG);0;Vedetes;Normal;Seccionado;Regional SP - ANTT;595,1
7260;COMETA;SAO JOSE DO RIO PRETO;SAO PAULO (SP) SAO JOSE DO RIO PRETO (SP);SAO PAULO - SAO JOSE DO RIO PRETO;0;CAMA;ARTESP;RODOVIARIO          ;0;8;1,38E+02;7;SAO PAULO (SP) SAO JOSE DO RIO PRETO (SP);0;Vedetes;Normal;Seccionado;Regional SP - Interior;435
7264;COMETA;BELO HORIZONTE;SAO PAULO (SP) - BELO HORIZONTE (MG);SAO PAULO - BELO HORIZONTE;0;CAMA;ANTT;RODOVIARIO          ;0;8;SPMG0041058;7;SAO PAULO (SP) - BELO HORIZONTE (MG);0;Vedetes;Normal;Seccionado;Regional SP - ANTT;595,1
7274;COMETA;CURITIBA;SAO PAULO (SP) - CURITIBA (PR);SAO PAULO - CURITIBA;0;CAMA;ANTT;RODOVIARIO          ;0;8;SPPR0041050;7;SAO PAULO (SP) - CURITIBA (PR);0;Vedetes;Normal;Seccionado;Regional SP - ANTT;431,1
7283;WEMOBI;WEMOBI;SAO PAULO (SP) - BELO HORIZONTE (MG);WEMOBI;0;COMFORT PLUS SEMI LEITO;ANTT;RODOVIARIO          ;0;8;8005631;7;SAO PAULO (SP) - BELO HORIZONTE (MG);0;Vedetes;Normal;Seccionado;WEMOBI;595,1
7291;COMETA;JUIZ DE FORA;JUIZ DE FORA (MG) - SAO PAULO (SP);SAO PAULO - SUL DE MINAS;0;CAMA;ANTT;RODOVIARIO          ;0;8;6031651;7;JUIZ DE FORA (MG) - SAO PAULO (SP);0;Demais Mercados;Normal;Seccionado;Regional SP - ANTT;495,6
7297;COMETA;VOLTA REDONDA;VOLTA REDONDA (RJ) - SAO PAULO (SP);SAO PAULO - VALE DO PARAIBA;0;CAMA;ANTT;RODOVIARIO          ;0;8;RJSP0041011;7;VOLTA REDONDA (RJ) - SAO PAULO (SP);0;Demais Mercados;Normal;Seccionado;Regional SP - ANTT;316,9
7374;COMETA;BELO HORIZONTE;BELO HORIZONTE (MG) - RIO DE JANEIRO (RJ);BELO HORIZONTE - RIO DE JANEIRO;0;CAMA;ANTT;RODOVIARIO          ;0;8;MGRJ0041052;7;BELO HORIZONTE (MG) - RIO DE JANEIRO (RJ);0;Vedetes;Normal;Seccionado;Regional SP - ANTT;442,3
7376;COMETA;BELO HORIZONTE;SANTOS (SP) - BELO HORIZONTE (MG);SAO PAULO - BELO HORIZONTE;0;CAMA;ANTT;RODOVIARIO          ;0;8;8004951;7;SANTOS (SP) - BELO HORIZONTE (MG);0;Vedetes;Normal;Seccionado;Regional SP - ANTT;677,1
7378;COMETA;BELO HORIZONTE;SANTOS (SP) - BELO HORIZONTE (MG);SAO PAULO - BELO HORIZONTE;0;CAMA;ANTT;RODOVIARIO          ;0;8;8004951;7;SANTOS (SP) - BELO HORIZONTE (MG);0;Vedetes;Normal;Seccionado;Regional SP - ANTT;677,1
7380;COMETA;VOLTA REDONDA;VOLTA REDONDA (RJ) - SAO PAULO (SP);SAO PAULO - VALE DO PARAIBA ;0;CAMA;ANTT;RODOVIARIO          ;0;8;RJSP0041011;7;VOLTA REDONDA (RJ) - SAO PAULO (SP);0;Demais Mercados;Normal;Seccionado;Regional SP - ANTT;316,9
7382;COMETA;BELO HORIZONTE;BELO HORIZONTE (MG) - RIO DE JANEIRO (RJ);BELO HORIZONTE - RIO DE JANEIRO;0;CAMA;ANTT;RODOVIARIO          ;0;8;MGRJ0041052;7;BELO HORIZONTE (MG) - RIO DE JANEIRO (RJ);0;Vedetes;Normal;Seccionado;Regional SP - ANTT;442,3
7388;COMETA;BELO HORIZONTE;SAO PAULO (SP) - BELO HORIZONTE (MG);SAO PAULO - BELO HORIZONTE ;0;CAMA;ANTT;RODOVIARIO          ;0;8;8005651;7;SAO PAULO (SP) - BELO HORIZONTE (MG);0;Vedetes;Normal;Seccionado;Regional SP - ANTT;595,1
7391;COMETA;CURITIBA;SAO PAULO (SP) - CURITIBA (PR);SAO PAULO - CURITIBA;0;CAMA;ANTT;RODOVIARIO          ;0;8;SPPR0041050;7;SAO PAULO (SP) - CURITIBA (PR);0;Vedetes;Normal;Seccionado;Regional SP - ANTT;420
7419;COMETA;RIBEIRAO PRETO;ABC (SP) - RIBEIRAO PRETO (SP);SAO PAULO - RIBEIRAO PRETO;0;LEITO DD;ARTESP;RODOVIARIO          ;0;8;6376A-2;7;ABC (SP) - RIBEIRAO PRETO (SP);0;Vedetes;Normal;Seccionado;Regional SP - Interior;319
7440;COMETA;JUIZ DE FORA;JUIZ DE FORA (MG) - SAO PAULO (SP);SAO PAULO - SUL DE MINAS;0;CAMA;ANTT;RODOVIARIO          ;0;8;6031651;7;JUIZ DE FORA (MG) - SAO PAULO (SP);0;Demais Mercados;Normal;Seccionado;Regional SP - ANTT;495,6
7441;COMETA;RIBEIRAO PRETO;SAO PAULO (SP) - RIBEIRAO PRETO (SP);SAO PAULO - RIBEIRAO PRETO;0;CAMA;ARTESP;RODOVIARIO          ;0;8;6376A-1;7;SAO PAULO (SP) - RIBEIRAO PRETO (SP);0;Vedetes;Normal;Seccionado;Regional SP - Interior;319
7455;COMETA;BELO HORIZONTE;BETIM (MG) - RIO DE JANEIRO (RJ);BELO HORIZONTE - RIO DE JANEIRO;0;CAMA;ANTT;RODOVIARIO          ;0;8;MGRJ0041041;7;BETIM (MG) - RIO DE JANEIRO (RJ);0;Vedetes;Normal;Seccionado;Regional SP - ANTT;442,3
7476;COMETA;VOLTA REDONDA;VOLTA REDONDA (RJ) - SAO PAULO (SP);SAO PAULO - VALE DO PARAIBA;0;LEITO GTV;ANTT;RODOVIARIO          ;0;8;7007441;7;VOLTA REDONDA (RJ) - SAO PAULO (SP);0;Demais Mercados;Normal;Seccionado;Regional SP - ANTT;316,9
7484;COMETA;CURITIBA;SAO PAULO (SP) - CURITIBA (PR);SAO PAULO - CURITIBA;0;CAMA;ANTT;RODOVIARIO          ;0;8;8006251;7;SAO PAULO (SP) - CURITIBA (PR);0;Vedetes;Normal;Seccionado;Regional SP - ANTT;431,1
7526;COMETA;BELO HORIZONTE;SANTOS (SP) - BELO HORIZONTE (MG);SAO PAULO - BELO HORIZONTE;0;CAMA;ANTT;RODOVIARIO          ;0;8;SPMG0041053;7;SANTOS (SP) - BELO HORIZONTE (MG);0;Vedetes;Normal;Seccionado;Regional SP - ANTT;677,1
7529;COMETA;BELO HORIZONTE;SANTOS (SP) - BELO HORIZONTE (MG);SAO PAULO - BELO HORIZONTE;0;CAMA;ANTT;RODOVIARIO          ;0;8;SPMG0041053;7;SANTOS (SP) - BELO HORIZONTE (MG);0;Vedetes;Normal;Seccionado;Regional SP - ANTT;677,1
7542;COMETA;BELO HORIZONTE;EMBU DAS ARTES (SP) - BELO HORIZONTE (MG);SAO PAULO - BELO HORIZONTE;0;CAMA;ANTT;RODOVIARIO          ;0;8;SPMG0041043;7;EMBU DAS ARTES (SP) - BELO HORIZONTE (MG);0;Vedetes;Normal;Seccionado;Regional SP - ANTT;595,1
7545;COMETA;BELO HORIZONTE;CAMPINAS (SP) - BELO HORIZONTE (MG) (VIA CONTAGEM);SAO PAULO - BELO HORIZONTE;0;CAMA;ANTT;RODOVIARIO;0;8;8020751;7;CAMPINAS (SP) - BELO HORIZONTE (MG) (VIA CONTAGEM);0;Vedetes;Normal;Seccionado;Regional SP - ANTT;521,7
7567;COMETA;BELO HORIZONTE;CAMPINAS (SP) - BELO HORIZONTE (MG) (VIA CONTAGEM);SAO PAULO - BELO HORIZONTE;0;CAMA;ANTT;RODOVIARIO;0;8;8020751;7;CAMPINAS (SP) - BELO HORIZONTE (MG) (VIA CONTAGEM);0;Vedetes;Normal;Seccionado;Regional SP - ANTT;521,7
7604;COMETA;BELO HORIZONTE;SAO PAULO (SP) - BELO HORIZONTE (MG) VIA CAMPINAS;SAO PAULO - BELO HORIZONTE;0;CAMA;ANTT;RODOVIARIO          ;0;8;8005751;7;SAO PAULO (SP) - BELO HORIZONTE (MG) VIA CAMPINAS;0;Vedetes;Normal;Seccionado;Regional SP - ANTT;689
7605;COMETA;JUIZ DE FORA;SAO PAULO (SP) - JUIZ DE FORA (MG);SAO PAULO - SUL DE MINAS;0;CAMA;ANTT;RODOVIARIO          ;0;8;8006351;7;SAO PAULO (SP) - JUIZ DE FORA (MG);0;Demais Mercados;Normal;Seccionado;Regional SP - ANTT;513,7
7619;COMETA;BELO HORIZONTE;BELO HORIZONTE (MG) - CURITIBA (PR);SAO PAULO - BELO HORIZONTE;0;CAMA;ANTT;RODOVIARIO          ;0;8;MGPR0041003;7;BELO HORIZONTE (MG) - CURITIBA (PR);0;Vedetes;Normal;Seccionado;Regional SP - ANTT;1015,96
7621;COMETA;BELO HORIZONTE;BELO HORIZONTE (MG) - CURITIBA (PR);SAO PAULO - BELO HORIZONTE;0;CAMA;ANTT;RODOVIARIO          ;0;8;MGPR0041003;7;BELO HORIZONTE (MG) - CURITIBA (PR);0;Vedetes;Normal;Seccionado;Regional SP - ANTT;1015,96
7638;COMETA;VOLTA REDONDA;VOLTA REDONDA (RJ) - SAO PAULO (SP) (VAI DIRETO);SAO PAULO - VALE DO PARAIBA;0;CAMA - VAI DIRETO;ANTT;RODOVIARIO          ;0;8;RJSP0041011;7;VOLTA REDONDA (RJ) - SAO PAULO (SP) (VAI DIRETO);0;Demais Mercados;Normal;Seccionado;Regional SP - ANTT;316,9
7651;COMETA;ARARAQUARA;SAO PAULO (SP) - ARARAQUARA (SP);SAO PAULO - ARARAQUARA;0;EXEC. DD;ARTESP;RODOVIARIO          ;0;8;6858A-1;7;SAO PAULO (SP) - ARARAQUARA (SP);0;Vedetes;Normal;Seccionado;Regional SP - Interior;278
7655;COMETA;BELO HORIZONTE;SOROCABA (SP) - BELO HORIZONTE (MG) (VIA CAMPINAS);SAO PAULO - BELO HORIZONTE;0;CAMA;ANTT;RODOVIARIO          ;0;8;SPMG0041021;7;SOROCABA (SP) - BELO HORIZONTE (MG) (VIA CAMPINAS);0;Vedetes;Normal;Seccionado;Regional SP - ANTT;624,1
7657;COMETA;JUIZ DE FORA;JUIZ DE FORA (MG) - OSASCO (SP);SAO PAULO - SUL DE MINAS;0;CAMA;ANTT;RODOVIARIO          ;0;8;MGSP0041055;7;JUIZ DE FORA (MG) - OSASCO (SP);0;Demais Mercados;Normal;Seccionado;Regional SP - ANTT;491,19
7671;COMETA;BELO HORIZONTE;SAO PAULO (SP) - BELO HORIZONTE (MG);SAO PAULO - BELO HORIZONTE;0;CAMA;ANTT;RODOVIARIO          ;0;8;SPMG0041058;7;SAO PAULO (SP) - BELO HORIZONTE (MG);0;Vedetes;Normal;Seccionado;Regional SP - ANTT;595,1
7693;COMETA;BELO HORIZONTE;SOROCABA (SP) - BELO HORIZONTE (MG) VIA CAMPINAS;SAO PAULO - BELO HORIZONTE;0;CAMA;ANTT;RODOVIARIO          ;0;8;SPMG0041021;7;SOROCABA (SP) - BELO HORIZONTE (MG) VIA CAMPINAS;0;Vedetes;Normal;Seccionado;Regional SP - ANTT;624,1
7694;COMETA;BELO HORIZONTE;SOROCABA (SP) - BELO HORIZONTE (MG) VIA CAMPINAS;SAO PAULO - BELO HORIZONTE;0;CAMA;ANTT;RODOVIARIO          ;0;8;SPMG0041021;7;SOROCABA (SP) - BELO HORIZONTE (MG) VIA CAMPINAS;0;Vedetes;Normal;Seccionado;Regional SP - ANTT;624,1
7695;COMETA;CAMPINAS;CAMPINAS (SP) - RIO DE JANEIRO (RJ);INTERIOR SP MG - RIO DE JANEIRO;0;CAMA;ANTT;RODOVIARIO          ;0;8;SPRJ0041037;7;CAMPINAS (SP) - RIO DE JANEIRO (RJ);0;Demais Mercados;Normal;Seccionado;Regional SP - ANTT;503,7
7696;COMETA;CAMPINAS;CAMPINAS (SP) - RIO DE JANEIRO (RJ);INTERIOR SP MG - RIO DE JANEIRO;0;CAMA;ANTT;RODOVIARIO          ;0;8;8004451;7;CAMPINAS (SP) - RIO DE JANEIRO (RJ);0;Demais Mercados;Normal;Seccionado;Regional SP - ANTT;503,7
7707;COMETA;VOLTA REDONDA;VOLTA REDONDA (RJ) - DIADEMA (SP);SAO PAULO - VALE DO PARAIBA;0;CAMA;ANTT;RODOVIARIO          ;0;8;RJSP0041032;7;VOLTA REDONDA (RJ) - DIADEMA (SP);0;Demais Mercados;Normal;Seccionado;Regional SP - ANTT;329,16
7709;COMETA;VOLTA REDONDA;VOLTA REDONDA (RJ) - DIADEMA (SP);SAO PAULO - VALE DO PARAIBA;0;CAMA;ANTT;RODOVIARIO          ;0;8;RJSP0041032;7;VOLTA REDONDA (RJ) - DIADEMA (SP);0;Demais Mercados;Normal;Seccionado;Regional SP - ANTT;329,16
7723;COMETA;BELO HORIZONTE;BELO HORIZONTE (MG) - SOROCABA (SP);SAO PAULO - BELO HORIZONTE;0;EXEC. DD;ANTT;RODOVIARIO          ;0;8;6030960;7;BELO HORIZONTE (MG) - SOROCABA (SP);0;Vedetes;Normal;Seccionado;Regional SP - ANTT;680,9
7725;COMETA;BELO HORIZONTE;BELO HORIZONTE (MG) - CURITIBA (PR);SAO PAULO - BELO HORIZONTE;0;CAMA;ANTT;RODOVIARIO          ;0;8;MGPR0041003;7;BELO HORIZONTE (MG) - CURITIBA (PR);0;Vedetes;Normal;Seccionado;Regional SP - ANTT;985
7726;COMETA;BELO HORIZONTE;SOROCABA (SP) - BELO HORIZONTE (MG);SAO PAULO - BELO HORIZONTE;0;CAMA;ANTT;RODOVIARIO          ;0;8;8006951;7;SOROCABA (SP) - BELO HORIZONTE (MG);0;Vedetes;Normal;Seccionado;Regional SP - ANTT;684,7
7754;COMETA;JUIZ DE FORA;SAO PAULO (SP) - JUIZ DE FORA (MG);SAO PAULO - SUL DE MINAS;0;CAMA;ANTT;RODOVIARIO          ;0;8;SPMG0041023;7;SAO PAULO (SP) - JUIZ DE FORA (MG);0;Demais Mercados;Normal;Seccionado;Regional SP - ANTT;513,71
7805;COMETA;JUIZ DE FORA;JUIZ DE FORA (MG) - SAO PAULO (SP);SAO PAULO - SUL DE MINAS;0;CAMA;ANTT;RODOVIARIO          ;0;8;6041651;7;JUIZ DE FORA (MG) - SAO PAULO (SP);0;Demais Mercados;Normal;Seccionado;Regional SP - ANTT;471,89
7823;COMETA;BELO HORIZONTE;BELO HORIZONTE (MG) - SOROCABA (SP);SAO PAULO - BELO HORIZONTE;0;CAMA;ANTT;RODOVIARIO          ;0;8;6030951;7;BELO HORIZONTE (MG) - SOROCABA (SP);0;Vedetes;Normal;Seccionado;Regional SP - ANTT;680,9
7832;COMETA;CAMPINAS;PIRACICABA (SP) - RIO DE JANEIRO (RJ);INTERIOR SP MG - RIO DE JANEIRO;0;CAMA;ANTT;RODOVIARIO          ;0;8;SPRJ0041012;7;PIRACICABA (SP) - RIO DE JANEIRO (RJ);0;Demais Mercados;Normal;Seccionado;Regional SP - ANTT;558,9
7834;COMETA;CAMPINAS;PIRACICABA (SP) - RIO DE JANEIRO (RJ);INTERIOR SP MG - RIO DE JANEIRO;0;CAMA;ANTT;RODOVIARIO          ;0;8;SPRJ0041012;7;PIRACICABA (SP) - RIO DE JANEIRO (RJ);0;Demais Mercados;Normal;Seccionado;Regional SP - ANTT;558,9
7835;COMETA;CURITIBA;SAO PAULO (SP) - CURITIBA (PR);SAO PAULO - CURITIBA;0;CAMA;ANTT;RODOVIARIO          ;0;8;8006251;7;SAO PAULO (SP) - CURITIBA (PR);0;Vedetes;Normal;Seccionado;Regional SP - ANTT;431,1
7396;COMETA;BELO HORIZONTE;SANTOS (SP) - BELO HORIZONTE (MG);SAO PAULO - BELO HORIZONTE;0;CAMA;ANTT;RODOVIARIO          ;0;8;SPMG0041053;7;SANTOS (SP) - BELO HORIZONTE (MG);0;Vedetes;Normal;Seccionado;Regional SP - ANTT;677,11
3108;CATARINENSE;FLORIANOPOLIS;ARARANGUA (SC) - SAO PAULO (SP);SP - LITORAL SC;0;CAMA;ANTT;RODOVIARIO          ;0;8;SCSP0001030;3;ARARANGUA (SC) - SAO PAULO (SP);0;Vedetes;Normal;Seccionado;Regional Sul;903,23
30004;CATARINENSE;SÃO PAULO;RIO DE JANEIRO (RJ) - SAO PAULO (SP);SOROCABA - RIO ;0;LEITO DD;ANTT;RODOVIARIO          ;0;9;RJSP0001061;3;RIO DE JANEIRO (RJ) - SAO PAULO (SP);0;;;;Regional Sul;412
30014;CATARINENSE;CURITIBA;CURITIBA (PR) - FLORIANOPOLIS (SC);CURITIBA - LITORAL SC ;0;CAMA;ANTT;RODOVIARIO          ;0;8;PRSC0001057;3;CURITIBA (PR) - FLORIANOPOLIS (SC);0;;;;Regional Sul;302,71
30025;CATARINENSE;FLORIANOPOLIS;FLORIANOPOLIS (SC) - SAO PAULO (SP);SP - LITORAL SC;0;CAMA;ANTT;RODOVIARIO          ;0;8;SCSP0001021;3;FLORIANOPOLIS (SC) - SAO PAULO (SP);0;;;;Regional Sul;691,25
30016;CATARINENSE;CURITIBA;CURITIBA (PR) - FLORIANOPOLIS (SC);CURITIBA - LITORAL SC ;0;CAMA;ANTT;RODOVIARIO          ;0;8;PRSC0001057;3;CURITIBA (PR) - FLORIANOPOLIS (SC);0;;;;Regional Sul;302,71
30027;CATARINENSE;CURITIBA;BALNEARIO CAMBORIU (SC) - SAO LEOPOLDO (RS) VIA POA;CURITIBA - SANTA MARIA;0;CAMA;ANTT;RODOVIARIO          ;0;8;SCRS0001023;3;BALNEARIO CAMBORIU (SC) - SAO LEOPOLDO (RS) VIA POA;0;;;;Regional Sul;541,13
30035;CATARINENSE;SÃO PAULO;RIO DE JANEIRO (RJ) - SAO PAULO (SP);SAO PAULO - RIO DE JANEIRO;0;CAMA;ANTT;RODOVIARIO;0;8;RJSP0001006;3;RIO DE JANEIRO (RJ) - SAO PAULO (SP);0;;;;Regional Sul;396,59
20005;1001;SAO PAULO;NITEROI (RJ) - SAO BERNARDO DO CAMPO (SP);SP - NIT/CPS/MAC/FRIB/CBF;0;CAMA;ANTT;RODOVIARIO          ;0;8;RJSP0010023;2;NITEROI (RJ) - SAO BERNARDO DO CAMPO (SP);0;;;;Regional Rio;470,9
20007;1001;SAO PAULO;NITEROI (RJ) - SAO BERNARDO DO CAMPO (SP);SP - NIT/CPS/MAC/FRIB/CBF;0;CAMA;ANTT;RODOVIARIO          ;0;8;RJSP0010023;2;NITEROI (RJ) - SAO BERNARDO DO CAMPO (SP);0;;;;Regional Rio;470,9
20009;1001;SAO PAULO;NITEROI (RJ) - SAO BERNARDO DO CAMPO (SP);SP - NIT/CPS/MAC/FRIB/CBF;0;CAMA;ANTT;RODOVIARIO          ;0;8;RJSP0010023;2;NITEROI (RJ) - SAO BERNARDO DO CAMPO (SP);0;;;;Regional Rio;470,9
30037;CATARINENSE;FLORIANOPOLIS;FLORIANOPOLIS (SC) - CAMPINAS (SP);SP - LITORAL SC;0;CAMA;ANTT;RODOVIARIO          ;0;8;SCSP0001039;3;FLORIANOPOLIS (SC) - CAMPINAS (SP);0;;;;Regional Sul;803,85
30039;CATARINENSE;FLORIANOPOLIS;FLORIANOPOLIS (SC) - SAO PAULO (SP);SP - LITORAL SC;0;CAMA;ANTT;RODOVIARIO          ;0;8;SCSP0001031;3;FLORIANOPOLIS (SC) - SAO PAULO (SP);0;;;;Regional Sul;691,26
30041;CATARINENSE;BALNEARIO CAMBORIU;CURITIBA (PR) - BALNEARIO CAMBORIU (SC);CURITIBA - LITORAL SC;0;CAMA;ANTT;RODOVIARIO          ;0;8;PRSC0001014;3;CURITIBA (PR) - BALNEARIO CAMBORIU (SC);0;;;;Regional Sul;224,71
30043;CATARINENSE;BALNEARIO CAMBORIU;CURITIBA (PR) - BALNEARIO CAMBORIU (SC);CURITIBA - LITORAL SC;0;CAMA;ANTT;RODOVIARIO          ;0;8;PRSC0001014;3;CURITIBA (PR) - BALNEARIO CAMBORIU (SC);0;;;;Regional Sul;224,71
30045;CATARINENSE;CURITIBA;CURITIBA (PR) - FLORIANOPOLIS (SC);CURITIBA - LITORAL SC;0;CAMA;ANTT;RODOVIARIO          ;0;8;PRSC0001015;3;CURITIBA (PR) - FLORIANOPOLIS (SC);0;;;;Regional Sul;287,15
30047;CATARINENSE;CURITIBA;CURITIBA (PR) - FLORIANOPOLIS (SC);CURITIBA - LITORAL SC;0;CAMA;ANTT;RODOVIARIO          ;0;8;PRSC0001015;3;CURITIBA (PR) - FLORIANOPOLIS (SC);0;;;;Regional Sul;287,15
30049;CATARINENSE;CURITIBA;CURITIBA (PR) - FLORIANOPOLIS (SC);CURITIBA - LITORAL SC;0;CAMA;ANTT;RODOVIARIO          ;0;8;PRSC0001015;3;CURITIBA (PR) - FLORIANOPOLIS (SC);0;;;;Regional Sul;287,15
30051;CATARINENSE;CURITIBA;CURITIBA (PR) - FLORIANOPOLIS (SC);CURITIBA - LITORAL SC;0;CAMA;ANTT;RODOVIARIO          ;0;8;PRSC0001057;3;CURITIBA (PR) - FLORIANOPOLIS (SC);0;;;;Regional Sul;302,71
70053;COMETA;SAO JOSE DO RIO PRETO;SAO PAULO (SP) - SAO JOSE DO RIO PRETO (SP);SAO PAULO - SAO JOSE DO RIO PRETO;0;CAMA;ARTESP;RODOVIARIO          ;0;8;1384L-2;7;SAO PAULO (SP) - SAO JOSE DO RIO PRETO (SP);0;;;;Regional SP - Interior;472,5
70051;COMETA;SAO JOSE DO RIO PRETO;SAO PAULO (SP) - SAO JOSE DO RIO PRETO (SP);SAO PAULO - SAO JOSE DO RIO PRETO;0;CAMA;ARTESP;RODOVIARIO          ;0;8;1384B-2;7;SAO PAULO (SP) - SAO JOSE DO RIO PRETO (SP);0;;;;Regional SP - Interior;472,5
70055;COMETA;CAMPINAS;PIRACICABA (SP) - RIO DE JANEIRO (RJ);INTERIOR SP MG - RIO DE JANEIRO;0;CAMA;ANTT;RODOVIARIO          ;0;8;SPRJ0041012;7;PIRACICABA (SP) - RIO DE JANEIRO (RJ);0;;;;Regional SP - ANTT;558,9
70057;COMETA;SAO JOSE DO RIO PRETO;SAO PAULO (SP) - SAO JOSE DO RIO PRETO (SP);SAO PAULO - SAO JOSE DO RIO PRETO;0;CAMA;ARTESP;RODOVIARIO          ;0;8;1384L-1;7;SAO PAULO (SP) - SAO JOSE DO RIO PRETO (SP);0;;;;Regional SP - Interior;435
30055;CATARINENSE;BLUMENAU;CURITIBA (PR) - FOZ DO IGUACU (PR);SC - FOZ;0;LEITO DD;DER/PR;RODOVIARIO          ;0;9;20063508;3;CURITIBA (PR) - FOZ DO IGUACU (PR);0;;;;Regional Sul;640
40004;EXPRESSO;EXPRESSO DO SUL;CURITIBA (PR) - FLORIANOPOLIS (SC) DIRETO;OUTROS MERCADOS;0;CAMA;ANTT;RODOVIARIO          ;0;8;PRSC0036001;4;CURITIBA (PR) - FLORIANOPOLIS (SC) DIRETO;0;;;;Regional SP - ANTT;302,7
40006;EXPRESSO;EXPRESSO DO SUL;CURITIBA (PR) - FLORIANOPOLIS (SC) DIRETO;OUTROS MERCADOS;0;CAMA;ANTT;RODOVIARIO          ;0;8;PRSC0036001;4;CURITIBA (PR) - FLORIANOPOLIS (SC) DIRETO;0;;;;Regional SP - ANTT;302,7
40002;EXPRESSO;EXPRESSO DO SUL;BALNEARIO CAMBORIU (SC) - SAO PAULO (SP);OUTROS MERCADOS;0;CAMA;ANTT;RODOVIARIO          ;0;8;SCSP0036002;4;BALNEARIO CAMBORIU (SC) - SAO PAULO (SP);0;;;;Regional SP - ANTT;636,4
2098;1001;CABO FRIO;RIO DE JANEIRO (RJ) - BUZIOS (RJ);RIO - REG.LAGOS;0;LEITO DD;DETRO/RJ;RODOVIARIO          ;0;8;2098;2;RIO DE JANEIRO (RJ) - BUZIOS (RJ);0;;;;Regional Rio;175
40008;EXPRESSO;EXPRESSO DO SUL;CURITIBA (PR) - FLORIANOPOLIS (SC) DIRETO;OUTROS MERCADOS;0;CAMA;ANTT;RODOVIARIO          ;0;8;PRSC0036001;4;CURITIBA (PR) - FLORIANOPOLIS (SC) DIRETO;0;;;;Regional SP - ANTT;302,7
3059;CATARINENSE;BALNEARIO CAMBORIU;BALNEARIO CAMBORIU (SC) - SANTA MARIA (RS);CURITIBA - SANTA MARIA ;0;CAMA;ANTT;RODOVIARIO          ;0;8;16013551;3;BALNEARIO CAMBORIU (SC) - SANTA MARIA (RS);0;;;;Regional Sul;792,44
3096;CATARINENSE;FOZ DO IGUACU;CURITIBA (PR) - FLORIANOPOLIS (SC) CNX FOZ;SC - FOZ;0;LEITO DD;ANTT;RODOVIARIO          ;0;8;9000241;3;CURITIBA (PR) - FLORIANOPOLIS (SC) CNX FOZ;0;;;;Regional Sul;302,7
3098;CATARINENSE;FOZ DO IGUACU;CURITIBA (PR) - FOZ DO IGUACU (PR);CURITIBA - FOZ;0;LEITO DD;DER/PR;RODOVIARIO          ;0;8;20063508;3;CURITIBA (PR) - FOZ DO IGUACU (PR);0;;;;Regional Sul;639,1
3352;CATARINENSE;FLORIANOPOLIS;FLORIANOPOLIS (SC) - CAMPINAS (SP);SP - LITORAL SC;0;LEITO DD;ANTT;RODOVIARIO          ;0;8;16008441;3;FLORIANOPOLIS (SC) - CAMPINAS (SP);0;;;;Regional Sul;803,85
3378;CATARINENSE;CURITIBA;CURITIBA (PR) - FLORIANOPOLIS (SC);CURITIBA - LITORAL SC;0;LEITO DD;ANTT;RODOVIARIO          ;0;8;9000241;3;CURITIBA (PR) - FLORIANOPOLIS (SC);0;;;;Regional Sul;325,35
3406;CATARINENSE;FLORIANOPOLIS;FLORIANOPOLIS (SC) - CAMPINAS (SP);SP - LITORAL SC;0;LEITO DD;ANTT;RODOVIARIO          ;0;8;16008441;3;FLORIANOPOLIS (SC) - CAMPINAS (SP);0;;;;Regional Sul;803,85
3426;CATARINENSE;FLORIANOPOLIS;FLORIANOPOLIS (SC) - SAO PAULO (SP);SP - LITORAL SC;0;LEITO DD;ANTT;RODOVIARIO          ;0;8;16009541;3;FLORIANOPOLIS (SC) - SAO PAULO (SP);0;;;;Regional Sul;643,3
3444;CATARINENSE;CURITIBA;CURITIBA (PR) - FLORIANOPOLIS (SC);CURITIBA - LITORAL SC;0;LEITO DD;ANTT;RODOVIARIO          ;0;8;9004441;3;CURITIBA (PR) - FLORIANOPOLIS (SC);0;;;;Regional Sul;297,75
3546;CATARINENSE;FOZ DO IGUACU;LONDRINA (PR) - SAO PAULO (SP);FOZ - SAO PAULO ;0;CAMA;ANTT;RODOVIARIO          ;0;8;9032751;3;LONDRINA (PR) - SAO PAULO (SP);0;;;;Regional Sul;531,5
3554;CATARINENSE;FOZ DO IGUACU;FOZ DO IGUACU (PR) - CAMPOS DOS GOYTACAZES (RJ);FOZ - RIO DE JANEIRO;0;LEITO DD;ANTT;RODOVIARIO          ;0;8;9033141;3;FOZ DO IGUACU (PR) - CAMPOS DOS GOYTACAZES (RJ);0;;;;Regional Sul;1708,87
3585;CATARINENSE;CURITIBA;BALNEARIO CAMBORIU (SC) - SANTA MARIA (RS);CURITIBA - SANTA MARIA ;0;CAMA;ANTT;RODOVIARIO          ;0;8;16013551;3;BALNEARIO CAMBORIU (SC) - SANTA MARIA (RS);0;;;;Regional Sul;934,5
7366;COMETA;JUIZ DE FORA;SAO PAULO (SP) - JUIZ DE FORA (MG);SAO PAULO - SUL DE MINAS;0;CAMA;ANTT;RODOVIARIO          ;0;8;8006351;7;SAO PAULO (SP) - JUIZ DE FORA (MG);0;;;;Regional SP - ANTT;525,7
7623;COMETA;BELO HORIZONTE;BELO HORIZONTE (MG) - SOROCABA (SP);SAO PAULO - BELO HORIZONTE;0;CAMA;ANTT;RODOVIARIO          ;0;8;6030951;7;BELO HORIZONTE (MG) - SOROCABA (SP);0;;;;Regional SP - ANTT;680,9
70041;COMETA;BELO HORIZONTE;BETIM (MG) - RIO DE JANEIRO (RJ);BELO HORIZONTE - RIO DE JANEIRO;0;CAMA;ANTT;RODOVIARIO          ;0;8;MGRJ0041041;7;BETIM (MG) - RIO DE JANEIRO (RJ);0;;;;Regional SP - ANTT;442,3
70045;COMETA;POCOS DE CALDAS;POCOS DE CALDAS (MG) - RIO DE JANEIRO (RJ);INTERIOR SP MG - RIO DE JANEIRO;0;CAMA;ANTT;RODOVIARIO          ;0;8;6030651;7;POCOS DE CALDAS (MG) - RIO DE JANEIRO (RJ);0;;;;Regional SP - ANTT;484,8
70047;COMETA;POCOS DE CALDAS;POCOS DE CALDAS (MG) - RIO DE JANEIRO (RJ);INTERIOR SP MG - RIO DE JANEIRO;0;CAMA;ANTT;RODOVIARIO          ;0;8;6030651;7;POCOS DE CALDAS (MG) - RIO DE JANEIRO (RJ);0;;;;Regional SP - ANTT;484,8
70049;COMETA;POCOS DE CALDAS;POCOS DE CALDAS (MG) - RIO DE JANEIRO (RJ);INTERIOR SP MG - RIO DE JANEIRO;0;CAMA;ANTT;RODOVIARIO          ;0;8;6030651;7;POCOS DE CALDAS (MG) - RIO DE JANEIRO (RJ);0;;;;Regional SP - ANTT;484,8
70070;COMETA;BELO HORIZONTE;SANTOS (SP) - BELO HORIZONTE (MG);SAO PAULO - BELO HORIZONTE;0;CAMA;ANTT;RODOVIARIO          ;0;8;SPMG0041053;7;SANTOS (SP) - BELO HORIZONTE (MG);0;;;;Regional SP - ANTT;686
70072;COMETA;BELO HORIZONTE;SANTOS (SP) - BELO HORIZONTE (MG);SAO PAULO - BELO HORIZONTE;0;CAMA;ANTT;RODOVIARIO          ;0;8;SPMG0041053;7;SANTOS (SP) - BELO HORIZONTE (MG);0;;;;Regional SP - ANTT;686
70086;COMETA;JUIZ DE FORA;JUIZ DE FORA (MG) - SAO PAULO (SP) - VIA GUARULHOS;SAO PAULO - SUL DE MINAS;0;CAMA;ANTT;RODOVIARIO          ;0;8;MGSP0041056;7;JUIZ DE FORA (MG) - SAO PAULO (SP) - VIA GUARULHOS;0;;;;Regional SP - ANTT;539
70088;COMETA;JUIZ DE FORA;JUIZ DE FORA (MG) - SAO VICENTE (SP) - VIA ABC;SAO PAULO - SUL DE MINAS;0;CAMA;ANTT;RODOVIARIO          ;0;8;MGSP0041057;7;JUIZ DE FORA (MG) - SAO VICENTE (SP) - VIA ABC;0;;;;Regional SP - ANTT;622
70090;COMETA;JUIZ DE FORA;JUIZ DE FORA (MG) - OSASCO (SP);SAO PAULO - SUL DE MINAS;0;CAMA;ANTT;RODOVIARIO          ;0;8;MGSP0041055;7;JUIZ DE FORA (MG) - OSASCO (SP);0;;;;Regional SP - ANTT;547
70092;COMETA;JUIZ DE FORA;JUIZ DE FORA (MG) - SAO PAULO (SP);SAO PAULO - SUL DE MINAS;0;CAMA;ANTT;RODOVIARIO          ;0;8;MGSP0041035;7;JUIZ DE FORA (MG) - SAO PAULO (SP);0;;;;Regional SP - ANTT;519
30063;CATARINENSE;FLORIANOPOLIS;FLORIANOPOLIS (SC) - SANTOS (SP);ABC LITORAL - SC ;0;CAMA;ANTT;RODOVIARIO          ;0;8;SCSP0001024;3;FLORIANOPOLIS (SC) - SANTOS (SP);0;;;;Regional Sul;697
30065;CATARINENSE;FLORIANOPOLIS;FLORIANOPOLIS (SC) - SAO PAULO (SP);SP - LITORAL SC;0;CAMA;ANTT;RODOVIARIO          ;0;8;SCSP0001031;3;FLORIANOPOLIS (SC) - SAO PAULO (SP);0;;;;Regional Sul;691,25
30067;CATARINENSE;FLORIANOPOLIS;ARARANGUA (SC) - SAO PAULO (SP) - VIA EMBU;SP - LITORAL SC;0;CAMA;ANTT;RODOVIARIO          ;0;8;SCSP0001030;3;ARARANGUA (SC) - SAO PAULO (SP) - VIA EMBU;0;;;;Regional Sul;903,23
30069;CATARINENSE;MARINGA;MARINGA (PR) - SAO PAULO (SP);SAO PAULO - MARINGA;0;CAMA;ANTT;RODOVIARIO          ;0;8;PRSP0001010;3;MARINGA (PR) - SAO PAULO (SP);0;;;;Regional Sul;627
30071;CATARINENSE;FOZ DO IGUACU;FOZ DO IGUACU (PR) - RIO DE JANEIRO (RJ);FOZ - RIO DE JANEIRO;0;LEITO DD;ANTT;RODOVIARIO          ;0;9;PRRJ0001045;3;FOZ DO IGUACU (PR) - RIO DE JANEIRO (RJ);0;;;;Regional Sul;1524
30073;CATARINENSE;FOZ DO IGUACU;FOZ DO IGUACU (PR) - SAO PAULO (SP) - VIA PONTA GROSSA;FOZ - SAO PAULO;0;CAMA;ANTT;RODOVIARIO          ;0;8;PRSP0001037;3;FOZ DO IGUACU (PR) - SAO PAULO (SP) - VIA PONTA GROSSA;0;;;;Regional Sul;1047,91
30075;CATARINENSE;SÃO PAULO;RIO DE JANEIRO (RJ) - SAO PAULO (SP);SOROCABA - RIO ;0;LEITO DD;ANTT;RODOVIARIO          ;0;9;RJSP0001061;3;RIO DE JANEIRO (RJ) - SAO PAULO (SP);0;;;;Regional Sul;412
30077;CATARINENSE;FLORIANOPOLIS;FLORIANOPOLIS (SC) - SAO PAULO (SP);SP - LITORAL SC;0;CAMA;ANTT;RODOVIARIO          ;0;8;SCSP0001021;3;FLORIANOPOLIS (SC) - SAO PAULO (SP);0;;;;Regional Sul;691,25
30079;CATARINENSE;FLORIANOPOLIS;FLORIANOPOLIS (SC) - SAO PAULO (SP);SP - LITORAL SC;0;CAMA;ANTT;RODOVIARIO          ;0;8;16021351;3;FLORIANOPOLIS (SC) - SAO PAULO (SP);0;;;;Regional Sul;694
30081;CATARINENSE;FLORIANOPOLIS;FLORIANOPOLIS (SC) - SAO PAULO (SP);SP - LITORAL SC;0;CAMA;ANTT;RODOVIARIO          ;0;8;16021651;3;FLORIANOPOLIS (SC) - SAO PAULO (SP);0;;;;Regional Sul;709
30083;CATARINENSE;FLORIANOPOLIS;ARARANGUA (SC) - SAO PAULO (SP);SP - LITORAL SC;0;CAMA;ANTT;RODOVIARIO          ;0;8;SCSP0001038;3;ARARANGUA (SC) - SAO PAULO (SP);0;;;;Regional Sul;910,85
20015;1001;SAO PAULO;NITEROI (RJ) - SAO PAULO (SP);SP - NIT/CPS/MAC/FRIB/CBF;0;CAMA;ANTT;RODOVIARIO          ;0;8;RJSP0010017;2;NITEROI (RJ) - SAO PAULO (SP);0;;;;Regional Rio;445,6
20017;1001;SAO PAULO;RIO DE JANEIRO (RJ) - SAO PAULO (SP) - VAI DIRETO;SAO PAULO - RIO DE JANEIRO;0;CAMA - VAI DIRETO;ANTT;RODOVIARIO          ;0;8;RJSP0010034;2;RIO DE JANEIRO (RJ) - SAO PAULO (SP) - VAI DIRETO;0;;;;Regional Rio;418,1
30087;CATARINENSE;BLUMENAU;BRUSQUE (SC) - SAO PAULO (SP) - RECORTE  JGS;SP - INTERIOR SC;0;CAMA;ANTT;RODOVIARIO          ;0;8;SCSP0001016;3;BRUSQUE (SC) - SAO PAULO (SP) - RECORTE  JGS;0;;;;Regional Sul;588
20019;1001;SAO PAULO;NITEROI (RJ) - SAO PAULO (SP);SP - NIT/CPS/MAC/FRIB/CBF;0;CAMA;ANTT;RODOVIARIO          ;0;8;RJSP0010022;2;NITEROI (RJ) - SAO PAULO (SP);0;;;;Regional Rio;445,6
70097;COMETA;BELO HORIZONTE;BETIM (MG) - RIO DE JANEIRO (RJ);BELO HORIZONTE - RIO DE JANEIRO;0;CAMA;ANTT;RODOVIARIO          ;0;8;MGRJ0041041;7;BETIM (MG) - RIO DE JANEIRO (RJ);0;;;;Regional SP - ANTT;461
30090;CATARINENSE;JOINVILLE;BALNEARIO CAMBORIU (SC) - SAO PAULO (SP) - RECORTE JOI;SP - LITORAL SC;0;CAMA;ANTT;RODOVIARIO          ;0;8;SCSP0001020;3;BALNEARIO CAMBORIU (SC) - SAO PAULO (SP) - RECORTE JOI;0;;;;Regional Sul;534
30092;CATARINENSE;SÃO PAULO;RIO DE JANEIRO (RJ) - SAO PAULO (SP) - VIA GLORIA;SOROCABA - RIO;0;LEITO DD;ANTT;RODOVIARIO          ;0;9;RJSP0001056;3;RIO DE JANEIRO (RJ) - SAO PAULO (SP) - VIA GLORIA;0;;;;Regional Sul;450
3017;CATARINENSE;CURITIBA;CURITIBA (PR) - FLORIANOPOLIS (SC);CURITIBA - LITORAL SC;0;LEITO DD;ANTT;RODOVIARIO;0;9;PRSC0001015;3;CURITIBA (PR) - FLORIANOPOLIS (SC);0;Vedetes;Normal;Seccionado;Regional Sul;287,15
3028;CATARINENSE;CURITIBA;CURITIBA (PR) - FLORIANOPOLIS (SC);CURITIBA - LITORAL SC;0;LEITO DD;ANTT;RODOVIARIO          ;0;9;PRSC0001015;3;CURITIBA (PR) - FLORIANOPOLIS (SC);0;Vedetes;Normal;Seccionado;Regional Sul;287,15
3030;CATARINENSE;CURITIBA;CURITIBA (PR) - CRICIUMA (SC);CURITIBA - LITORAL SC;0;LEITO DD;ANTT;RODOVIARIO          ;0;9;PRSC0001019;3;CURITIBA (PR) - CRICIUMA (SC);0;Vedetes;Normal;Seccionado;Regional Sul;480,5
3036;CATARINENSE;FLORIANOPOLIS;FLORIANOPOLIS (SC) - SAO CAETANO DO SUL (SP);ABC LITORAL - SC ;0;LEITO DD;ANTT;RODOVIARIO;0;9;16009741;3;FLORIANOPOLIS (SC) - SAO CAETANO DO SUL (SP);0;Demais Mercados;Normal;Seccionado;Regional Sul;723,39
3038;CATARINENSE;SÃO PAULO;RIO DE JANEIRO (RJ) - SOROCABA (SP);SOROCABA - RIO ;0;LEITO DD;ANTT;RODOVIARIO          ;0;9;RJSP0001004;3;RIO DE JANEIRO (RJ) - SOROCABA (SP);0;Vedetes;Normal;Seccionado;Regional Sul;426,19
3042;CATARINENSE;SÃO PAULO;RIO DE JANEIRO (RJ) - SOROCABA (SP);SOROCABA - RIO ;0;CAMA;ANTT;RODOVIARIO;0;9;7015151;3;RIO DE JANEIRO (RJ) - SOROCABA (SP);0;Vedetes;Normal;Seccionado;Regional Sul;519,29
3052;CATARINENSE;CURITIBA;CURITIBA (PR) - CRICIUMA (SC);CURITIBA - LITORAL SC;0;LEITO DD;ANTT;RODOVIARIO          ;0;9;PRSC0001019;3;CURITIBA (PR) - CRICIUMA (SC);0;Vedetes;Normal;Seccionado;Regional Sul;480,5
3067;CATARINENSE;FOZ DO IGUACU;CURITIBA (PR) - FOZ DO IGUACU (PR);CURITIBA - FOZ;0;LEITO DD;DER/PR;RODOVIARIO          ;0;9;20063508;3;CURITIBA (PR) - FOZ DO IGUACU (PR);0;Vedetes;Normal;Seccionado;Regional Sul;647
3085;CATARINENSE;CURITIBA;CURITIBA (PR) - FLORIANOPOLIS (SC);CURITIBA - LITORAL SC;0;LEITO DD;ANTT;RODOVIARIO;0;9;PRSC0001057;3;CURITIBA (PR) - FLORIANOPOLIS (SC);0;Vedetes;Normal;Seccionado;Regional Sul;302,7
3129;CATARINENSE;CURITIBA;BALNEARIO CAMBORIU (SC) - SAO LEOPOLDO (RS) VIA POA;CURITIBA - SANTA MARIA;0;LEITO DD;ANTT;RODOVIARIO          ;0;9;SCRS0001023;3;BALNEARIO CAMBORIU (SC) - SAO LEOPOLDO (RS) VIA POA;0;Demais Mercados;Normal;Seccionado;Regional Sul;541,11
3142;CATARINENSE;CURITIBA;CURITIBA (PR) - SANTOS (SP);CURITIBA - ABC ;0;LEITO DD;ANTT;RODOVIARIO          ;0;9;PRSP0001007;3;CURITIBA (PR) - SANTOS (SP);0;Demais Mercados;Normal;Seccionado;Regional Sul;416,5
3356;CATARINENSE;FLORIANOPOLIS;ARARANGUA (SC) - CAMPINAS (SP);SP - LITORAL SC;0;LEITO DD;ANTT;RODOVIARIO          ;0;9;16007341;3;ARARANGUA (SC) - CAMPINAS (SP);0;Vedetes;Normal;Seccionado;Regional Sul;1016,15
3362;CATARINENSE;FLORIANOPOLIS;ARARANGUA (SC) - SAO PAULO (SP);SP - LITORAL SC;0;LEITO DD;ANTT;RODOVIARIO          ;0;9;16007241;3;ARARANGUA (SC) - SAO PAULO (SP);0;Vedetes;Normal;Seccionado;Regional Sul;959,45
3364;CATARINENSE;LAGES;LAGES (SC) - SAO PAULO (SP);SP - INTERIOR SC ;0;LEITO DD;ANTT;RODOVIARIO          ;0;9;16000641;3;LAGES (SC) - SAO PAULO (SP);0;Demais Mercados;Normal;Seccionado;Regional Sul;784,4
3368;CATARINENSE;LAGES;SAO JOAQUIM (SC) - SAO PAULO (SP);SP - INTERIOR SC ;0;LEITO DD;ANTT;RODOVIARIO          ;0;9;16007641;3;SAO JOAQUIM (SC) - SAO PAULO (SP);0;Demais Mercados;Normal;Seccionado;Regional Sul;850,7
3370;CATARINENSE;CURITIBA;CURITIBA (PR) - PORTO ALEGRE (RS);CURITIBA - PORTO ALEGRE;0;LEITO DD;ANTT;RODOVIARIO          ;0;9;9004341;3;CURITIBA (PR) - PORTO ALEGRE (RS);0;Demais Mercados;Normal;Seccionado;Regional Sul;749,55
3372;CATARINENSE;FOZ DO IGUACU;FLORIANOPOLIS (SC) - FOZ DO IGUACU (PR);SC - FOZ;0;LEITO DD;ANTT;RODOVIARIO          ;0;9;16002141;3;FLORIANOPOLIS (SC) - FOZ DO IGUACU (PR);0;Demais Mercados;Normal;Seccionado;Regional Sul;970,4
3374;CATARINENSE;CURITIBA;CURITIBA (PR) - SANTA MARIA (RS);CURITIBA - SANTA MARIA ;0;CAMA;ANTT;RODOVIARIO          ;0;9;PRRS0001050;3;CURITIBA (PR) - SANTA MARIA (RS);0;Demais Mercados;Normal;Seccionado;Regional Sul;1051,56
3380;CATARINENSE;CURITIBA;CURITIBA (PR) - FLORIANOPOLIS (SC) VIA ITJ-CMB;CURITIBA - LITORAL SC;0;LEITO DD;ANTT;RODOVIARIO          ;0;9;9003241;3;CURITIBA (PR) - FLORIANOPOLIS (SC) VIA ITJ-CMB;0;Vedetes;Normal;Seccionado;Regional Sul;297,15
3382;CATARINENSE;CURITIBA;CURITIBA (PR) - FLORIANOPOLIS (SC) VIA CMB-TJC;CURITIBA - LITORAL SC;0;LEITO DD;ANTT;RODOVIARIO          ;0;9;9035941;3;CURITIBA (PR) - FLORIANOPOLIS (SC) VIA CMB-TJC;0;Vedetes;Normal;Seccionado;Regional Sul;307,35
3384;CATARINENSE;CURITIBA;CURITIBA (PR) - FLORIANOPOLIS (SC);CURITIBA - LITORAL SC;0;LEITO DD;ANTT;RODOVIARIO          ;0;9;9035741;3;CURITIBA (PR) - FLORIANOPOLIS (SC);0;Vedetes;Normal;Seccionado;Regional Sul;297,15
3386;CATARINENSE;CURITIBA;CURITIBA (PR) - SAO CAETANO DO SUL (SP);CURITIBA - ABC ;0;LEITO DD;ANTT;RODOVIARIO          ;0;9;PRSP0001009;3;CURITIBA (PR) - SAO CAETANO DO SUL (SP);0;Demais Mercados;Normal;Seccionado;Regional Sul;483,79
3392;CATARINENSE;BLUMENAU;BLUMENAU (SC) - SAO PAULO (SP);SP - INTERIOR SC ;0;LEITO DD;ANTT;RODOVIARIO          ;0;9;16000141;3;BLUMENAU (SC) - SAO PAULO (SP);0;Demais Mercados;Normal;Seccionado;Regional Sul;628,2
3396;CATARINENSE;FLORIANOPOLIS;FLORIANOPOLIS (SC) - CAMPINAS (SP);SP - LITORAL SC;0;LEITO DD;ANTT;RODOVIARIO          ;0;9;16008441;3;FLORIANOPOLIS (SC) - CAMPINAS (SP);0;Vedetes;Normal;Seccionado;Regional Sul;803,85
3398;CATARINENSE;FLORIANOPOLIS;FLORIANOPOLIS (SC) - CAMPINAS (SP);SP - LITORAL SC;0;LEITO DD;ANTT;RODOVIARIO          ;0;9;16008441;3;FLORIANOPOLIS (SC) - CAMPINAS (SP);0;Vedetes;Normal;Seccionado;Regional Sul;803,85
3400;CATARINENSE;FLORIANOPOLIS;FLORIANOPOLIS (SC) - SAO PAULO (SP);SP - LITORAL SC;0;LEITO DD;ANTT;RODOVIARIO          ;0;9;16009141;3;FLORIANOPOLIS (SC) - SAO PAULO (SP);0;Vedetes;Normal;Seccionado;Regional Sul;630,35
3408;CATARINENSE;FLORIANOPOLIS;FLORIANOPOLIS (SC) - CAMPINAS (SP);SP - LITORAL SC;0;LEITO DD;ANTT;RODOVIARIO          ;0;9;16008941;3;FLORIANOPOLIS (SC) - CAMPINAS (SP);0;Vedetes;Normal;Seccionado;Regional Sul;730,15
3428;CATARINENSE;FLORIANOPOLIS;FLORIANOPOLIS (SC) - SAO PAULO (SP);SP - LITORAL SC;0;CAMA;ANTT;RODOVIARIO          ;0;9;16009651;3;FLORIANOPOLIS (SC) - SAO PAULO (SP);0;Vedetes;Normal;Seccionado;Regional Sul;644,6
3432;CATARINENSE;FLORIANOPOLIS;ARARANGUA (SC) - SAO PAULO (SP);SP - LITORAL SC;0;LEITO DD;ANTT;RODOVIARIO          ;0;9;16001841;3;ARARANGUA (SC) - SAO PAULO (SP);0;Vedetes;Normal;Seccionado;Regional Sul;914,8
3434;CATARINENSE;FLORIANOPOLIS;ARARANGUA (SC) - SAO PAULO (SP);SP - LITORAL SC;0;LEITO DD;ANTT;RODOVIARIO          ;0;9;16007141;3;ARARANGUA (SC) - SAO PAULO (SP);0;Vedetes;Normal;Seccionado;Regional Sul;910,85
3438;CATARINENSE;BLUMENAU;BRUSQUE (SC) - SAO PAULO (SP);SP - INTERIOR SC ;0;LEITO DD;ANTT;RODOVIARIO          ;0;9;16000241;3;BRUSQUE (SC) - SAO PAULO (SP);0;Demais Mercados;Normal;Seccionado;Regional Sul;617,7
3440;CATARINENSE;LAGES;LAGES (SC) - SAO PAULO (SP);SP - INTERIOR SC ;0;LEITO DD;ANTT;RODOVIARIO          ;0;9;16000641;3;LAGES (SC) - SAO PAULO (SP);0;Demais Mercados;Normal;Seccionado;Regional Sul;784,4
3442;CATARINENSE;RIO DO SUL;RIO DO SUL (SC) - SAO PAULO (SP);SP - INTERIOR SC ;0;LEITO DD;ANTT;RODOVIARIO          ;0;9;16007741;3;RIO DO SUL (SC) - SAO PAULO (SP);0;Demais Mercados;Normal;Seccionado;Regional Sul;823,6
3446;CATARINENSE;CURITIBA;CURITIBA (PR) - FLORIANOPOLIS (SC) VIA ITJ-CMB;CURITIBA - LITORAL SC;0;LEITO DD;ANTT;RODOVIARIO          ;0;9;9003241;3;CURITIBA (PR) - FLORIANOPOLIS (SC) VIA ITJ-CMB;0;Vedetes;Normal;Seccionado;Regional Sul;298,15
3454;CATARINENSE;CURITIBA;CURITIBA (PR) - PORTO ALEGRE (RS);CURITIBA - PORTO ALEGRE;0;LEITO DD;ANTT;RODOVIARIO          ;0;9;9004341;3;CURITIBA (PR) - PORTO ALEGRE (RS);0;Demais Mercados;Normal;Seccionado;Regional Sul;749,55
3456;CATARINENSE;CURITIBA;CURITIBA (PR) - PORTO ALEGRE (RS);CURITIBA - PORTO ALEGRE;0;LEITO DD;ANTT;RODOVIARIO          ;0;9;9021841;3;CURITIBA (PR) - PORTO ALEGRE (RS);0;Demais Mercados;Normal;Seccionado;Regional Sul;749,55
3460;CATARINENSE;FOZ DO IGUACU;FLORIANOPOLIS (SC) - FOZ DO IGUACU (PR);SC - FOZ;0;LEITO DD;ANTT;RODOVIARIO          ;0;9;16002141;3;FLORIANOPOLIS (SC) - FOZ DO IGUACU (PR);0;Demais Mercados;Normal;Seccionado;Regional Sul;970,4
3464;CATARINENSE;CURITIBA;CURITIBA (PR) - FLORIANOPOLIS (SC);CURITIBA - LITORAL SC;0;LEITO DD;ANTT;RODOVIARIO          ;0;9;PRSC0001057;3;CURITIBA (PR) - FLORIANOPOLIS (SC);0;Vedetes;Normal;Seccionado;Regional Sul;302,7
3466;CATARINENSE;CURITIBA;CURITIBA (PR) - SANTOS (SP);CURITIBA - ABC ;0;LEITO DD;ANTT;RODOVIARIO          ;0;9;PRSP0001007;3;CURITIBA (PR) - SANTOS (SP);0;Demais Mercados;Normal;Seccionado;Regional Sul;423,2
3468;CATARINENSE;CURITIBA;CURITIBA (PR) - FLORIANOPOLIS (SC) VIA CMB-TJC;CURITIBA - LITORAL SC;0;LEITO DD;ANTT;RODOVIARIO          ;0;9;9035941;3;CURITIBA (PR) - FLORIANOPOLIS (SC) VIA CMB-TJC;0;Vedetes;Normal;Seccionado;Regional Sul;307,35
3470;CATARINENSE;CURITIBA;CURITIBA (PR) - FLORIANOPOLIS (SC);CURITIBA - LITORAL SC;0;LEITO DD;ANTT;RODOVIARIO          ;0;9;9035741;3;CURITIBA (PR) - FLORIANOPOLIS (SC);0;Vedetes;Normal;Seccionado;Regional Sul;298,15
3472;CATARINENSE;CURITIBA;CURITIBA (PR) - FLORIANOPOLIS (SC);CURITIBA - LITORAL SC;0;LEITO DD;ANTT;RODOVIARIO          ;0;9;9035641;3;CURITIBA (PR) - FLORIANOPOLIS (SC);0;Vedetes;Normal;Seccionado;Regional Sul;298,15
3474;CATARINENSE;CURITIBA;CURITIBA (PR) - SAO CAETANO DO SUL (SP);CURITIBA - ABC ;0;LEITO DD;ANTT;RODOVIARIO          ;0;9;PRSP0001009;3;CURITIBA (PR) - SAO CAETANO DO SUL (SP);0;Demais Mercados;Normal;Seccionado;Regional Sul;483,79
3542;CATARINENSE;SÃO PAULO;RIO DE JANEIRO (RJ) - SOROCABA (SP);SOROCABA - RIO ;0;LEITO DD;ANTT;RODOVIARIO          ;0;9;RJSP0001004;3;RIO DE JANEIRO (RJ) - SOROCABA (SP);0;Vedetes;Normal;Seccionado;Regional Sul;519,29
3552;CATARINENSE;FOZ DO IGUACU;LONDRINA (PR) - SAO PAULO (SP);SAO PAULO - MARINGA;0;CAMA;ANTT;RODOVIARIO          ;0;9;9032751;3;LONDRINA (PR) - SAO PAULO (SP);0;Demais Mercados;Normal;Seccionado;Regional Sul;531,5
3556;CATARINENSE;FOZ DO IGUACU;SAO PAULO (SP) - FOZ DO IGUACU (PR);FOZ - SAO PAULO;0;LEITO DD;ANTT;RODOVIARIO          ;0;9;8019441;3;SAO PAULO (SP) - FOZ DO IGUACU (PR);0;Demais Mercados;Normal;Seccionado;Regional Sul;1006,05
3558;CATARINENSE;FOZ DO IGUACU;GUARAPUAVA (PR) - SAO PAULO (SP);FOZ - RIO DE JANEIRO;0;LEITO DD;ANTT;RODOVIARIO          ;0;9;9033341;3;GUARAPUAVA (PR) - SAO PAULO (SP);0;Demais Mercados;Normal;Seccionado;Regional Sul;716,21
3562;CATARINENSE;FOZ DO IGUACU;FOZ DO IGUACU (PR) - RIO DE JANEIRO (RJ);FOZ - RIO DE JANEIRO;0;LEITO DD;ANTT;RODOVIARIO          ;0;9;PRRJ0001045;3;FOZ DO IGUACU (PR) - RIO DE JANEIRO (RJ);0;Demais Mercados;Normal;Seccionado;Regional Sul;1430,5
3564;CATARINENSE;MARINGA;MARINGA (PR) - SAO PAULO (SP);SAO PAULO - MARINGA;0;CAMA;ANTT;RODOVIARIO          ;0;9;9037451;3;MARINGA (PR) - SAO PAULO (SP);0;Demais Mercados;Normal;Seccionado;Regional Sul;627,01
3595;CATARINENSE;FLORIANOPOLIS;FLORIANOPOLIS (SC) - SANTOS (SP);ABC LITORAL - SC ;0;LEITO DD;ANTT;RODOVIARIO          ;0;9;16008541;3;FLORIANOPOLIS (SC) - SANTOS (SP);0;Demais Mercados;Normal;Seccionado;Regional Sul;645,05
3597;CATARINENSE;SÃO PAULO;RIO DE JANEIRO (RJ) - SOROCABA (SP);SOROCABA - RIO ;0;LEITO DD;ANTT;RODOVIARIO          ;0;9;7015141;3;RIO DE JANEIRO (RJ) - SOROCABA (SP);0;Vedetes;Normal;Seccionado;Regional Sul;519,29
3613;CATARINENSE;CURITIBA;BALNEARIO CAMBORIU (SC) - SAO LEOPOLDO (RS) VIA POA;CURITIBA - SANTA MARIA;0;LEITO DD;ANTT;RODOVIARIO          ;0;9;SCRS0001023;3;BALNEARIO CAMBORIU (SC) - SAO LEOPOLDO (RS) VIA POA;0;Demais Mercados;Normal;Seccionado;Regional Sul;541,11
3615;CATARINENSE;BALNEARIO CAMBORIU;CURITIBA (PR) - BALNEARIO CAMBORIU (SC);CURITIBA - LITORAL SC;0;LEITO DD;ANTT;RODOVIARIO          ;0;9;PRSC0001014;3;CURITIBA (PR) - BALNEARIO CAMBORIU (SC);0;Vedetes;Normal;Seccionado;Regional Sul;224,71
3618;CATARINENSE;FLORIANOPOLIS;TUBARAO (SC) - CAMPINAS (SP);SP - LITORAL SC;0;CAMA;ANTT;RODOVIARIO          ;0;9;16015651;3;TUBARAO (SC) - CAMPINAS (SP);0;Vedetes;Normal;Seccionado;Regional Sul;974,1
3627;CATARINENSE;FLORIANOPOLIS;FLORIANOPOLIS (SC) - SAO CAETANO DO SUL (SP);ABC LITORAL - SC;0;LEITO DD;ANTT;RODOVIARIO          ;0;9;SCSP0001040;3;FLORIANOPOLIS (SC) - SAO CAETANO DO SUL (SP);0;Demais Mercados;Normal;Seccionado;Regional Sul;767,89
3629;CATARINENSE;FLORIANOPOLIS;FLORIANOPOLIS (SC) - SAO CAETANO DO SUL (SP);ABC LITORAL - SC;0;LEITO DD;ANTT;RODOVIARIO          ;0;9;SCSP0001040;3;FLORIANOPOLIS (SC) - SAO CAETANO DO SUL (SP);0;Demais Mercados;Normal;Seccionado;Regional Sul;767,89
3652;CATARINENSE;FOZ DO IGUACU;NOVA IGUACU (RJ) - SOROCABA (SP);SOROCABA - RIO ;0;LEITO DD;ANTT;RODOVIARIO          ;0;9;8029341;3;NOVA IGUACU (RJ) - SOROCABA (SP);0;Vedetes;Normal;Seccionado;Regional Sul;502,99
3660;CATARINENSE;BLUMENAU;CURITIBA (PR) - BLUMENAU (SC);CURITIBA - INTERIOR SC ;0;LEITO DD;ANTT;RODOVIARIO          ;0;9;PRSC0001027;3;CURITIBA (PR) - BLUMENAU (SC);0;Demais Mercados;Normal;Seccionado;Regional Sul;235,2
3664;CATARINENSE;FLORIANOPOLIS;FLORIANOPOLIS (SC) - SANTOS (SP);ABC LITORAL - SC;0;LEITO DD;ANTT;RODOVIARIO          ;0;9;SCSP0001024;3;FLORIANOPOLIS (SC) - SANTOS (SP);0;Demais Mercados;Normal;Seccionado;Regional Sul;706,15
3666;CATARINENSE;CURITIBA;CURITIBA (PR) - PORTO ALEGRE (RS);CURITIBA - PORTO ALEGRE;0;LEITO DD;ANTT;RODOVIARIO;0;9;9021841;3;CURITIBA (PR) - PORTO ALEGRE (RS);0;;;;Regional Sul;749,55
3670;CATARINENSE;FOZ DO IGUACU;CURITIBA (PR) - FOZ DO IGUACU (PR);SC - FOZ;0;LEITO DD;DER/PR;RODOVIARIO          ;0;9;20063508;3;CURITIBA (PR) - FOZ DO IGUACU (PR);0;Demais Mercados;Normal;Seccionado;Regional Sul;640
3683;CATARINENSE;BLUMENAU;CURITIBA (PR) - BLUMENAU (SC);CURITIBA - INTERIOR SC ;0;LEITO DD;ANTT;RODOVIARIO          ;0;9;PRSC0001027;3;CURITIBA (PR) - BLUMENAU (SC);0;Demais Mercados;Normal;Seccionado;Regional Sul;235,2
3687;CATARINENSE;BLUMENAU;CURITIBA (PR) - BLUMENAU (SC);CURITIBA - INTERIOR SC ;0;LEITO DD;ANTT;RODOVIARIO          ;0;9;PRSC0001027;3;CURITIBA (PR) - BLUMENAU (SC);0;Demais Mercados;Normal;Seccionado;Regional Sul;235,2
3689;CATARINENSE;CURITIBA;FLORIANOPOLIS (SC) - CURITIBA (PR);CURITIBA - LITORAL SC;0;LEITO DD;ANTT;RODOVIARIO          ;0;9;16015241;3;FLORIANOPOLIS (SC) - CURITIBA (PR);0;Vedetes;Normal;Seccionado;Regional Sul;297,75
3722;CATARINENSE;BALNEARIO CAMBORIU;CURITIBA (PR) - BALNEARIO CAMBORIU (SC);CURITIBA - LITORAL SC;0;LEITO DD;ANTT;RODOVIARIO          ;0;9;PRSC0001014;3;CURITIBA (PR) - BALNEARIO CAMBORIU (SC);0;Vedetes;Normal;Seccionado;Regional Sul;224,71
3759;CATARINENSE;FOZ DO IGUACU;FOZ DO IGUACU (PR) - RIO DE JANEIRO (RJ);FOZ - RIO DE JANEIRO;0;LEITO DD;ANTT;RODOVIARIO          ;0;9;9034141;3;FOZ DO IGUACU (PR) - RIO DE JANEIRO (RJ);0;Demais Mercados;Normal;Seccionado;Regional Sul;1430,5
3765;CATARINENSE;FOZ DO IGUACU;CURITIBA (PR) - FLORIANOPOLIS (SC) - CNX FOZ;SC - FOZ;0;LEITO DD;ANTT;RODOVIARIO          ;0;9;PRSC0001057;3;CURITIBA (PR) - FLORIANOPOLIS (SC) - CNX FOZ;0;Demais Mercados;Normal;Seccionado;Regional Sul;302,7
3767;CATARINENSE;FOZ DO IGUACU;CURITIBA (PR) - FOZ DO IGUACU (PR);CURITIBA - FOZ;0;LEITO DD;DER/PR;RODOVIARIO          ;0;9;20063508;3;CURITIBA (PR) - FOZ DO IGUACU (PR);0;Vedetes;Normal;Seccionado;Regional Sul;640
3772;CATARINENSE;BLUMENAU;CURITIBA (PR) - BLUMENAU (SC);CURITIBA - INTERIOR SC ;0;LEITO DD;ANTT;RODOVIARIO          ;0;9;PRSC0001027;3;CURITIBA (PR) - BLUMENAU (SC);0;Demais Mercados;Normal;Seccionado;Regional Sul;235,2
3773;CATARINENSE;FOZ DO IGUACU;CURITIBA (PR) - FOZ DO IGUACU (PR);SC - FOZ;0;LEITO DD;DER/PR;RODOVIARIO          ;0;9;20063508;3;CURITIBA (PR) - FOZ DO IGUACU (PR);0;Demais Mercados;Normal;Seccionado;Regional Sul;640
3790;CATARINENSE;FOZ DO IGUACU;CURITIBA (PR) - FOZ DO IGUACU (PR);CURITIBA - FOZ;0;LEITO DD;DER/PR;RODOVIARIO          ;0;9;00200635A8;3;CURITIBA (PR) - FOZ DO IGUACU (PR);0;Vedetes;Normal;Seccionado;Regional Sul;662
3792;CATARINENSE;FOZ DO IGUACU;CURITIBA (PR) - FOZ DO IGUACU (PR);CURITIBA - FOZ;0;LEITO DD;DER/PR;RODOVIARIO          ;0;9;20063508;3;CURITIBA (PR) - FOZ DO IGUACU (PR);0;Vedetes;Normal;Seccionado;Regional Sul;647
3794;CATARINENSE;FOZ DO IGUACU;CURITIBA (PR) - FOZ DO IGUACU (PR);CURITIBA - FOZ;0;LEITO DD;DER/PR;RODOVIARIO          ;0;9;10063588;3;CURITIBA (PR) - FOZ DO IGUACU (PR);0;Vedetes;Normal;Direto;Regional Sul;640
3874;CATARINENSE;FOZ DO IGUACU;CURITIBA (PR) - SANTA HELENA (PR);CURITIBA - FOZ;0;LEITO DD;DER/PR;RODOVIARIO          ;0;9;10063528;3;CURITIBA (PR) - SANTA HELENA (PR);0;Vedetes;Normal;Seccionado;Regional Sul;619
4232;EXPRESSO;EXPRESSO DO SUL;SAO PAULO (SP) - RIO DE JANEIRO (RJ);SAO PAULO - RIO DE JANEIRO;0;1 CLASSE GTV;ANTT;RODOVIARIO          ;0;9;8009741;4;SAO PAULO (SP) - RIO DE JANEIRO (RJ);0;Vedetes;Normal;Direto;Regional SP - ANTT;433,8
4235;EXPRESSO;EXPRESSO DO SUL;SAO PAULO (SP) - RIO DE JANEIRO (RJ);SAO PAULO - RIO DE JANEIRO;0;1 CLASSE GTV;ANTT;RODOVIARIO          ;0;9;8009741;4;SAO PAULO (SP) - RIO DE JANEIRO (RJ);0;Vedetes;Normal;Direto;Regional SP - ANTT;434,8
4545;EXPRESSO;EXPRESSO DO SUL;SAO PAULO (SP) - RIO DE JANEIRO (RJ);SAO PAULO - RIO DE JANEIRO;0;LEITO;ANTT;RODOVIARIO          ;0;9;8009741;4;SAO PAULO (SP) - RIO DE JANEIRO (RJ);0;Vedetes;Normal;Direto;Regional SP - ANTT;433,8
4548;EXPRESSO;EXPRESSO DO SUL;SAO PAULO (SP) - RIO DE JANEIRO (RJ);SAO PAULO - RIO DE JANEIRO;0;LEITO;ANTT;RODOVIARIO          ;0;9;8009741;4;SAO PAULO (SP) - RIO DE JANEIRO (RJ);0;Vedetes;Normal;Direto;Regional SP - ANTT;433,8
7213;COMETA;ITAPETININGA;SAO PAULO (SP) - ITAPETININGA (SP);SAO PAULO - ITAPETININGA;0;1 CLASSE GTV;ARTESP;RODOVIARIO          ;0;9;0737B-1;7;SAO PAULO (SP) - ITAPETININGA (SP);0;Demais Mercados;Normal;Seccionado;Regional SP - Curtas;182
7222;COMETA;JUIZ DE FORA;SAO PAULO (SP) - JUIZ DE FORA (MG);SAO PAULO - SUL DE MINAS;0;1 CLASSE GTV;ANTT;RODOVIARIO          ;0;9;8006341;7;SAO PAULO (SP) - JUIZ DE FORA (MG);0;Demais Mercados;Normal;Seccionado;Regional SP - ANTT;513,7
7225;COMETA;BELO HORIZONTE;SAO PAULO (SP) - BELO HORIZONTE (MG);SAO PAULO - BELO HORIZONTE;0;1 CLASSE GTV;ANTT;RODOVIARIO          ;0;9;8005641;7;SAO PAULO (SP) - BELO HORIZONTE (MG);0;Vedetes;Normal;Seccionado;Regional SP - ANTT;595,1
7226;COMETA;CURITIBA;SAO PAULO (SP) - CURITIBA (PR);SAO PAULO - CURITIBA;0;1 CLASSE GTV;ANTT;RODOVIARIO          ;0;9;8006241;7;SAO PAULO (SP) - CURITIBA (PR);0;Vedetes;Normal;Seccionado;Regional SP - ANTT;431,1
7237;COMETA;FRANCA;SAO PAULO (SP) - FRANCA (SP);SAO PAULO - FRANCA;0;1 CLASSE GTV;ARTESP;RODOVIARIO          ;0;9;0828A-2;7;SAO PAULO (SP) - FRANCA (SP);0;Vedetes;Normal;Seccionado;Regional SP - Interior;453
7254;COMETA;RIBEIRAO PRETO;SAO PAULO (SP) - RIBEIRAO PRETO (SP);SAO PAULO - RIBEIRAO PRETO;0;1 CLASSE GTV;ARTESP;RODOVIARIO          ;0;9;6376A-1;7;SAO PAULO (SP) - RIBEIRAO PRETO (SP);0;Vedetes;Normal;Seccionado;Regional SP - Interior;319
7257;COMETA;CAMPINAS;CAMPINAS (SP) - RIO DE JANEIRO (RJ);INTERIOR SP MG - RIO DE JANEIRO;0;1 CLASSE GTV;ANTT;RODOVIARIO          ;0;9;8004441;7;CAMPINAS (SP) - RIO DE JANEIRO (RJ);0;Demais Mercados;Normal;Seccionado;Regional SP - ANTT;503,7
7281;COMETA;VOLTA REDONDA;VOLTA REDONDA (RJ) - SAO PAULO (SP);SAO PAULO - VALE DO PARAIBA;0;1 CLASSE GTV;ANTT;RODOVIARIO          ;0;9;7007441;7;VOLTA REDONDA (RJ) - SAO PAULO (SP);0;Demais Mercados;Normal;Seccionado;Regional SP - ANTT;316,9
7437;COMETA;CAMPINAS;PIRACICABA (SP) - RIO DE JANEIRO (RJ);INTERIOR SP MG - RIO DE JANEIRO;0;1 CLASSE GTV;ANTT;RODOVIARIO          ;0;9;8004741;7;PIRACICABA (SP) - RIO DE JANEIRO (RJ);0;Demais Mercados;Normal;Seccionado;Regional SP - ANTT;558,9
7447;COMETA;SAO JOSE DO RIO PRETO;SAO PAULO (SP) - SAO JOSE DO RIO PRETO (SP);SAO PAULO - SAO JOSE DO RIO PRETO;0;1 CLASSE GTV;ARTESP;RODOVIARIO          ;0;9;1,38E+02;7;SAO PAULO (SP) - SAO JOSE DO RIO PRETO (SP);0;Vedetes;Normal;Seccionado;Regional SP - Interior;435
7470;WEMOBI;WEMOBI;BELO HORIZONTE (MG) - RIO DE JANEIRO (RJ);WEMOBI;0;COMFORT POP EXECUTIVO;ANTT;RODOVIARIO          ;0;9;6030561;7;BELO HORIZONTE (MG) - RIO DE JANEIRO (RJ);0;Demais Mercados;Normal;Seccionado;WEMOBI;442,3
7519;COMETA;POCOS DE CALDAS;SAO PAULO (SP) - POCOS DE CALDAS (MG);SAO PAULO - CAMPINAS - POCOS ;0;LEITO GTV;ANTT;RODOVIARIO          ;0;9;SPMG0041015;7;SAO PAULO (SP) - POCOS DE CALDAS (MG);0;Demais Mercados;Normal;Seccionado;Regional SP - Curtas;268,5
7752;WEMOBI;WEMOBI;SAO PAULO (SP) - RIBEIRAO PRETO (SP);WEMOBI;0;COMFORT POP EXECUTIVO;ANTT;RODOVIARIO          ;0;9;6376A-1;7;SAO PAULO (SP) - RIBEIRAO PRETO (SP);0;Demais Mercados;Normal;Seccionado;WEMOBI;172
7841;COMETA;BELO HORIZONTE;BELO HORIZONTE (MG) - RIO DE JANEIRO (RJ);BELO HORIZONTE - RIO DE JANEIRO;0;LEITO;ANTT;RODOVIARIO          ;0;9;6030541;7;BELO HORIZONTE (MG) - RIO DE JANEIRO (RJ);0;Vedetes;Normal;Seccionado;Regional SP - ANTT;442,3
30033;CATARINENSE;SÃO PAULO;RIO DE JANEIRO (RJ) - SAO PAULO (SP);SOROCABA - RIO ;0;LEITO DD;ANTT;RODOVIARIO          ;0;9;RJSP0001061;3;RIO DE JANEIRO (RJ) - SAO PAULO (SP);0;;;;Regional Sul;412
30085;CATARINENSE;FOZ DO IGUACU;FOZ DO IGUACU (PR) - SAO PAULO (SP) - RECORTE GRP;FOZ - SAO PAULO;0;CAMA;ANTT;RODOVIARIO          ;0;9;PRSP0001037;3;FOZ DO IGUACU (PR) - SAO PAULO (SP) - RECORTE GRP;0;Demais Mercados;Normal;Seccionado;Regional Sul;670,01
3047;WEMOBI;WEMOBI;RIO DE JANEIRO (RJ) - SAU PAULO (SP);WEMOBI;452;PREMIUM;ANTT;RODOVIARIO          ;0;10;7017741;3;RIO DE JANEIRO (RJ) - SAU PAULO (SP);452;Demais Mercados;Normal;Seccionado;WEMOBI;472
7750;WEMOBI;WEMOBI;SAO PAULO (SP) - BELO HORIZONTE (MG);WEMOBI;0;PREMIUM;ANTT;RODOVIARIO          ;0;10;8005641;7;SAO PAULO (SP) - BELO HORIZONTE (MG);0;Demais Mercados;Normal;Seccionado;WEMOBI;595,1
7748;WEMOBI;WEMOBI;CAMPINAS (SP) - RIO DE JANEIRO (RJ);WEMOBI;0;PREMIUM;ANTT;RODOVIARIO          ;0;12;8034041;7;CAMPINAS (SP) - RIO DE JANEIRO (RJ);0;Demais Mercados;Normal;Seccionado;WEMOBI;404,62
2021;1001;SAO PAULO;DUQUE DE CAXIAS (RJ) - SAO PAULO (SP);SP - BAIXADA e CPO GRN;0;SEMILTO. DD;ANTT;RODOVIARIO;0;16;SPRJ0010020;2;DUQUE DE CAXIAS (RJ) - SAO PAULO (SP);0;Demais Mercados;Normal;Seccionado;Regional Rio;398,09
2025;1001;SAO PAULO;DUQUE DE CAXIAS (RJ) - SAO PAULO (SP);SP - BAIXADA e CPO GRN;0;SEMILTO. DD;ANTT;RODOVIARIO;0;16;SPRJ0010020;2;DUQUE DE CAXIAS (RJ) - SAO PAULO (SP);0;Demais Mercados;Normal;Seccionado;Regional Rio;398,09
2027;1001;SAO PAULO;RIO DE JANEIRO CPG (RJ) - SAO PAULO (SP);SP - BAIXADA e CPO GRN;0;SEMILTO. DD;ANTT;RODOVIARIO;0;16;RJSP0010013;2;RIO DE JANEIRO CPG (RJ) - SAO PAULO (SP);0;Demais Mercados;Normal;Direto;Regional Rio;433,8
2035;1001;SAO PAULO;SAO PAULO (SP) - DUQUE DE CAXIAS (RJ);SP - BAIXADA e CPO GRN;0;SEMILTO. DD;ANTT;RODOVIARIO;0;16;SPRJ0010020;2;SAO PAULO (SP) - DUQUE DE CAXIAS (RJ);0;Demais Mercados;Normal;Seccionado;Regional Rio;398,09
2168;1001;SAO PAULO;NITEROI (RJ) - SAO PAULO (SP) - VIA NOVO RIO;SP - NIT/CPS/MAC/FRIB/CBF;445,6;SEMILTO. DD;ANTT;RODOVIARIO          ;1;16;RJSP0010017;2;NITEROI (RJ) - SAO PAULO (SP) - VIA NOVO RIO;445,6;Demais Mercados;Normal;Seccionado;Regional Rio;445,6
2982;1001;SAO PAULO;SAO PAULO (SP) - RIO DE JANEIRO (RJ);SAO PAULO - RIO DE JANEIRO;0;SEMILTO. DD;ANTT;RODOVIARIO          ;0;16;SPRJ0010030;2;SAO PAULO (SP) - RIO DE JANEIRO (RJ);0;Vedetes;Normal;Direto;Regional Rio;433,8
2984;1001;SAO PAULO;CABO FRIO (RJ) - SAO PAULO (SP);SP - NIT/CPS/MAC/FRIB/CBF;0;SEMILTO. DD;ANTT;RODOVIARIO          ;0;16;RJSP0010009;2;CABO FRIO (RJ) - SAO PAULO (SP);0;Demais Mercados;Normal;Seccionado;Regional Rio;582
2986;1001;SAO PAULO;NITEROI (RJ) - SAO PAULO (SP);SP - NIT/CPS/MAC/FRIB/CBF;0;SEMILTO. DD;ANTT;RODOVIARIO          ;0;16;RJSP0010022;2;NITEROI (RJ) - SAO PAULO (SP);0;Demais Mercados;Normal;Direto;Regional Rio;445,6
2988;1001;SAO PAULO;RIO DE JANEIRO CPG (RJ) - SAO PAULO (SP);SP - BAIXADA E CPO GRN;0;SEMILTO. DD;ANTT;RODOVIARIO          ;0;16;RJSP0010013;2;RIO DE JANEIRO CPG (RJ) - SAO PAULO (SP);0;Demais Mercados;Normal;Direto;Regional Rio;433,8
3004;CATARINENSE;FLORIANOPOLIS;FLORIANOPOLIS (SC) - CAMPINAS (SP);SP - LITORAL SC;0;SEMILTO. DD;ANTT;RODOVIARIO;0;16;16008431;3;FLORIANOPOLIS (SC) - CAMPINAS (SP);0;Vedetes;Normal;Seccionado;Regional Sul;763,85
3007;CATARINENSE;SÃO PAULO;RIO DE JANEIRO (RJ) - SAO PAULO (SP);SAO PAULO - RIO DE JANEIRO;0;SEMILTO. DD;ANTT;RODOVIARIO;0;16;7020930;3;RIO DE JANEIRO (RJ) - SAO PAULO (SP);0;Vedetes;Normal;Direto;Regional Sul;396,59
3015;CATARINENSE;CURITIBA;CURITIBA (PR) - FLORIANOPOLIS (SC);CURITIBA - LITORAL SC;0;SEMILTO. DD;ANTT;RODOVIARIO;0;16;PRSC0001015;3;CURITIBA (PR) - FLORIANOPOLIS (SC);0;Vedetes;Normal;Seccionado;Regional Sul;287,15
3045;CATARINENSE;FOZ DO IGUACU;CURITIBA (PR) - FOZ DO IGUACU (PR);CURITIBA - FOZ;654,2;CONV. DD;DER/PR;RODOVIARIO          ;1;52;20063500;3;CURITIBA (PR) - FOZ DO IGUACU (PR);654,2;Vedetes;Normal;Seccionado;Regional Sul;654,2
3054;CATARINENSE;SÃO PAULO;RIO DE JANEIRO (RJ) - SAO PAULO (SP);SAO PAULO - RIO DE JANEIRO;0;SEMILTO. DD;ANTT;RODOVIARIO          ;0;16;RJSP0001006;3;RIO DE JANEIRO (RJ) - SAO PAULO (SP);0;Vedetes;Normal;Seccionado;Regional Sul;396,59
3056;CATARINENSE;SÃO PAULO;RIO DE JANEIRO (RJ) - SAO PAULO (SP);SAO PAULO - RIO DE JANEIRO;0;SEMILTO. DD;ANTT;RODOVIARIO          ;0;16;RJSP0001006;3;RIO DE JANEIRO (RJ) - SAO PAULO (SP);0;Vedetes;Normal;Seccionado;Regional Sul;396,59
3068;WEMOBI;WEMOBI;MARINGA (PR) - SAO PAULO (SP);WEMOBI;0;COMFORT PLUS SEMI LEITO;ANTT;RODOVIARIO          ;0;16;9032830;3;MARINGA (PR) - SAO PAULO (SP);0;Demais Mercados;Normal;Seccionado;WEMOBI;631,7
3073;WEMOBI;WEMOBI;RIO DE JANEIRO (RJ) - SAO PAULO (SP);WEMOBI;452;PREMIUM;ANTT;RODOVIARIO          ;1;16;7017741;3;RIO DE JANEIRO (RJ) - SAO PAULO (SP);452;Demais Mercados;Normal;Seccionado;WEMOBI;411
3075;CATARINENSE;FOZ DO IGUACU;CURITIBA (PR) - FLORIANOPOLIS (SC) CNX FOZ;SC - FOZ;0;SEMILTO. DD;ANTT;RODOVIARIO          ;0;16;PRSC0001057;3;CURITIBA (PR) - FLORIANOPOLIS (SC) CNX FOZ;0;Demais Mercados;Normal;Seccionado;Regional Sul;302,7
3077;CATARINENSE;CURITIBA;CURITIBA (PR) - FLORIANOPOLIS (SC);CURITIBA - LITORAL SC;0;SEMILTO. DD;ANTT;RODOVIARIO          ;0;16;PRSC0001057;3;CURITIBA (PR) - FLORIANOPOLIS (SC);0;Vedetes;Normal;Seccionado;Regional Sul;297,14
3189;CATARINENSE;CURITIBA;CURITIBA (PR) - FLORIANOPOLIS (SC) VIA ITJ-CMB;CURITIBA - LITORAL SC;0;SEMILTO. DD;ANTT;RODOVIARIO          ;0;16;9003231;3;CURITIBA (PR) - FLORIANOPOLIS (SC) VIA ITJ-CMB;0;Vedetes;Normal;Seccionado;Regional Sul;302,7
3196;CATARINENSE;FLORIANOPOLIS;FLORIANOPOLIS (SC) - CAMPINAS (SP);SP - LITORAL SC;0;EXEC. DD;ANTT;RODOVIARIO          ;0;16;16008461;3;FLORIANOPOLIS (SC) - CAMPINAS (SP);0;Vedetes;Normal;Seccionado;Regional Sul;803,85
3338;CATARINENSE;CURITIBA;CURITIBA (PR) - FLORIANOPOLIS (SC) VIA CMB-TJC;CURITIBA - LITORAL SC;0;SEMILTO. DD;ANTT;RODOVIARIO          ;0;16;9035931;3;CURITIBA (PR) - FLORIANOPOLIS (SC) VIA CMB-TJC;0;Vedetes;Normal;Seccionado;Regional Sul;302,7
3340;CATARINENSE;CURITIBA;CURITIBA (PR) - FLORIANOPOLIS (SC) DIRETO;CURITIBA - LITORAL SC;0;SEMILTO. DD;ANTT;RODOVIARIO          ;0;16;9037831;3;CURITIBA (PR) - FLORIANOPOLIS (SC) DIRETO;0;Vedetes;Normal;Seccionado;Regional Sul;297,15
3476;CATARINENSE;CURITIBA;CURITIBA (PR) - FLORIANOPOLIS (SC);CURITIBA - LITORAL SC;0;SEMILTO. DD;ANTT;RODOVIARIO          ;0;16;9035731;3;CURITIBA (PR) - FLORIANOPOLIS (SC);0;Vedetes;Normal;Seccionado;Regional Sul;297,15
3478;CATARINENSE;CURITIBA;CURITIBA (PR) - FLORIANOPOLIS (SC);CURITIBA - LITORAL SC;0;SEMILTO. DD;ANTT;RODOVIARIO          ;0;16;9035931;3;CURITIBA (PR) - FLORIANOPOLIS (SC);0;Vedetes;Normal;Seccionado;Regional Sul;325,35
3480;CATARINENSE;CURITIBA;CURITIBA (PR) - FLORIANOPOLIS (SC);CURITIBA - LITORAL SC;0;SEMILTO. DD;ANTT;RODOVIARIO          ;0;16;9003231;3;CURITIBA (PR) - FLORIANOPOLIS (SC);0;Vedetes;Normal;Seccionado;Regional Sul;297,15
3482;CATARINENSE;CURITIBA;CURITIBA (PR) - FLORIANOPOLIS (SC);CURITIBA - LITORAL SC;0;SEMILTO. DD;ANTT;RODOVIARIO          ;0;16;PRSC0001057;3;CURITIBA (PR) - FLORIANOPOLIS (SC);0;Vedetes;Normal;Seccionado;Regional Sul;302,7
3484;CATARINENSE;FLORIANOPOLIS;FLORIANOPOLIS (SC) - SAO PAULO (SP);SP - LITORAL SC;0;SEMILTO. DD;ANTT;RODOVIARIO          ;0;16;16009330;3;FLORIANOPOLIS (SC) - SAO PAULO (SP);0;Vedetes;Normal;Seccionado;Regional Sul;643,3
3486;CATARINENSE;FLORIANOPOLIS;FLORIANOPOLIS (SC) - SAO PAULO (SP);SP - LITORAL SC;0;SEMILTO. DD;ANTT;RODOVIARIO          ;0;16;16009230;3;FLORIANOPOLIS (SC) - SAO PAULO (SP);0;Vedetes;Normal;Seccionado;Regional Sul;691,25
3488;CATARINENSE;FLORIANOPOLIS;FLORIANOPOLIS (SC) - SAO PAULO (SP);SP - LITORAL SC;0;SEMILTO. DD;ANTT;RODOVIARIO          ;0;16;16009130;3;FLORIANOPOLIS (SC) - SAO PAULO (SP);0;Vedetes;Normal;Seccionado;Regional Sul;691,25
3490;CATARINENSE;FLORIANOPOLIS;FLORIANOPOLIS (SC) - SAO CAETANO DO SUL (SP);ABC LITORAL - SC ;0;SEMILTO. DD;ANTT;RODOVIARIO          ;0;16;SCSP0001040;3;FLORIANOPOLIS (SC) - SAO CAETANO DO SUL (SP);0;Demais Mercados;Normal;Seccionado;Regional Sul;759,89
3492;CATARINENSE;FLORIANOPOLIS;FLORIANOPOLIS (SC) - CAMPINAS (SP);SP - LITORAL SC;0;SEMILTO. DD;ANTT;RODOVIARIO          ;0;16;16008431;3;FLORIANOPOLIS (SC) - CAMPINAS (SP);0;Vedetes;Normal;Seccionado;Regional Sul;833,85
3494;CATARINENSE;FLORIANOPOLIS;FLORIANOPOLIS (SC) - CAMPINAS (SP);SP - LITORAL SC;0;SEMILTO. DD;ANTT;RODOVIARIO          ;0;16;16008431;3;FLORIANOPOLIS (SC) - CAMPINAS (SP);0;Vedetes;Normal;Seccionado;Regional Sul;804,86
3496;CATARINENSE;BALNEARIO CAMBORIU;BALNEARIO CAMBORIU (SC) - SAO PAULO (SP);SP - LITORAL SC;0;SEMILTO. DD;ANTT;RODOVIARIO          ;0;16;SCSP0001020;3;BALNEARIO CAMBORIU (SC) - SAO PAULO (SP);0;Vedetes;Normal;Seccionado;Regional Sul;614,25
3498;CATARINENSE;FLORIANOPOLIS;FLORIANOPOLIS (SC) - SAO PAULO (SP);SP - LITORAL SC;0;SEMILTO. DD;ANTT;RODOVIARIO          ;0;16;16012430;3;FLORIANOPOLIS (SC) - SAO PAULO (SP);0;Vedetes;Normal;Seccionado;Regional Sul;721,25
3608;CATARINENSE;FLORIANOPOLIS;FLORIANOPOLIS (SC) - SAO CAETANO DO SUL (SP);ABC LITORAL - SC ;0;SEMILTO. DD;ANTT;RODOVIARIO          ;0;16;16013431;3;FLORIANOPOLIS (SC) - SAO CAETANO DO SUL (SP);0;Demais Mercados;Normal;Seccionado;Regional Sul;737,12
3662;CATARINENSE;CURITIBA;CURITIBA (PR) - PORTO ALEGRE (RS);CURITIBA - PORTO ALEGRE;0;SEMILTO. DD;ANTT;RODOVIARIO          ;0;16;9004331;3;CURITIBA (PR) - PORTO ALEGRE (RS);0;Demais Mercados;Normal;Seccionado;Regional Sul;749,55
3700;CATARINENSE;FLORIANOPOLIS;FLORIANOPOLIS (SC) - SAO PAULO (SP);SP - LITORAL SC;0;SEMILTO. DD;ANTT;RODOVIARIO          ;0;16;SCSP0001031;3;FLORIANOPOLIS (SC) - SAO PAULO (SP);0;Vedetes;Normal;Seccionado;Regional Sul;691,25
3709;CATARINENSE;BALNEARIO CAMBORIU;BALNEARIO CAMBORIU (SC) - SAO PAULO (SP);SP - LITORAL SC;0;CAMA;ANTT;RODOVIARIO          ;0;8;SCSP0001020;3;BALNEARIO CAMBORIU (SC) - SAO PAULO (SP);0;Vedetes;Normal;Seccionado;Regional Sul;614,26
4851;EXPRESSO;EXPRESSO DO SUL;SAO PAULO (SP) - RIO DE JANEIRO (RJ);SAO PAULO - RIO DE JANEIRO;0;SEMILTO. DD;ANTT;RODOVIARIO          ;0;16;SPRJ0036008;4;SAO PAULO (SP) - RIO DE JANEIRO (RJ);0;Vedetes;Normal;Direto;Regional SP - ANTT;426,7
7472;COMETA;FRANCA;SAO PAULO (SP) - FRANCA (SP);SAO PAULO - FRANCA;0;EXEC. DD;ARTESP;RODOVIARIO          ;0;16;0828A-1;7;SAO PAULO (SP) - FRANCA (SP);0;Vedetes;Normal;Seccionado;Regional SP - Interior;418
7532;COMETA;BELO HORIZONTE;BELO HORIZONTE (MG) - RIO DE JANEIRO (RJ);BELO HORIZONTE - RIO DE JANEIRO;0;SEMILTO. DD;ANTT;RODOVIARIO;0;16;MGRJ0041052;7;BELO HORIZONTE (MG) - RIO DE JANEIRO (RJ);0;Vedetes;Normal;Seccionado;Regional SP - ANTT;442,3
7534;COMETA;BELO HORIZONTE;CAMPINAS (SP) - BELO HORIZONTE (MG) (VIA CONTAGEM);SAO PAULO - BELO HORIZONTE;0;SEMILTO. DD;ANTT;RODOVIARIO          ;0;16;8020731;7;CAMPINAS (SP) - BELO HORIZONTE (MG) (VIA CONTAGEM);0;Vedetes;Normal;Seccionado;Regional SP - ANTT;521,71
7536;COMETA;BELO HORIZONTE;SAO PAULO (SP) - BELO HORIZONTE (MG);SAO PAULO - BELO HORIZONTE;0;SEMILTO. DD;ANTT;RODOVIARIO          ;0;16;SPMG0041058;7;SAO PAULO (SP) - BELO HORIZONTE (MG);0;Vedetes;Normal;Seccionado;Regional SP - ANTT;595,1
7561;COMETA;BELO HORIZONTE;SAO PAULO (SP) - BELO HORIZONTE (MG);SAO PAULO - BELO HORIZONTE;0;SEMILTO. DD;ANTT;RODOVIARIO;0;16;8005631;7;SAO PAULO (SP) - BELO HORIZONTE (MG);0;Vedetes;Normal;Seccionado;Regional SP - ANTT;595,1
7756;COMETA;RIBEIRAO PRETO;ABC (SP) - RIBEIRAO PRETO (SP);SAO PAULO - RIBEIRAO PRETO;0;EXEC. DD;ARTESP;RODOVIARIO          ;0;16;6376-E1;7;ABC (SP) - RIBEIRAO PRETO (SP);0;Vedetes;Normal;Seccionado;Regional SP - Interior;354
7758;COMETA;RIBEIRAO PRETO;SAO PAULO (SP) - RIBEIRAO PRETO (SP);SAO PAULO - RIBEIRAO PRETO;0;EXEC. DD;ARTESP;RODOVIARIO          ;0;16;6376A-1;7;SAO PAULO (SP) - RIBEIRAO PRETO (SP);0;Vedetes;Normal;Seccionado;Regional SP - Interior;319
2659;1001;MARUI;NOVA FRIBURGO (RJ) - RIO DAS OSTRAS (RJ) (VIA LUMIAR);FRIBURGO - LITORAL;101,2;CONVENCIONAL;DETRO/RJ;SELETIVO            ;1;24;2659;2;NOVA FRIBURGO (RJ) - RIO DAS OSTRAS (RJ) (VIA LUMIAR);101,2;Demais Mercados;Normal;Seccionado;Regional Rio;
2679;1001;MARUI;NOVA FRIBURGO (RJ) - MACAE (RJ) (VIA LUMIAR);FRIBURGO - LITORAL;132;CONVENCIONAL;DETRO/RJ;SELETIVO            ;1;24;2679;2;NOVA FRIBURGO (RJ) - MACAE (RJ) (VIA LUMIAR);132;Demais Mercados;Normal;Seccionado;Regional Rio;
3345;CATARINENSE;CURITIBA;CURITIBA (PR) - FLORIANOPOLIS (SC);CURITIBA - LITORAL SC;297,75;SEMI LEITO;ANTT;RODOVIARIO          ;1;24;9004431;3;CURITIBA (PR) - FLORIANOPOLIS (SC);297,75;Vedetes;Normal;Seccionado;Regional Sul;297,75
3461;CATARINENSE;BLUMENAU;BRUSQUE (SC) - SAO PAULO (SP);SP - INTERIOR SC ;667,7;LEITO;ANTT;RODOVIARIO          ;1;24;16000241;3;BRUSQUE (SC) - SAO PAULO (SP);667,7;Demais Mercados;Normal;Seccionado;Regional Sul;667,7
3775;CATARINENSE;FLORIANOPOLIS;FLORIANOPOLIS (SC) - CAMPINAS (SP);SP - LITORAL SC;803,85;LEITO;ANTT;RODOVIARIO          ;1;24;16008441;3;FLORIANOPOLIS (SC) - CAMPINAS (SP);803,85;Vedetes;Normal;Seccionado;Regional Sul;803,85
3865;CATARINENSE;SÃO PAULO;RIO DE JANEIRO (RJ) - SOROCABA (SP);SOROCABA - RIO ;519,28;LEITO;ANTT;RODOVIARIO          ;1;24;RJSP0001004;3;RIO DE JANEIRO (RJ) - SOROCABA (SP);519,28;Vedetes;Normal;Direto;Regional Sul;519,29
3976;CATARINENSE;FLORIANOPOLIS;FLORIANOPOLIS (SC) - SAO PAULO (SP);SP - LITORAL SC;643,29;LEITO;ANTT;RODOVIARIO          ;1;24;16009541;3;FLORIANOPOLIS (SC) - SAO PAULO (SP);643,29;Vedetes;Normal;Seccionado;Regional Sul;643,3
4103;EXPRESSO;EXPRESSO DO SUL;SAO PAULO (SP) - RIO DE JANEIRO (RJ);SAO PAULO - RIO DE JANEIRO;433,8;LEITO;ANTT;RODOVIARIO          ;1;24;8009741;4;SAO PAULO (SP) - RIO DE JANEIRO (RJ);433,8;Vedetes;Normal;Direto;Regional SP - ANTT;433,8
4132;EXPRESSO;EXPRESSO DO SUL;SAO PAULO (SP) - RIO DE JANEIRO (RJ);SAO PAULO - RIO DE JANEIRO;433,8;SEMILEITO GTV;ANTT;RODOVIARIO          ;1;24;8009731;4;SAO PAULO (SP) - RIO DE JANEIRO (RJ);433,8;Vedetes;Normal;Direto;Regional SP - ANTT;433,8
4135;EXPRESSO;EXPRESSO DO SUL;SAO PAULO (SP) - RIO DE JANEIRO (RJ);SAO PAULO - RIO DE JANEIRO;434,8;SEMILEITO GTV;ANTT;RODOVIARIO          ;1;24;8009731;4;SAO PAULO (SP) - RIO DE JANEIRO (RJ);434,8;Vedetes;Normal;Direto;Regional SP - ANTT;434,8
4445;EXPRESSO;EXPRESSO DO SUL;SAO PAULO (SP) - RIO DE JANEIRO (RJ);SAO PAULO - RIO DE JANEIRO;433,8;EXECUTIVO;ANTT;RODOVIARIO          ;1;24;8009761;4;SAO PAULO (SP) - RIO DE JANEIRO (RJ);433,8;Vedetes;Normal;Direto;Regional SP - ANTT;433,8
4448;EXPRESSO;EXPRESSO DO SUL;SAO PAULO (SP) - RIO DE JANEIRO (RJ);SAO PAULO - RIO DE JANEIRO;433,8;CONVENCIONAL;ANTT;RODOVIARIO          ;1;24;8009700;4;SAO PAULO (SP) - RIO DE JANEIRO (RJ);433,8;Vedetes;Normal;Direto;Regional SP - ANTT;433,8
6058;RAPIDO;SAO PAULO;RIBEIRAO PRETO (SP) - SAO PAULO (SP);RAPIDO R. PRETO;319;LEITO;ARTESP;RODOVIARIO          ;1;24;6267A-1;6;RIBEIRAO PRETO (SP) - SAO PAULO (SP);319;Demais Mercados;Normal;Direto;Regional SP - Interior;319
7042;COMETA;BELO HORIZONTE;BELO HORIZONTE (MG) - RIO DE JANEIRO (RJ);BELO HORIZONTE - RIO DE JANEIRO;442,3;LEITO;ANTT;RODOVIARIO          ;1;24;6030541;7;BELO HORIZONTE (MG) - RIO DE JANEIRO (RJ);442,3;Vedetes;Normal;Seccionado;Regional SP - ANTT;442,3
7043;COMETA;BELO HORIZONTE;SAO PAULO (SP) - BELO HORIZONTE (MG);SAO PAULO - BELO HORIZONTE;595,1;LEITO;ANTT;RODOVIARIO          ;1;24;8005641;7;SAO PAULO (SP) - BELO HORIZONTE (MG);595,1;Vedetes;Normal;Seccionado;Regional SP - ANTT;595,1
7044;COMETA;JUIZ DE FORA;SAO PAULO (SP) - JUIZ DE FORA (MG);SAO PAULO - SUL DE MINAS;513,7;LEITO;ANTT;RODOVIARIO          ;1;24;8006441;7;SAO PAULO (SP) - JUIZ DE FORA (MG);513,7;Demais Mercados;Normal;Seccionado;Regional SP - ANTT;513,7
7051;COMETA;SAO JOSE DO RIO PRETO;SAO PAULO (SP) - SAO JOSE DO RIO PRETO (SP);SAO PAULO - SAO JOSE DO RIO PRETO;435;LEITO;ARTESP;RODOVIARIO          ;1;24;1384L-1;7;SAO PAULO (SP) - SAO JOSE DO RIO PRETO (SP);435;Vedetes;Normal;Seccionado;Regional SP - Interior;435
7119;COMETA;CURITIBA;JUNDIAI (SP) - CURITIBA (PR);SAO PAULO - CURITIBA;461,45;LEITO;ANTT;RODOVIARIO          ;1;24;8004541;7;JUNDIAI (SP) - CURITIBA (PR);461,45;Vedetes;Normal;Seccionado;Regional SP - ANTT;461,46
7122;COMETA;JUIZ DE FORA;SAO PAULO (SP) - JUIZ DE FORA (MG);SAO PAULO - SUL DE MINAS;513,7;SEMILEITO GTV;ANTT;RODOVIARIO          ;1;24;8006331;7;SAO PAULO (SP) - JUIZ DE FORA (MG);513,7;Demais Mercados;Normal;Seccionado;Regional SP - ANTT;513,7
7125;COMETA;BELO HORIZONTE;SAO PAULO (SP) - BELO HORIZONTE (MG);SAO PAULO - BELO HORIZONTE;595,1;SEMILEITO GTV;ANTT;RODOVIARIO          ;1;24;8005631;7;SAO PAULO (SP) - BELO HORIZONTE (MG);595,1;Vedetes;Normal;Seccionado;Regional SP - ANTT;595,1
7126;COMETA;CURITIBA;SAO PAULO (SP) - CURITIBA (PR);SAO PAULO - CURITIBA;431,1;SEMILEITO GTV;ANTT;RODOVIARIO          ;1;24;8006231;7;SAO PAULO (SP) - CURITIBA (PR);431,1;Vedetes;Normal;Seccionado;Regional SP - ANTT;431,1
7157;COMETA;CAMPINAS;CAMPINAS (SP) - RIO DE JANEIRO (RJ);INTERIOR SP MG - RIO DE JANEIRO;503,69;EXEC GTV;ANTT;RODOVIARIO          ;1;24;8004461;7;CAMPINAS (SP) - RIO DE JANEIRO (RJ);503,69;Demais Mercados;Normal;Seccionado;Regional SP - ANTT;503,7
7181;COMETA;VOLTA REDONDA;VOLTA REDONDA (RJ) - SAO PAULO (SP);SAO PAULO - VALE DO PARAIBA;316,89;SEMILEITO GTV;ANTT;RODOVIARIO          ;1;24;7007431;7;VOLTA REDONDA (RJ) - SAO PAULO (SP);316,89;Demais Mercados;Normal;Seccionado;Regional SP - ANTT;316,9
7255;COMETA;RIBEIRAO PRETO;SAO PAULO (SP) - RIBEIRAO PRETO (SP);SAO PAULO - RIBEIRAO PRETO;319;LEITO;ARTESP;RODOVIARIO          ;1;24;6376A-1;7;SAO PAULO (SP) - RIBEIRAO PRETO (SP);319;Vedetes;Normal;Seccionado;Regional SP - Interior;319
7298;COMETA;CURITIBA;SAO PAULO (CNX) (SP) - CAMPINAS (SP);SAO PAULO - CURITIBA;104;CONVENCIONAL;ARTESP;RODOVIARIO          ;1;24;9413A-1;7;SAO PAULO (CNX) (SP) - CAMPINAS (SP);104;Vedetes;Normal;Seccionado;Regional SP - ANTT;104
7337;COMETA;CAMPINAS;PIRACICABA (SP) - RIO DE JANEIRO (RJ);INTERIOR SP MG - RIO DE JANEIRO;558,89;EXEC GTV;ANTT;RODOVIARIO          ;1;24;8004761;7;PIRACICABA (SP) - RIO DE JANEIRO (RJ);558,89;Demais Mercados;Normal;Seccionado;Regional SP - ANTT;558,9
7398;COMETA;CURITIBA;SAO PAULO (CNX) (SP) - CAMPINAS (SP);SAO PAULO - CURITIBA;104;CONVENCIONAL;ARTESP;RODOVIARIO          ;1;24;9413A-1;7;SAO PAULO (CNX) (SP) - CAMPINAS (SP);104;Vedetes;Normal;Seccionado;Regional SP - ANTT;104
7446;COMETA;SAO JOSE DO RIO PRETO;SAO PAULO (SP) - SAO JOSE DO RIO PRETO (SP);SAO PAULO - SAO JOSE DO RIO PRETO;435;EXEC GTV;ARTESP;RODOVIARIO          ;1;24;1,38E+02;7;SAO PAULO (SP) - SAO JOSE DO RIO PRETO (SP);435;Vedetes;Normal;Seccionado;Regional SP - Interior;435
7728;COMETA;CAMPINAS;PIRACICABA (SP) - RIO DE JANEIRO (RJ);INTERIOR SP MG - RIO DE JANEIRO;558,89;SEMI LEITO GTV;ANTT;RODOVIARIO          ;1;24;8004731;7;PIRACICABA (SP) - RIO DE JANEIRO (RJ);558,89;Demais Mercados;Normal;Seccionado;Regional SP - ANTT;558,9
7741;COMETA;FRANCA;SAO PAULO (SP) - FRANCA (SP);SAO PAULO - FRANCA;387;LEITO;ARTESP;RODOVIARIO;1;24;8,28E+01;7;SAO PAULO (SP) - FRANCA (SP);387;Vedetes;Normal;Seccionado;Regional SP - Interior;387
7840;COMETA;BELO HORIZONTE;BELO HORIZONTE (MG) - RIO DE JANEIRO (RJ);BELO HORIZONTE - RIO DE JANEIRO;442,3;EXECUTIVO;ANTT;RODOVIARIO          ;1;46;MGRJ0041052;7;BELO HORIZONTE (MG) - RIO DE JANEIRO (RJ);442,3;Vedetes;Normal;Seccionado;Regional SP - ANTT;442,3
3448;CATARINENSE;BLUMENAU;BRUSQUE (SC) - SAO PAULO (SP);SP - INTERIOR SC;667,7;LEITO;ANTT;RODOVIARIO          ;1;24;16000241;3;BRUSQUE (SC) - SAO PAULO (SP);667,7;;;;Regional Sul;667,7
3520;CATARINENSE;SÃO PAULO;GUARAPUAVA (PR) - SAO PAULO (SP);FOZ - RIO DE JANEIRO;716,21;LEITO;ANTT;RODOVIARIO          ;1;24;9033341;3;GUARAPUAVA (PR) - SAO PAULO (SP);716,21;;;;Regional Sul;716,21
7678;COMETA;CURITIBA;SAO PAULO (SP) - CURITIBA (PR);SAO PAULO - CURITIBA;431,1;LEITO;ANTT;RODOVIARIO          ;1;24;8006241;7;SAO PAULO (SP) - CURITIBA (PR);431,1;;;;Regional SP - ANTT;431,1
30022;CATARINENSE;FLORIANOPOLIS;FLORIANOPOLIS (SC) - SAO PAULO (SP);SP - LITORAL SC;700;LEITO;ANTT;RODOVIARIO          ;1;24;16021341;3;FLORIANOPOLIS (SC) - SAO PAULO (SP);700;;;;Regional Sul;700
7113;COMETA;ITAPETININGA;SAO PAULO (SP) - ITAPETININGA (SP);SAO PAULO - ITAPETININGA;182;EXEC GTV;ARTESP;RODOVIARIO          ;1;33;0737B-1;7;SAO PAULO (SP) - ITAPETININGA (SP);182;Demais Mercados;Normal;Seccionado;Regional SP - Curtas;182
7137;COMETA;FRANCA;SAO PAULO (SP) - FRANCA (SP);SAO PAULO - FRANCA;453;EXEC GTV;ARTESP;RODOVIARIO          ;1;33;0828A-2;7;SAO PAULO (SP) - FRANCA (SP);453;Vedetes;Normal;Seccionado;Regional SP - Interior;453
7143;COMETA;ARARAQUARA;SAO PAULO (SP) - ARARAQUARA (SP);SAO PAULO - ARARAQUARA;278;CONV. GTV;ARTESP;RODOVIARIO          ;1;33;6858A-1;7;SAO PAULO (SP) - ARARAQUARA (SP);278;Vedetes;Normal;Seccionado;Regional SP - Interior;278
7154;COMETA;RIBEIRAO PRETO;SAO PAULO (SP) - RIBEIRAO PRETO (SP);SAO PAULO - RIBEIRAO PRETO;319;EXEC GTV;ARTESP;RODOVIARIO          ;1;33;6376A-1;7;SAO PAULO (SP) - RIBEIRAO PRETO (SP);319;Vedetes;Normal;Seccionado;Regional SP - Interior;319
7243;COMETA;ARARAQUARA;SAO PAULO (SP) - ARARAQUARA (SP);SAO PAULO - ARARAQUARA;278;EXEC 1 GTV;ARTESP;RODOVIARIO          ;1;33;6858A-1;7;SAO PAULO (SP) - ARARAQUARA (SP);278;Vedetes;Normal;Seccionado;Regional SP - Interior;278
7518;COMETA;POCOS DE CALDAS;SAO PAULO (SP) - POCOS DE CALDAS (MG);SAO PAULO - CAMPINAS - POCOS ;268,5;SEMI LEITO GTV;ANTT;RODOVIARIO          ;1;33;SPMG0041015;7;SAO PAULO (SP) - POCOS DE CALDAS (MG);268,5;Demais Mercados;Normal;Seccionado;Regional SP - Curtas;268,5
7147;COMETA;BELO HORIZONTE;BELO HORIZONTE (MG) - SOROCABA (SP);SAO PAULO - BELO HORIZONTE;680,89;EXEC GTV;ANTT;RODOVIARIO          ;1;33;6030960;7;BELO HORIZONTE (MG) - SOROCABA (SP);680,89;;;;Regional SP - ANTT;680,9
7187;COMETA;BELO HORIZONTE;BELO HORIZONTE (MG) - SOROCABA (SP);SAO PAULO - BELO HORIZONTE;0;1 CLASSE GTV;ANTT;RODOVIARIO          ;0;6;6030941;7;BELO HORIZONTE (MG) - SOROCABA (SP);0;;;;Regional SP - ANTT;680,9
7828;COMETA;CAMPINAS;PIRACICABA (SP) - RIO DE JANEIRO (RJ);INTERIOR SP MG - RIO DE JANEIRO;558,89;LEITO GTV;ANTT;RODOVIARIO          ;1;33;8004741;7;PIRACICABA (SP) - RIO DE JANEIRO (RJ);558,89;;;;Regional SP - ANTT;558,9
3100;WEMOBI;WEMOBI;RIO DE JANEIRO (RJ) - SAO PAULO (SP);WEMOBI;412,39;PREMIUM;ANTT;RODOVIARIO          ;1;37;7017741;3;RIO DE JANEIRO (RJ) - SAO PAULO (SP);412,39;Demais Mercados;Normal;Seccionado;WEMOBI;412,4
3101;WEMOBI;WEMOBI;RIO DE JANEIRO (RJ) - SAO PAULO (SP);WEMOBI;412,39;DREAM;ANTT;RODOVIARIO          ;1;37;7017751;3;RIO DE JANEIRO (RJ) - SAO PAULO (SP);412,39;Demais Mercados;Normal;Seccionado;WEMOBI;412,4
2151;1001;SAO PAULO;SAO PAULO (SP) - RIO DE JANEIRO (RJ);SAO PAULO - RIO DE JANEIRO;433,8;SEMI LEITO;ANTT;RODOVIARIO          ;1;40;SPRJ0010030;2;SAO PAULO (SP) - RIO DE JANEIRO (RJ);433,8;Vedetes;Normal;Direto;Regional Rio;433,8
2220;1001;SAO PAULO;MACAE (RJ) - NITEROI (RJ);SP - NIT/CPS/MAC/FRIB/CBF;180,69;EXECUTIVO;DETRO/RJ;RODOVIARIO          ;1;40;2220;2;MACAE (RJ) - NITEROI (RJ);180,69;Demais Mercados;Normal;Seccionado;Regional Rio;180,7
2506;1001;SAO PAULO;NITEROI (RJ) - SAO PAULO (SP);SP - NIT/CPS/MAC/FRIB/CBF;445,6;SEMI LEITO;ANTT;RODOVIARIO          ;1;40;RJSP0010022;2;NITEROI (RJ) - SAO PAULO (SP);445,6;Demais Mercados;Normal;Direto;Regional Rio;445,6
2536;1001;SAO PAULO;SAO PAULO (SP) - RIO DE JANEIRO (RJ);SAO PAULO - RIO DE JANEIRO;433,8;SEMI LEITO;ANTT;RODOVIARIO;1;40;SPRJ0010030;2;SAO PAULO (SP) - RIO DE JANEIRO (RJ);433,8;Vedetes;Normal;Direto;Regional Rio;433,8
2685;1001;ITAPERUNA;PIRAPETINGA (MG) - RIO DE JANEIRO (RJ);RIO - PIRAPETINGA/ITAPERUNA;237,19;SEMI LEITO;ANTT;RODOVIARIO          ;1;40;6033731;2;PIRAPETINGA (MG) - RIO DE JANEIRO (RJ);237,19;Demais Mercados;Normal;Seccionado;Regional Rio;237,2
2686;1001;ITAPERUNA;PIRAPETINGA (MG) - ITAPERUNA (RJ);RIO - PIRAPETINGA/ITAPERUNA;99,5;SEMI LEITO;ANTT;RODOVIARIO          ;1;40;MGRJ0010004;2;PIRAPETINGA (MG) - ITAPERUNA (RJ);99,5;Demais Mercados;Normal;Seccionado;Regional Rio;99,5
2689;1001;SAO PAULO;RIO DE JANEIRO (RJ) - SAO PAULO (SP);SP - BAIXADA E CPO GRN;433,8;SEMI LEITO;ANTT;RODOVIARIO          ;1;40;RJSP0010013;2;RIO DE JANEIRO (RJ) - SAO PAULO (SP);433,8;Demais Mercados;Normal;Direto;Regional Rio;433,8
2791;1001;SAO PAULO;NOVA FRIBURGO (RJ) - SAO PAULO (SP);SP - NIT/CPS/MAC/FRIB/CBF;558,61;EXECUTIVO;ANTT;RODOVIARIO          ;1;40;7010460;2;NOVA FRIBURGO (RJ) - SAO PAULO (SP);558,61;Demais Mercados;Normal;Seccionado;Regional Rio;558,61
2820;1001;CABO FRIO;BUZIOS (RJ) - AEROPORTO GALEAO (RJ);RIO - REG.LAGOS;197,69;SEMI LEITO;DETRO/RJ;RODOVIARIO          ;1;40;2820;2;BUZIOS (RJ) - AEROPORTO GALEAO (RJ);197,69;;;;Regional Rio;197,7
2942;1001;CAMPOS;BARCELOS (RJ) - CAMPOS (RJ);SANJOANENSE CAMPOSTUR URB;23;URBANO;DETRO/RJ;URBANO              ;1;42;2942;2;BARCELOS (RJ) - CAMPOS (RJ);23;Demais Mercados;Normal;Seccionado;Regional Rio;
2944;1001;CAMPOS;BARRA DO ACU (RJ) - CAMPOS (RJ);SANJOANENSE;119;URBANO;DETRO/RJ;URBANO              ;1;42;2944;2;BARRA DO ACU (RJ) - CAMPOS (RJ);119;Demais Mercados;Normal;Seccionado;Regional Rio;
2945;1001;CAMPOS;BARRA DO ACU (RJ) - CAMPOS (RJ) (BX GRANDE);SANJOANENSE CAMPOSTUR URB;59;URBANO;DETRO/RJ;URBANO              ;1;42;2945;2;BARRA DO ACU (RJ) - CAMPOS (RJ) (BX GRANDE);59;Demais Mercados;Normal;Seccionado;Regional Rio;
2996;WEMOBI;WEMOBI;NITEROI (RJ) - SAO PAULO (SP);WEMOBI;445,6;COMFORT PLUS SEMI LEITO;ANTT;RODOVIARIO          ;0;42;7009531;2;NITEROI (RJ) - SAO PAULO (SP);445,6;Demais Mercados;Normal;Direto;WEMOBI;445,6
3024;WEMOBI;WEMOBI;CURITIBA (PR) - PORTO ALEGRE (RS);WEMOBI;749,55;COMFORT PLUS SEMI LEITO;ANTT;RODOVIARIO;1;42;9052530;3;CURITIBA (PR) - PORTO ALEGRE (RS);749,55;Demais Mercados;Normal;Seccionado;WEMOBI;749,55
3502;CATARINENSE;FOZ DO IGUACU;SAO PAULO (SP) - FOZ DO IGUACU (PR);FOZ - SAO PAULO ;1006,05;CONVENCIONAL;ANTT;RODOVIARIO          ;1;42;8019400;3;SAO PAULO (SP) - FOZ DO IGUACU (PR);1006,05;Demais Mercados;Normal;Seccionado;Regional Sul;1006,05
3503;CATARINENSE;MARINGA;CAMPO MOURAO (PR) - APARECIDA (SP);SAO PAULO - MARINGA;875,57;CONVENCIONAL;ANTT;RODOVIARIO          ;1;42;PRSP0001041;3;CAMPO MOURAO (PR) - APARECIDA (SP);875,57;Demais Mercados;Frequência Mínima;Direto;Regional Sul;875,57
3506;CATARINENSE;SÃO PAULO;RIO DE JANEIRO (RJ) - SOROCABA (SP);SOROCABA - RIO;519,28;CONVENCIONAL;ANTT;RODOVIARIO          ;1;42;RJSP0001004;3;RIO DE JANEIRO (RJ) - SOROCABA (SP);519,28;Vedetes;Frequência Mínima;Seccionado;Regional Sul;519,29
3675;WEMOBI;WEMOBI;BALNEARIO CAMBORIU (SC) - SAO PAULO (SP);WEMOBI;614,25;COMFORT PLUS SEMI LEITO;ANTT;RODOVIARIO          ;1;42;16019330;3;BALNEARIO CAMBORIU (SC) - SAO PAULO (SP);614,25;Demais Mercados;Normal;Direto;WEMOBI;614,25
3690;WEMOBI;WEMOBI;CURITIBA (PR) - PORTO ALEGRE (RS);WEMOBI;749,55;COMFORT PLUS SEMI LEITO;ANTT;RODOVIARIO          ;1;42;9052560;3;CURITIBA (PR) - PORTO ALEGRE (RS);749,55;Demais Mercados;Normal;Seccionado;WEMOBI;749,55
3779;WEMOBI;WEMOBI;RIO DE JANEIRO (RJ) - SAO PAULO (SP);WEMOBI;409,62;COMFORT EXECUTIVO;ANTT;RODOVIARIO;1;42;7017761;3;RIO DE JANEIRO (RJ) - SAO PAULO (SP);409,62;Demais Mercados;Normal;Seccionado;WEMOBI;409,62
3953;WEMOBI;WEMOBI;CURITIBA (PR) - PORTO ALEGRE (RS);WEMOBI;749,55;COMFORT PLUS SEMI LEITO;ANTT;RODOVIARIO          ;1;42;9004331;3;CURITIBA (PR) - PORTO ALEGRE (RS);749,55;Demais Mercados;Normal;wemobi;WEMOBI;749,55
3962;WEMOBI;WEMOBI;RIO DE JANEIRO (RJ) - SAO PAULO (SP);WEMOBI;409,62;COMFORT PLUS SEMI LEITO;ANTT;RODOVIARIO;1;42;7017730;3;RIO DE JANEIRO (RJ) - SAO PAULO (SP);409,62;Demais Mercados;Normal;Seccionado;WEMOBI;416
7004;COMETA;RIBEIRAO PRETO;SAO PAULO (SP) - RIBEIRAO PRETO (SP);SAO PAULO - RIBEIRAO PRETO;319;CONVENCIONAL;ARTESP;RODOVIARIO          ;1;42;6376A-1;7;SAO PAULO (SP) - RIBEIRAO PRETO (SP);319;Vedetes;Normal;Direto;Regional SP - Interior;319
7005;COMETA;FRANCA;CAMPINAS (SP) - FRANCA (SP);CAMPINAS - INTERIOR SP;324;CONVENCIONAL;ARTESP;RODOVIARIO          ;1;42;7051A-1;7;CAMPINAS (SP) - FRANCA (SP);324;Demais Mercados;Normal;Seccionado;Regional SP - Interior;324
7007;COMETA;FRANCA;SAO PAULO (SP) - FRANCA (SP);SAO PAULO - FRANCA;438;CONVENCIONAL;ARTESP;RODOVIARIO          ;1;42;4596A-1;7;SAO PAULO (SP) - FRANCA (SP);438;Vedetes;Normal;Seccionado;Regional SP - Interior;438
7008;COMETA;FRANCA;SAO PAULO (SP) - FRANCA (SP);SAO PAULO - FRANCA;418;CONVENCIONAL;ARTESP;RODOVIARIO          ;1;42;0828A-1;7;SAO PAULO (SP) - FRANCA (SP);418;Vedetes;Normal;Seccionado;Regional SP - Interior;418
7010;COMETA;ITAPETININGA;SAO PAULO (SP) - ITAPETININGA (SP);SAO PAULO - ITAPETININGA;191,59;CONVENCIONAL;ARTESP;RODOVIARIO          ;1;42;8545A-3;7;SAO PAULO (SP) - ITAPETININGA (SP);191,59;Demais Mercados;Normal;Seccionado;Regional SP - Curtas;191,6
7011;COMETA;SOROCABA;SAO PAULO (SP) - SOROCABA (SP);SAO PAULO - SOROCABA;114,3;CONVENCIONAL;ARTESP;RODOVIARIO          ;1;42;8523A-1;7;SAO PAULO (SP) - SOROCABA (SP);114,3;Demais Mercados;Normal;Seccionado;Regional SP - Curtas;114,3
7013;COMETA;ITAPETININGA;SAO PAULO (SP) - ITAPETININGA (SP);SAO PAULO - ITAPETININGA;182,09;CONVENCIONAL;ARTESP;RODOVIARIO          ;1;42;0737A-1;7;SAO PAULO (SP) - ITAPETININGA (SP);182,09;Demais Mercados;Normal;Seccionado;Regional SP - Curtas;182,1
7015;COMETA;LORENA;SAO PAULO (SP) - LORENA (SP);SAO PAULO - VALE DO PARAIBA;185,19;CONVENCIONAL;ARTESP;RODOVIARIO          ;1;42;4443A-1;7;SAO PAULO (SP) - LORENA (SP);185,19;Demais Mercados;Normal;Seccionado;Regional SP - Curtas;185,2
7016;COMETA;RIBEIRAO PRETO;CAMPINAS (SP) - RIBEIRAO PRETO (SP);CAMPINAS - INTERIOR SP;225;CONVENCIONAL;ARTESP;RODOVIARIO          ;1;42;9189A-1;7;CAMPINAS (SP) - RIBEIRAO PRETO (SP);225;Demais Mercados;Normal;Seccionado;Regional SP - Interior;225
7017;COMETA;LORENA;CAMPINAS (SP) - LORENA (SP);CAMPINAS - INTERIOR SP;273,6;CONVENCIONAL;ARTESP;RODOVIARIO          ;1;42;7106A-1;7;CAMPINAS (SP) - LORENA (SP);273,6;Demais Mercados;Normal;Seccionado;Regional SP - Interior;273,6
7018;COMETA;ARARAQUARA;CAMPINAS (SP) - ARARAQUARA (SP);CAMPINAS - INTERIOR SP;182;CONVENCIONAL;ARTESP;RODOVIARIO          ;1;42;8169A-1;7;CAMPINAS (SP) - ARARAQUARA (SP);182;Demais Mercados;Normal;Seccionado;Regional SP - Interior;182
7033;COMETA;POCOS DE CALDAS;SAO PAULO (SP) - POCOS DE CALDAS (MG);SAO PAULO - CAMPINAS - POCOS ;268,5;EXECUTIVO;ANTT;RODOVIARIO          ;1;42;8006760;7;SAO PAULO (SP) - POCOS DE CALDAS (MG);268,5;Demais Mercados;Normal;Seccionado;Regional SP - Curtas;268,5
7034;COMETA;POCOS DE CALDAS;SAO PAULO (SP) - POCOS DE CALDAS (MG);SAO PAULO - CAMPINAS - POCOS ;268,5;CONVENCIONAL;ANTT;RODOVIARIO          ;1;42;SPMG0041015;7;SAO PAULO (SP) - POCOS DE CALDAS (MG);268,5;Demais Mercados;Frequência Mínima;Seccionado;Regional SP - Curtas;268,5
7040;COMETA;POCOS DE CALDAS;CAMPINAS - AGUAS DA PRATA;SAO PAULO - CAMPINAS - POCOS;143;CONVENCIONAL;ARTESP;RODOVIARIO          ;1;42;0770A-1;7;CAMPINAS - AGUAS DA PRATA;143;Demais Mercados;Normal;Seccionado;Regional SP - Curtas;143
7115;COMETA;SOROCABA;SOROCABA (SP) - MONGAGUA (SP);INTERIOR SP - BAIXADA SANTISTA;243,05;LITORANEO;ARTESP;RODOVIARIO          ;1;42;0016A-1;7;SOROCABA (SP) - MONGAGUA (SP);243,05;Demais Mercados;Normal;Seccionado;Regional SP - Curtas;243,05
7234;COMETA;POCOS DE CALDAS;GUARULHOS (SP) - POCOS DE CALDAS (MG);SAO PAULO - CAMPINAS - POCOS ;288,14;CONVENCIONAL;ANTT;RODOVIARIO          ;1;42;SPMG0041049;7;GUARULHOS (SP) - POCOS DE CALDAS (MG);288,14;Demais Mercados;Normal;Seccionado;Regional SP - Curtas;288,15
7253;COMETA;CAMPINAS;SAO PAULO  BARRA FUNDA (SP) - CAMPINAS (SP) VIA BANDEIRANTES;SAO PAULO - CAMPINAS - POCOS ;104;CONVENCIONAL;ARTESP;RODOVIARIO;1;42;9413B-1;7;SAO PAULO  BARRA FUNDA (SP) - CAMPINAS (SP) VIA BANDEIRANTES;104;;;;Regional SP - Curtas;104
7276;COMETA;SANTOS;SAO CAETANO (ABC) - SANTOS - SAO VICENTE/PRAIA GRANDE (SP);GRANDE SAO PAULO - BAIXADA SANTISTA;90;LITORANEO C/AR;ARTESP;RODOVIARIO          ;1;42;2767A-1;7;SAO CAETANO (ABC) - SANTOS - SAO VICENTE/PRAIA GRANDE (SP);90;Demais Mercados;Normal;Seccionado;Regional SP - Curtas;90
7277;COMETA;SANTOS;SAO MATEUS (SP) - PRAIA GRANDE (SP);GRANDE SAO PAULO - BAIXADA SANTISTA;102;LITORANEO C/AR;ARTESP;RODOVIARIO          ;1;42;2767A-2;7;SAO MATEUS (SP) - PRAIA GRANDE (SP);102;Demais Mercados;Normal;Seccionado;Regional SP - Curtas;102
7288;COMETA;SANTOS;SAO PAULO (SP) - SANTOS / JM (SP) PEDAL ANCHIETA;GRANDE SAO PAULO - BAIXADA SANTISTA;83;LITORANEO;ARTESP;RODOVIARIO          ;1;42;6839C-1;7;SAO PAULO (SP) - SANTOS / JM (SP) PEDAL ANCHIETA;83;Demais Mercados;Normal;Seccionado;Regional SP - Curtas;83
7289;COMETA;SANTOS;SAO PAULO (SP) - SANTOS / ROD (SP) PEDAL ANCHIETA;GRANDE SAO PAULO - BAIXADA SANTISTA;80,7;LITORANEO;ARTESP;RODOVIARIO          ;1;42;6839C-1;7;SAO PAULO (SP) - SANTOS / ROD (SP) PEDAL ANCHIETA;80,7;Demais Mercados;Normal;Seccionado;Regional SP - Curtas;80,7
7294;COMETA;SANTOS;SAO CAETANO (ABC) - SANTOS / JM (SP) PEDAL ANCHIETA;GRANDE SAO PAULO - BAIXADA SANTISTA;78;LITORANEO;ARTESP;RODOVIARIO          ;1;42;2767A-1;7;SAO CAETANO (ABC) - SANTOS / JM (SP) PEDAL ANCHIETA;78;Demais Mercados;Normal;Seccionado;Regional SP - Curtas;78
7295;COMETA;SANTOS;SAO CAETANO (ABC) - SANTOS / ROD (SP) PEDAL ANCHIETA;GRANDE SAO PAULO - BAIXADA SANTISTA;75,7;LITORANEO;ARTESP;RODOVIARIO          ;1;42;2767A-1;7;SAO CAETANO (ABC) - SANTOS / ROD (SP) PEDAL ANCHIETA;75,7;Demais Mercados;Normal;Seccionado;Regional SP - Curtas;75,7
7300;COMETA;SANTOS;RIBEIRAO PIRES (SP) - GUARUJA (SP);GRANDE SAO PAULO - BAIXADA SANTISTA;131,5;LITORANEO;ARTESP;RODOVIARIO          ;1;42;8065A-1;7;RIBEIRAO PIRES (SP) - GUARUJA (SP);131,5;Demais Mercados;Normal;Seccionado;Regional SP - Curtas;131,5
7301;COMETA;SANTOS;SAO PAULO (SP) - SAO VICENTE (SP);GRANDE SAO PAULO - BAIXADA SANTISTA;75,79;LITORANEO;ARTESP;RODOVIARIO          ;1;42;6839A-1;7;SAO PAULO (SP) - SAO VICENTE (SP);75,79;Demais Mercados;Normal;Seccionado;Regional SP - Curtas;85,9
7302;COMETA;SANTOS;GUARULHOS (SP) - SANTOS - PRAIA GRANDE (SP) VIA FARAH MALUF;GRANDE SAO PAULO - BAIXADA SANTISTA;116;LITORANEO;ARTESP;RODOVIARIO          ;1;42;8633A-1;7;GUARULHOS (SP) - SANTOS - PRAIA GRANDE (SP) VIA FARAH MALUF;116;Demais Mercados;Normal;Seccionado;Regional SP - Curtas;116
7303;COMETA;SANTOS;OSASCO (SP) - SANTOS - SAO VICENTE (SP) VIA JABAQUARA;GRANDE SAO PAULO - BAIXADA SANTISTA;98,7;LITORANEO;ARTESP;RODOVIARIO          ;1;42;9117A-1;7;OSASCO (SP) - SANTOS - SAO VICENTE (SP) VIA JABAQUARA;98,7;Demais Mercados;Normal;Seccionado;Regional SP - Curtas;98,7
7304;COMETA;SANTOS;SAO CAETANO (ABC) - SANTOS - SAO VICENTE/PRAIA GRANDE (SP);GRANDE SAO PAULO - BAIXADA SANTISTA;122,3;LITORANEO;ARTESP;RODOVIARIO          ;1;42;2767A-1;7;SAO CAETANO (ABC) - SANTOS - SAO VICENTE/PRAIA GRANDE (SP);122,3;Demais Mercados;Normal;Seccionado;Regional SP - Curtas;122,3
7305;COMETA;SANTOS;MOGI DAS CRUZES (SP) - PRAIA GRANDE (SP);GRANDE SAO PAULO - BAIXADA SANTISTA;122,7;LITORANEO;ARTESP;RODOVIARIO          ;1;42;8064A-1;7;MOGI DAS CRUZES (SP) - PRAIA GRANDE (SP);122,7;Demais Mercados;Normal;Seccionado;Regional SP - Curtas;122,7
7306;COMETA;SANTOS;APARECIDA (SP) - SAO BERNARDO DO CAMPO (SP);SAO PAULO - VALE DO PARAIBA;226,09;LITORANEO;ARTESP;RODOVIARIO          ;1;42;9541A-1;7;APARECIDA (SP) - SAO BERNARDO DO CAMPO (SP);226,09;Demais Mercados;Normal;Seccionado;Regional SP - Curtas;226,1
7307;COMETA;SANTOS;SAO PAULO (SP) - SANTOS (SP);GRANDE SAO PAULO - BAIXADA SANTISTA;70;LITORANEO;ARTESP;RODOVIARIO          ;1;42;6839C-1;7;SAO PAULO (SP) - SANTOS (SP);70;Demais Mercados;Normal;Seccionado;Regional SP - Curtas;70
7309;COMETA;SANTOS;SAO MATEUS (SP) - PRAIA GRANDE (SP);GRANDE SAO PAULO - BAIXADA SANTISTA;122,3;LITORANEO;ARTESP;RODOVIARIO          ;1;42;2767A-2;7;SAO MATEUS (SP) - PRAIA GRANDE (SP);122,3;Demais Mercados;Normal;Seccionado;Regional SP - Curtas;122,3
7311;COMETA;SANTOS;SAO PAULO (SP) - SANTOS (SP);GRANDE SAO PAULO - BAIXADA SANTISTA;70;LITORANEO;ARTESP;RODOVIARIO          ;1;42;6839B-1;7;SAO PAULO (SP) - SANTOS (SP);70;Demais Mercados;Normal;Seccionado;Regional SP - Curtas;70
7312;COMETA;SANTOS;SAO PAULO (JABAQUARA) (SP) - SANTOS PORTO (SP);GRANDE SAO PAULO - BAIXADA SANTISTA;137;LITORANEO;ARTESP;RODOVIARIO          ;1;42;6839D-1;7;SAO PAULO (JABAQUARA) (SP) - SANTOS PORTO (SP);137;Demais Mercados;Normal;Seccionado;Regional SP - Curtas;137
7313;COMETA;SANTOS;SAO PAULO (SP) - PORTO DE SANTOS (SP);GRANDE SAO PAULO - BAIXADA SANTISTA;70;LITORANEO;ARTESP;RODOVIARIO          ;1;42;6839D-2;7;SAO PAULO (SP) - PORTO DE SANTOS (SP);70;Demais Mercados;Normal;Seccionado;Regional SP - Curtas;70
7316;COMETA;SOROCABA;SAO PAULO (SP) - SAO ROQUE - ITAPETININGA (SP) (VIA ARACAR.);SAO PAULO - SOROCABA;73,59;CONVENCIONAL;ARTESP;RODOVIARIO          ;1;42;8545A-1;7;SAO PAULO (SP) - SAO ROQUE - ITAPETININGA (SP) (VIA ARACAR.);73,59;Demais Mercados;Normal;Seccionado;Regional SP - Curtas;73,6
7317;COMETA;SOROCABA;SAO PAULO - SAO ROQUE- ITAPETININGA (VIA SÃO JOAO NOVO);SAO PAULO - SOROCABA;73,59;CONVENCIONAL;ARTESP;RODOVIARIO          ;1;42;8545A-2;7;SAO PAULO - SAO ROQUE- ITAPETININGA (VIA SÃO JOAO NOVO);73,59;Demais Mercados;Normal;Seccionado;Regional SP - Curtas;73,6
7318;COMETA;SOROCABA;SAO PAULO (SP) - SOROCABA (SP) (OSASCO-VIA CASTELO);SAO PAULO - SOROCABA;91,5;CONVENCIONAL;ARTESP;RODOVIARIO          ;1;42;0607B-1;7;SAO PAULO (SP) - SOROCABA (SP) (OSASCO-VIA CASTELO);91,5;Demais Mercados;Normal;Seccionado;Regional SP - Curtas;90,1
7319;COMETA;SANTOS;APARECIDA (SP) - MOGI DAS CRUZES (SP);SAO PAULO - VALE DO PARAIBA;154,4;LITORANEO;ARTESP;RODOVIARIO          ;1;42;9541A-3;7;APARECIDA (SP) - MOGI DAS CRUZES (SP);154,4;Demais Mercados;Normal;Seccionado;Regional SP - Curtas;154,4
7320;COMETA;SANTOS;SANTO ANDRE (SP) - GUARUJA (SP);GRANDE SAO PAULO - BAIXADA SANTISTA;69,7;LITORANEO;ARTESP;RODOVIARIO          ;1;42;8065A-1;7;SANTO ANDRE (SP) - GUARUJA (SP);69,7;Demais Mercados;Normal;Seccionado;Regional SP - Curtas;69,7
7332;COMETA;SANTOS;MOGI DAS CRUZES (SP) - SANTOS - SAO VICENTE (SP);GRANDE SAO PAULO - BAIXADA SANTISTA;146,71;LITORANEO;ARTESP;RODOVIARIO          ;1;42;6492A-2;7;MOGI DAS CRUZES (SP) - SANTOS - SAO VICENTE (SP);146,71;Demais Mercados;Normal;Seccionado;Regional SP - Curtas;146,71
7334;COMETA;SANTOS;SAO CAETANO - PRAIA GRANDE (ECONOMICO);GRANDE SAO PAULO - BAIXADA SANTISTA;122,3;LITORANEO;ARTESP;RODOVIARIO          ;1;42;2767A-1;7;SAO CAETANO - PRAIA GRANDE (ECONOMICO);122,3;Demais Mercados;Normal;Seccionado;Regional SP - Curtas;122,3
7339;COMETA;SANTOS;SAO CAETANO - PRAIA GRANDE (ECONOMICO);GRANDE SAO PAULO - BAIXADA SANTISTA;122,3;LITORANEO;ARTESP;RODOVIARIO          ;1;42;2767A-1;7;SAO CAETANO - PRAIA GRANDE (ECONOMICO);122,3;Demais Mercados;Normal;Seccionado;Regional SP - Curtas;122,3
7346;COMETA;SANTOS;GUARULHOS - SAO VICENTE - PRAIA GRANDE (PARC.FARAH MALUF);GRANDE SAO PAULO - BAIXADA SANTISTA;109,5;LITORANEO;ARTESP;RODOVIARIO          ;1;42;8633A-2;7;GUARULHOS - SAO VICENTE - PRAIA GRANDE (PARC.FARAH MALUF);109,5;Demais Mercados;Normal;Seccionado;Regional SP - Curtas;109,5
7347;COMETA;SANTOS;GUARULHOS - SAO VICENTE-PRAIA GRANDE (PARC.FARAH MALUF);GRANDE SAO PAULO - BAIXADA SANTISTA;104,5;LITORANEO;ARTESP;RODOVIARIO          ;1;42;8633A-2;7;GUARULHOS - SAO VICENTE-PRAIA GRANDE (PARC.FARAH MALUF);104,5;Demais Mercados;Normal;Seccionado;Regional SP - Curtas;104,5
7348;COMETA;SANTOS;GUARULHOS - SAO VICENTE-PRAIA GRANDE (PARC. J.PESSEGO);GRANDE SAO PAULO - BAIXADA SANTISTA;109,5;LITORANEO;ARTESP;RODOVIARIO          ;1;42;8633B-2;7;GUARULHOS - SAO VICENTE-PRAIA GRANDE (PARC. J.PESSEGO);109,5;Demais Mercados;Normal;Seccionado;Regional SP - Curtas;109,5
7349;COMETA;SANTOS;GUARULHOS (SP) - SAO VICENTE - PRAIA GRANDE (SP) (J.PESSEGO);GRANDE SAO PAULO - BAIXADA SANTISTA;122,2;LITORANEO;ARTESP;RODOVIARIO          ;1;42;8633B-1;7;GUARULHOS (SP) - SAO VICENTE - PRAIA GRANDE (SP) (J.PESSEGO);122,2;Demais Mercados;Normal;Seccionado;Regional SP - Curtas;122,2
7423;COMETA;FRANCA;RIBEIRAO PRETO (SP) - FRANCA (SP);CAMPINAS - INTERIOR SP;99;CONVENCIONAL;ARTESP;RODOVIARIO          ;1;42;7051A-1;7;RIBEIRAO PRETO (SP) - FRANCA (SP);99;Demais Mercados;Normal;Seccionado;Regional SP - Interior;99
7426;COMETA;POCOS DE CALDAS;SAO PAULO (SP) - POCOS DE CALDAS (MG);SAO PAULO - CAMPINAS - POCOS ;268,5;EXECUTIVO;ANTT;RODOVIARIO          ;1;42;8006760;7;SAO PAULO (SP) - POCOS DE CALDAS (MG);268,5;Demais Mercados;Normal;Seccionado;Regional SP - Curtas;268,5
7442;WEMOBI;WEMOBI;BELO HORIZONTE (MG) - RIO DE JANEIRO (RJ);WEMOBI;442,3;COMFORT POP EXECUTIVO;ANTT;RODOVIARIO;1;42;6030561;7;BELO HORIZONTE (MG) - RIO DE JANEIRO (RJ);442,3;Demais Mercados;Normal;Seccionado;WEMOBI;442,3
7457;WEMOBI;WEMOBI;SAO PAULO (SP) - CURITIBA (PR);WEMOBI;431,1;COMFORT PLUS SEMI LEITO;ANTT;RODOVIARIO          ;1;42;8006231;7;SAO PAULO (SP) - CURITIBA (PR);431,1;Demais Mercados;Normal;Seccionado;WEMOBI;431,1
7551;WEMOBI;WEMOBI;SAO PAULO (SP) - SAO JOSE DO RIO PRETO (SP);WEMOBI;453;COMFORT POP EXECUTIVO;ARTESP;RODOVIARIO          ;0;42;1384B-2;7;SAO PAULO (SP) - SAO JOSE DO RIO PRETO (SP);453;Demais Mercados;Normal;Seccionado;WEMOBI;453
7553;WEMOBI;WEMOBI;SAO PAULO (SP) - SAO JOSE DO RIO PRETO (SP);WEMOBI;435;COMFORT POP EXECUTIVO;ARTESP;RODOVIARIO          ;0;42;1384B-2;7;SAO PAULO (SP) - SAO JOSE DO RIO PRETO (SP);435;Demais Mercados;Normal;Seccionado;WEMOBI;453
7687;COMETA;SANTOS;GUARULHOS ROD (SP) - PRAIA GRANDE (SP);GRANDE SAO PAULO - BAIXADA SANTISTA;109,5;LITORANEO;ARTESP;RODOVIARIO          ;1;42;;7;GUARULHOS ROD (SP) - PRAIA GRANDE (SP);109,5;Demais Mercados;Normal;Seccionado;Regional SP - Curtas;109,5
7684;COMETA;SANTOS;GUARULHOS AEROP (SP) - PRAIA GRANDE (SP);GRANDE SAO PAULO - BAIXADA SANTISTA;108,59;EXECUTIVO;ARTESP;RODOVIARIO          ;1;42;;7;GUARULHOS AEROP (SP) - PRAIA GRANDE (SP);108,59;;;;Regional SP - Curtas;108,6
7448;WEMOBI;WEMOBI;BELO HORIZONTE(MG) - RIO DE JANEIRO(RJ);WEMOBI;0;PREMIUM;ANTT;RODOVIARIO          ;0;43;06-0305-41;7;BELO HORIZONTE(MG) - RIO DE JANEIRO(RJ);0;Demais Mercados;Normal;Seccionado;WEMOBI;452
2041;1001;CAMPOS;RIO DE JANEIRO (RJ) - FAROL S.TOME (RJ) (VIA NITEROI-CAMPOS);RIO - CAMPOS E NORTE FLUM.;279,8;CONV. DD;DETRO/RJ;RODOVIARIO          ;1;44;2041;2;RIO DE JANEIRO (RJ) - FAROL S.TOME (RJ) (VIA NITEROI-CAMPOS);279,8;Vedetes;Normal;Seccionado;Regional Rio;279,8
2050;1001;CABO FRIO;RIO DE JANEIRO (RJ) - ARRAIAL DO CABO (RJ);RIO - REG.LAGOS;167,3;EXEC. DD;DETRO/RJ;RODOVIARIO;1;44;2050;2;RIO DE JANEIRO (RJ) - ARRAIAL DO CABO (RJ);167,3;;;;Regional Rio;167,3
2053;1001;CABO FRIO;RIO DE JANEIRO (RJ) - BUZIOS (RJ);RIO - REG.LAGOS;175;EXEC. DD;DETRO/RJ;RODOVIARIO          ;1;44;2053;2;RIO DE JANEIRO (RJ) - BUZIOS (RJ);175;;;;Regional Rio;175
2156;1001;SAO PAULO;NITEROI (RJ) - MACAE (RJ) (CNX SP);SP - NIT/CPS/MAC/FRIB/CBF;180,06;CONV. DD;DETRO/RJ;RODOVIARIO;1;44;2156;2;NITEROI (RJ) - MACAE (RJ) (CNX SP);180,06;Demais Mercados;Normal;Seccionado;Regional Rio;180,06
2166;WEMOBI;WEMOBI;NITEROI (RJ) - SAO PAULO (SP);WEMOBI;0;PREMIUM;ANTT;RODOVIARIO          ;0;44;07-0095-41;2;NITEROI (RJ) - SAO PAULO (SP);0;Demais Mercados;Normal;Seccionado;WEMOBI;445,6
2219;1001;ITAPERUNA;PIRAPETINGA (MG) - RIO DE JANEIRO (RJ);RIO - PIRAPETINGA/ITAPERUNA;237,19;SEMILTO. DD;ANTT;RODOVIARIO          ;1;44;06-0337-31;2;PIRAPETINGA (MG) - RIO DE JANEIRO (RJ);237,19;Demais Mercados;Normal;Seccionado;Regional Rio;237,2
2232;1001;ITAPERUNA;RIO JANEIRO (RJ) - S.J.CALCADO/CAMPOS (ES);RIO - CAMPOS E NORTE FLUM.;396,5;CONV. DD;ANTT;RODOVIARIO          ;1;44;07-0099-00;2;RIO JANEIRO (RJ) - S.J.CALCADO/CAMPOS (ES);396,5;Vedetes;Normal;Seccionado;Regional Rio;396,5
2234;1001;ITAPERUNA;RIO DE JANEIRO (RJ) - SAO JOSE DO CALCADO (ES) VIA BR-101;RIO - CAMPOS E NORTE FLUM.;396,5;EXEC. DD;ANTT;RODOVIARIO          ;1;44;07-0099-61;2;RIO DE JANEIRO (RJ) - SAO JOSE DO CALCADO (ES) VIA BR-101;396,5;Vedetes;Normal;Seccionado;Regional Rio;396,5
2402;1001;CAMPOS;RIO DE JANEIRO (RJ) - CAMPOS (RJ) (VIA NITEROI);RIO - CAMPOS E NORTE FLUM.;278;EXEC. DD;DETRO/RJ;RODOVIARIO          ;1;44;108-039-009;2;RIO DE JANEIRO (RJ) - CAMPOS (RJ) (VIA NITEROI);278;Vedetes;Normal;Seccionado;Regional Rio;278
2412;1001;CAMPOS;RIO DE JANEIRO (RJ) - CAMPOS (RJ);RIO - CAMPOS E NORTE FLUM.;270;EXEC. DD;DETRO/RJ;RODOVIARIO          ;1;44;108-039-009;2;RIO DE JANEIRO (RJ) - CAMPOS (RJ);270;Vedetes;Normal;Direto;Regional Rio;270
2463;1001;SAO PAULO;NITEROI (RJ) - MACAE (RJ) (CNX SP);SP - NIT/CPS/MAC/FRIB/CBF;183,3;ESP. DD;DETRO/RJ;RODOVIARIO          ;1;44;2463;2;NITEROI (RJ) - MACAE (RJ) (CNX SP);183,3;Demais Mercados;Normal;Seccionado;Regional Rio;183,3
2498;1001;SAO PAULO;NITEROI (RJ) - CAMPOS (RJ);SP - NIT/CPS/MAC/FRIB/CBF;267;ESP. DD;DETRO/RJ;RODOVIARIO          ;1;44;2498;2;NITEROI (RJ) - CAMPOS (RJ);267;Demais Mercados;Normal;Seccionado;Regional Rio;267
2515;1001;SAO PAULO;NITEROI (RJ) - SAO PAULO (SP);SP - NIT/CPS/MAC/FRIB/CBF;446,6;ESP. DD;ANTT;RODOVIARIO          ;1;44;07-0095-61;2;NITEROI (RJ) - SAO PAULO (SP);446,6;Demais Mercados;Normal;Seccionado;Regional Rio;446,6
2539;1001;SAO PAULO;NITEROI (RJ) - SAO PAULO (SP) (CPS);SP - NIT/CPS/MAC/FRIB/CBF;446,6;ESP. DD;ANTT;RODOVIARIO          ;1;44;07-0095-61;2;NITEROI (RJ) - SAO PAULO (SP) (CPS);446,6;Demais Mercados;Normal;Seccionado;Regional Rio;446,6
2559;1001;SAO PAULO;NOVA FRIBURGO (RJ) - SAO PAULO (SP);SP - NIT/CPS/MAC/FRIB/CBF;558,61;EXEC. DD;ANTT;RODOVIARIO          ;1;44;07-0096-61;2;NOVA FRIBURGO (RJ) - SAO PAULO (SP);558,61;Demais Mercados;Normal;Seccionado;Regional Rio;558,61
2591;1001;CAMPOS;RIO DE JANEIRO (RJ) - FAROL S.TOME (RJ) (VIA NITEROI-CAMPOS);RIO - CAMPOS E NORTE FLUM.;279,8;CONV. DD;DETRO/RJ;RODOVIARIO          ;1;44;108-039-008;2;RIO DE JANEIRO (RJ) - FAROL S.TOME (RJ) (VIA NITEROI-CAMPOS);279,8;Vedetes;Normal;Seccionado;Regional Rio;279,8
2765;1001;SAO PAULO;CABO FRIO (RJ) - SAO PAULO (SP);SP - NIT/CPS/MAC/FRIB/CBF;582,2;SEMILTO. DD;ANTT;RODOVIARIO          ;1;44;07-0093-31;2;CABO FRIO (RJ) - SAO PAULO (SP);582,2;Demais Mercados;Normal;Seccionado;Regional Rio;582
2775;1001;ITAPERUNA;PIRAPETINGA (MG) - RIO DE JANEIRO (RJ);RIO - PIRAPETINGA/ITAPERUNA;226,3;SEMILTO. DD;ANTT;RODOVIARIO          ;1;44;06-0352-31;2;PIRAPETINGA (MG) - RIO DE JANEIRO (RJ);226,3;Demais Mercados;Normal;Seccionado;Regional Rio;226,3
2776;1001;ITAPERUNA;PIRAPETINGA (MG) - ITAPERUNA (RJ);RIO - PIRAPETINGA/ITAPERUNA;99,5;SEMILTO. DD;ANTT;RODOVIARIO          ;1;44;06-0331-31;2;PIRAPETINGA (MG) - ITAPERUNA (RJ);99,5;Demais Mercados;Normal;Seccionado;Regional Rio;99,5
2824;1001;CAMPOS;RIO DE JANEIRO (RJ) - FAROL S.TOME (RJ) (VIA NITEROI-CAMPOS);RIO - CAMPOS E NORTE FLUM.;280,3;CONV. DD;DETRO/RJ;RODOVIARIO          ;1;44;108-039-008;2;RIO DE JANEIRO (RJ) - FAROL S.TOME (RJ) (VIA NITEROI-CAMPOS);280,3;Vedetes;Normal;Seccionado;Regional Rio;280,3
2839;1001;SAO PAULO;SAO PAULO (SP) - RIO DE JANEIRO (RJ);SAO PAULO - RIO DE JANEIRO;433,8;EXEC. DD;ANTT;RODOVIARIO          ;1;44;08-0080-61;2;SAO PAULO (SP) - RIO DE JANEIRO (RJ);433,8;Vedetes;Normal;Direto;Regional Rio;433,8
2841;1001;SAO PAULO;SAO PAULO (SP) - RIO DE JANEIRO (RJ);SAO PAULO - RIO DE JANEIRO;433,8;CONV. DD;ANTT;RODOVIARIO          ;1;44;08-0080-00;2;SAO PAULO (SP) - RIO DE JANEIRO (RJ);433,8;Vedetes;Normal;Direto;Regional Rio;433,8
2884;1001;SAO PAULO;CABO FRIO (RJ) - SAO PAULO (SP);SP - NIT/CPS/MAC/FRIB/CBF;582;SEMILTO. DD;ANTT;RODOVIARIO          ;1;44;07-0093-31;2;CABO FRIO (RJ) - SAO PAULO (SP);582;Demais Mercados;Normal;Seccionado;Regional Rio;582
2915;1001;MACAE;RIO DE JANEIRO (RJ) - MACAE (RJ) (VIA MANILHA);RIO - MACAE QUISSAMA;184;EXEC. DD - VAI DIRETO;DETRO/RJ;RODOVIARIO          ;1;44;2915;2;RIO DE JANEIRO (RJ) - MACAE (RJ) (VIA MANILHA);184;Vedetes;Normal;Direto;Regional Rio;184
2919;1001;CAMPOS;RIO DE JANEIRO (RJ) - CAMPOS (RJ) (VIA NITEROI);RIO - CAMPOS E NORTE FLUM.;278;CONV. DD;DETRO/RJ;RODOVIARIO          ;1;44;108-039-010;2;RIO DE JANEIRO (RJ) - CAMPOS (RJ) (VIA NITEROI);278;Vedetes;Normal;Seccionado;Regional Rio;278
2922;1001;MACAE;MACAE - RIO DE JANEIRO (VIA VILA VERDE/CASIMIRO DE ABREU);RIO - MACAE QUISSAMA;183,3;EXEC. DD;DETRO/RJ;RODOVIARIO          ;1;44;108-040-005;2;MACAE - RIO DE JANEIRO (VIA VILA VERDE/CASIMIRO DE ABREU);183,3;Vedetes;Normal;Seccionado;Regional Rio;183,3
2928;1001;SAO PAULO;RIO DE JANEIRO CPG (RJ) - SAO PAULO (SP);SP - BAIXADA E CPO GRN;433,8;EXEC. DD;ANTT;RODOVIARIO          ;1;44;07-0101-61;2;RIO DE JANEIRO CPG (RJ) - SAO PAULO (SP);433,8;Demais Mercados;Normal;Direto;Regional Rio;433,8
3018;WEMOBI;WEMOBI;MARINGA  (PR) - SAO PAULO (SP);WEMOBI;626,6;COMFORT PLUS SEMI LEITO;ANTT;RODOVIARIO;1;44;09-0328-30;3;MARINGA  (PR) - SAO PAULO (SP);626,6;Demais Mercados;Normal;Seccionado;WEMOBI;627,01
3023;CATARINENSE;FOZ DO IGUACU;CURITIBA (PR) - ASUNCION (PRY);INTERNACIONAL ;980,39;CONVENCIONAL;ANTT;RODOVIARIO          ;1;44;09-0022-00;3;CURITIBA (PR) - ASUNCION (PRY);980,39;Demais Mercados;Normal;Seccionado;Regional Sul;980,4
3027;CATARINENSE;CURITIBA;CURITIBA (PR) - FLORIANOPOLIS (SC);CURITIBA - LITORAL SC;287,14;CONV. DD;ANTT;RODOVIARIO          ;1;44;09-0533-00;3;CURITIBA (PR) - FLORIANOPOLIS (SC);287,14;Vedetes;Normal;Seccionado;Regional Sul;287,14
3029;CATARINENSE;CURITIBA;CURITIBA (PR) - CRICIUMA (SC);CURITIBA - LITORAL SC;480,5;CONV. DD;ANTT;RODOVIARIO          ;1;44;09-0034-00;3;CURITIBA (PR) - CRICIUMA (SC);480,5;Vedetes;Normal;Seccionado;Regional Sul;480,5
3035;CATARINENSE;FLORIANOPOLIS;FLORIANOPOLIS (SC) - SAO CAETANO DO SUL (SP);ABC LITORAL - SC ;723,38;SEMILTO. DD;ANTT;RODOVIARIO;1;44;16-00097-31;3;FLORIANOPOLIS (SC) - SAO CAETANO DO SUL (SP);723,38;Demais Mercados;Normal;Seccionado;Regional Sul;723,39
3037;CATARINENSE;SÃO PAULO;RIO DE JANEIRO (RJ) - SOROCABA (SP);SOROCABA - RIO ;426,19;CONV. DD;ANTT;RODOVIARIO          ;1;44;07-0151-00;3;RIO DE JANEIRO (RJ) - SOROCABA (SP);426,19;Vedetes;Normal;Seccionado;Regional Sul;426,19
3051;CATARINENSE;CURITIBA;CURITIBA (PR) - CRICIUMA (SC);CURITIBA - LITORAL SC;480,5;SEMILTO. DD;ANTT;RODOVIARIO          ;1;44;09-0034-31;3;CURITIBA (PR) - CRICIUMA (SC);480,5;Vedetes;Normal;Seccionado;Regional Sul;480,5
3065;CATARINENSE;FOZ DO IGUACU;CURITIBA (PR) - FOZ DO IGUACU (PR);CURITIBA - FOZ;647;CONV. DD;DER/PR;RODOVIARIO          ;1;44;00-200635-08;3;CURITIBA (PR) - FOZ DO IGUACU (PR);647;Vedetes;Normal;Seccionado;Regional Sul;647
3069;WEMOBI;WEMOBI;MARINGA (PR) - SAO PAULO (SP);WEMOBI;631,7;PREMIUM;ANTT;RODOVIARIO          ;1;44;09-0328-41;3;MARINGA (PR) - SAO PAULO (SP);631,7;Demais Mercados;Normal;Seccionado;WEMOBI;631,7
3072;WEMOBI;WEMOBI;RIO DE JANEITO (RJ) - SAO PAULO (SP);WEMOBI;452;COMFORT PLUS SEMI LEITO;ANTT;RODOVIARIO          ;1;44;07-0177-30;3;RIO DE JANEITO (RJ) - SAO PAULO (SP);452;Demais Mercados;Normal;Seccionado;WEMOBI;452
3084;CATARINENSE;CURITIBA;CURITIBA (PR) - FLORIANOPOLIS (SC);CURITIBA - LITORAL SC;302,2;CONV. DD;ANTT;RODOVIARIO;1;44;09-0002-00;3;CURITIBA (PR) - FLORIANOPOLIS (SC);302,2;Vedetes;Normal;Seccionado;Regional Sul;302,2
3128;CATARINENSE;CURITIBA;BALNEARIO CAMBORIU (SC) - SAO LEOPOLDO (RS) VIA POA;CURITIBA - SANTA MARIA;541,11;SEMILTO. DD;ANTT;RODOVIARIO          ;1;44;16-0138-31;3;BALNEARIO CAMBORIU (SC) - SAO LEOPOLDO (RS) VIA POA;541,11;Demais Mercados;Normal;Seccionado;Regional Sul;541,11
3141;CATARINENSE;CURITIBA;CURITIBA (PR) - SANTOS (SP);CURITIBA - ABC ;416,5;CONV. DD;ANTT;RODOVIARIO          ;1;44;09-0006-00;3;CURITIBA (PR) - SANTOS (SP);416,5;Demais Mercados;Normal;Seccionado;Regional Sul;416,5
3245;CATARINENSE;CURITIBA;CURITIBA (PR) - CRICIUMA (SC);CURITIBA - LITORAL SC;508,35;CONVENCIONAL;ANTT;RODOVIARIO          ;1;44;09-0034-00;3;CURITIBA (PR) - CRICIUMA (SC);508,35;Vedetes;Frequência Mínima;Seccionado;Regional Sul;508,35
3255;CATARINENSE;FOZ DO IGUACU;FLORIANOPOLIS (SC) - FOZ DO IGUACU (PR);SC - FOZ;873,59;CONVENCIONAL;ANTT;RODOVIARIO          ;1;44;16-0010-00;3;FLORIANOPOLIS (SC) - FOZ DO IGUACU (PR);873,59;Demais Mercados;Frequência Mínima;Seccionado;Regional Sul;873,59
3258;CATARINENSE;FLORIANOPOLIS;FLORIANOPOLIS (SC) - ASUNCION (PRY);INTERNACIONAL ;1015,13;CONVENCIONAL;ANTT;RODOVIARIO          ;1;44;16-0003-00;3;FLORIANOPOLIS (SC) - ASUNCION (PRY);1015,13;Demais Mercados;Frequência Mínima;Seccionado;Regional Sul;1015,13
3260;CATARINENSE;FOZ DO IGUACU;CURITIBA (PR) - ASUNCION (PRY);INTERNACIONAL ;980,39;CONVENCIONAL;ANTT;RODOVIARIO          ;1;44;09-0022-00;3;CURITIBA (PR) - ASUNCION (PRY);980,39;Demais Mercados;Frequência Mínima;Seccionado;Regional Sul;980,4
3261;CATARINENSE;FOZ DO IGUACU;PARANAGUA (PR) - ASUNCION (PRY);INTERNACIONAL ;1070,4;CONVENCIONAL;ANTT;RODOVIARIO          ;1;44;09-0027-00;3;PARANAGUA (PR) - ASUNCION (PRY);1070,4;Demais Mercados;Frequência Mínima;Seccionado;Regional Sul;1070,4
3264;CATARINENSE;FLORIANOPOLIS;CRICIUMA (SC) - ASUNCION (PRY);INTERNACIONAL ;1288,71;CONVENCIONAL;ANTT;RODOVIARIO          ;1;44;16-0022-00;3;CRICIUMA (SC) - ASUNCION (PRY);1288,71;Demais Mercados;Frequência Mínima;Seccionado;Regional Sul;1288,71
3278;CATARINENSE;FOZ DO IGUACU;BLUMENAU (SC) - FOZ DO IGUACU (PR);SC - FOZ;888,83;CONVENCIONAL;ANTT;RODOVIARIO          ;1;44;16-0014-00;3;BLUMENAU (SC) - FOZ DO IGUACU (PR);888,83;Demais Mercados;Normal;Seccionado;Regional Sul;888,83
3283;CATARINENSE;CURITIBA  ;CURITIBA (PR) - RIO DO SUL (SC);CURITIBA - INTERIOR SC ;310,5;CONVENCIONAL;ANTT;RODOVIARIO          ;1;44;09-0352-00;3;CURITIBA (PR) - RIO DO SUL (SC);310,5;Demais Mercados;Frequência Mínima;Seccionado;Regional Sul;310,5
3355;CATARINENSE;FLORIANOPOLIS;ARARANGUA (SC) - CAMPINAS (SP);SP - LITORAL SC;1016,15;CONV. DD;ANTT;RODOVIARIO          ;1;44;16-0073-00;3;ARARANGUA (SC) - CAMPINAS (SP);1016,15;Vedetes;Frequência Mínima;Seccionado;Regional Sul;1016,15
3361;CATARINENSE;FLORIANOPOLIS;ARARANGUA (SC) - SAO PAULO (SP);SP - LITORAL SC;959,45;CONV. DD;ANTT;RODOVIARIO          ;1;44;16-0072-00;3;ARARANGUA (SC) - SAO PAULO (SP);959,45;Vedetes;Normal;Seccionado;Regional Sul;959,45
3363;CATARINENSE;LAGES;LAGES (SC) - SAO PAULO (SP);SP - INTERIOR SC ;784,39;CONV. DD;ANTT;RODOVIARIO          ;1;44;16-0006-00;3;LAGES (SC) - SAO PAULO (SP);784,39;Demais Mercados;Normal;Seccionado;Regional Sul;784,4
3367;CATARINENSE;LAGES;SAO JOAQUIM (SC) - SAO PAULO (SP);SP - INTERIOR SC ;850,7;CONV. DD;ANTT;RODOVIARIO          ;1;44;16-0076-00;3;SAO JOAQUIM (SC) - SAO PAULO (SP);850,7;Demais Mercados;Normal;Seccionado;Regional Sul;850,7
3369;CATARINENSE;CURITIBA;CURITIBA (PR) - PORTO ALEGRE (RS);CURITIBA - PORTO ALEGRE;749,54;CONV. DD;ANTT;RODOVIARIO          ;1;44;09-0043-00;3;CURITIBA (PR) - PORTO ALEGRE (RS);749,54;Demais Mercados;Normal;Seccionado;Regional Sul;749,54
3371;CATARINENSE;FOZ DO IGUACU;FLORIANOPOLIS (SC) - FOZ DO IGUACU (PR);SC - FOZ;970,39;CONV. DD;ANTT;RODOVIARIO          ;1;44;16-0021-00;3;FLORIANOPOLIS (SC) - FOZ DO IGUACU (PR);970,39;Demais Mercados;Normal;Seccionado;Regional Sul;970,4
3373;CATARINENSE;CURITIBA;CURITIBA (PR) - SANTA MARIA (RS);CURITIBA - SANTA MARIA ;1051,55;CONV. DD;ANTT;RODOVIARIO          ;1;44;09-9245-00;3;CURITIBA (PR) - SANTA MARIA (RS);1051,55;Demais Mercados;Normal;Seccionado;Regional Sul;1051,55
3379;CATARINENSE;CURITIBA;CURITIBA (PR) - FLORIANOPOLIS (SC) VIA ITJ-CMB;CURITIBA - LITORAL SC;297,14;CONV. DD;ANTT;RODOVIARIO          ;1;44;09-0032-00;3;CURITIBA (PR) - FLORIANOPOLIS (SC) VIA ITJ-CMB;297,14;Vedetes;Normal;Seccionado;Regional Sul;297,15
3381;CATARINENSE;CURITIBA;CURITIBA (PR) - FLORIANOPOLIS (SC) VIA CMB-TJC;CURITIBA - LITORAL SC;307,35;CONV. DD;ANTT;RODOVIARIO          ;1;44;09-0359-00;3;CURITIBA (PR) - FLORIANOPOLIS (SC) VIA CMB-TJC;307,35;Vedetes;Normal;Seccionado;Regional Sul;307,35
3383;CATARINENSE;CURITIBA;CURITIBA (PR) - FLORIANOPOLIS (SC);CURITIBA - LITORAL SC;297,14;CONV. DD;ANTT;RODOVIARIO          ;1;44;09-0357-00;3;CURITIBA (PR) - FLORIANOPOLIS (SC);297,14;Vedetes;Normal;Seccionado;Regional Sul;297,15
3385;CATARINENSE;CURITIBA;CURITIBA (PR) - SAO CAETANO DO SUL (SP);CURITIBA - ABC ;483,79;CONV. DD;ANTT;RODOVIARIO          ;1;44;09-0024-00;3;CURITIBA (PR) - SAO CAETANO DO SUL (SP);483,79;Demais Mercados;Normal;Seccionado;Regional Sul;483,79
3391;CATARINENSE;BLUMENAU;BLUMENAU (SC) - SAO PAULO (SP);SP - INTERIOR SC ;628,2;CONV. DD;ANTT;RODOVIARIO          ;1;44;16-0001-00;3;BLUMENAU (SC) - SAO PAULO (SP);628,2;Demais Mercados;Normal;Seccionado;Regional Sul;628,2
3395;CATARINENSE;FLORIANOPOLIS;FLORIANOPOLIS (SC) - CAMPINAS (SP);SP - LITORAL SC;803,85;SEMILTO. DD;ANTT;RODOVIARIO          ;1;44;16-0084-31;3;FLORIANOPOLIS (SC) - CAMPINAS (SP);803,85;Vedetes;Normal;Seccionado;Regional Sul;804,05
3397;CATARINENSE;FLORIANOPOLIS;FLORIANOPOLIS (SC) - CAMPINAS (SP);SP - LITORAL SC;803,85;CONV. DD;ANTT;RODOVIARIO          ;1;44;16-0084-00;3;FLORIANOPOLIS (SC) - CAMPINAS (SP);803,85;Vedetes;Normal;Seccionado;Regional Sul;804,05
3399;CATARINENSE;FLORIANOPOLIS;FLORIANOPOLIS (SC) - SAO PAULO (SP);SP - LITORAL SC;630,35;SEMILTO. DD;ANTT;RODOVIARIO          ;1;44;16-0091-30;3;FLORIANOPOLIS (SC) - SAO PAULO (SP);630,35;Vedetes;Normal;Seccionado;Regional Sul;630,35
3407;CATARINENSE;FLORIANOPOLIS;FLORIANOPOLIS (SC) - CAMPINAS (SP);SP - LITORAL SC;730,14;SEMILTO. DD;ANTT;RODOVIARIO          ;1;44;16-0089-30;3;FLORIANOPOLIS (SC) - CAMPINAS (SP);730,14;Vedetes;Normal;Seccionado;Regional Sul;730,15
3427;CATARINENSE;FLORIANOPOLIS;FLORIANOPOLIS (SC) - SAO PAULO (SP);SP - LITORAL SC;644,6;SEMILTO. DD;ANTT;RODOVIARIO          ;1;44;16-0096-30;3;FLORIANOPOLIS (SC) - SAO PAULO (SP);644,6;Vedetes;Normal;Seccionado;Regional Sul;644,6
3431;CATARINENSE;FLORIANOPOLIS;ARARANGUA (SC) - SAO PAULO (SP);SP - LITORAL SC;914,79;SEMILTO. DD;ANTT;RODOVIARIO          ;1;44;16-0018-31;3;ARARANGUA (SC) - SAO PAULO (SP);914,79;Vedetes;Normal;Seccionado;Regional Sul;914,8
3433;CATARINENSE;FLORIANOPOLIS;ARARANGUA (SC) - SAO PAULO (SP);SP - LITORAL SC;910,85;SEMILTO. DD;ANTT;RODOVIARIO          ;1;44;16-0071-30;3;ARARANGUA (SC) - SAO PAULO (SP);910,85;Vedetes;Normal;Seccionado;Regional Sul;910,85
3437;CATARINENSE;BLUMENAU;BRUSQUE (SC) - SAO PAULO (SP);SP - INTERIOR SC ;617,7;SEMILTO. DD;ANTT;RODOVIARIO          ;1;44;16-0002-31;3;BRUSQUE (SC) - SAO PAULO (SP);617,7;Demais Mercados;Normal;Seccionado;Regional Sul;617,7
3439;CATARINENSE;LAGES;LAGES (SC) - SAO PAULO (SP);SP - INTERIOR SC ;784,39;SEMILTO. DD;ANTT;RODOVIARIO          ;1;44;16-0006-31;3;LAGES (SC) - SAO PAULO (SP);784,39;Demais Mercados;Normal;Seccionado;Regional Sul;784,4
3441;CATARINENSE;RIO DO SUL;RIO DO SUL (SC) - SAO PAULO (SP);SP - INTERIOR SC ;823,6;SEMILTO. DD;ANTT;RODOVIARIO          ;1;44;16-0077-30;3;RIO DO SUL (SC) - SAO PAULO (SP);823,6;Demais Mercados;Normal;Seccionado;Regional Sul;823,6
3445;CATARINENSE;CURITIBA;CURITIBA (PR) - FLORIANOPOLIS (SC) VIA ITJ-CMB;CURITIBA - LITORAL SC;298,14;SEMILTO. DD;ANTT;RODOVIARIO          ;1;44;09-0032-31;3;CURITIBA (PR) - FLORIANOPOLIS (SC) VIA ITJ-CMB;298,14;Vedetes;Normal;Seccionado;Regional Sul;298,15
3453;CATARINENSE;CURITIBA;CURITIBA (PR) - PORTO ALEGRE (RS);CURITIBA - PORTO ALEGRE;749,54;SEMILTO. DD;ANTT;RODOVIARIO          ;1;44;09-0043-31;3;CURITIBA (PR) - PORTO ALEGRE (RS);749,54;Demais Mercados;Normal;Seccionado;Regional Sul;749,55
3455;CATARINENSE;CURITIBA;CURITIBA (PR) - PORTO ALEGRE (RS);CURITIBA - PORTO ALEGRE;749,54;SEMILTO. DD;ANTT;RODOVIARIO          ;1;44;09-0218-30;3;CURITIBA (PR) - PORTO ALEGRE (RS);749,54;Demais Mercados;Normal;Seccionado;Regional Sul;749,55
3459;CATARINENSE;FOZ DO IGUACU;FLORIANOPOLIS (SC) - FOZ DO IGUACU (PR);SC - FOZ;970,39;SEMILTO. DD;ANTT;RODOVIARIO          ;1;44;16-0021-31;3;FLORIANOPOLIS (SC) - FOZ DO IGUACU (PR);970,39;Demais Mercados;Normal;Seccionado;Regional Sul;970,4
3463;CATARINENSE;CURITIBA;CURITIBA (PR) - FLORIANOPOLIS (SC);CURITIBA - LITORAL SC;302,69;SEMILTO. DD;ANTT;RODOVIARIO          ;1;44;09-0002-31;3;CURITIBA (PR) - FLORIANOPOLIS (SC);302,69;Vedetes;Normal;Seccionado;Regional Sul;302,7
3465;CATARINENSE;CURITIBA;CURITIBA (PR) - SANTOS (SP);CURITIBA - ABC ;423,19;SEMILTO. DD;ANTT;RODOVIARIO          ;1;44;09-0006-31;3;CURITIBA (PR) - SANTOS (SP);423,19;Demais Mercados;Normal;Seccionado;Regional Sul;423,2
3467;CATARINENSE;CURITIBA;CURITIBA (PR) - FLORIANOPOLIS (SC) VIA CMB-TJC;CURITIBA - LITORAL SC;307,35;SEMILTO. DD;ANTT;RODOVIARIO          ;1;44;09-0359-31;3;CURITIBA (PR) - FLORIANOPOLIS (SC) VIA CMB-TJC;307,35;Vedetes;Normal;Seccionado;Regional Sul;307,35
3469;CATARINENSE;CURITIBA;CURITIBA (PR) - FLORIANOPOLIS (SC);CURITIBA - LITORAL SC;298,14;SEMILTO. DD;ANTT;RODOVIARIO          ;1;44;09-0357-31;3;CURITIBA (PR) - FLORIANOPOLIS (SC);298,14;Vedetes;Normal;Seccionado;Regional Sul;298,15
3471;CATARINENSE;CURITIBA;CURITIBA (PR) - FLORIANOPOLIS (SC);CURITIBA - LITORAL SC;298,14;SEMILTO. DD;ANTT;RODOVIARIO          ;1;44;09-0356-30;3;CURITIBA (PR) - FLORIANOPOLIS (SC);298,14;Vedetes;Normal;Seccionado;Regional Sul;298,15
3473;CATARINENSE;CURITIBA;CURITIBA (PR) - SAO CAETANO DO SUL (SP);CURITIBA - ABC ;483,79;SEMILTO. DD;ANTT;RODOVIARIO          ;1;44;09-0024-31;3;CURITIBA (PR) - SAO CAETANO DO SUL (SP);483,79;Demais Mercados;Normal;Seccionado;Regional Sul;483,79
3541;CATARINENSE;SÃO PAULO;RIO DE JANEIRO (RJ) - SOROCABA (SP);SOROCABA - RIO ;519,28;CONV. DD;ANTT;RODOVIARIO          ;1;44;07-0151-00;3;RIO DE JANEIRO (RJ) - SOROCABA (SP);519,28;Vedetes;Normal;Seccionado;Regional Sul;519,29
3551;CATARINENSE;FOZ DO IGUACU;LONDRINA (PR) - SAO PAULO (SP);SAO PAULO - MARINGA;531,5;SEMILTO. DD;ANTT;RODOVIARIO          ;1;44;09-0327-30;3;LONDRINA (PR) - SAO PAULO (SP);531,5;Demais Mercados;Normal;Seccionado;Regional Sul;531,5
3555;CATARINENSE;FOZ DO IGUACU;SAO PAULO (SP) - FOZ DO IGUACU (PR);FOZ - SAO PAULO ;1006,05;SEMILTO. DD;ANTT;RODOVIARIO          ;1;44;08-0194-30;3;SAO PAULO (SP) - FOZ DO IGUACU (PR);1006,05;Demais Mercados;Normal;Seccionado;Regional Sul;1006,05
3557;CATARINENSE;FOZ DO IGUACU;GUARAPUAVA (PR) - SAO PAULO (SP);FOZ - RIO DE JANEIRO;716,21;SEMILTO. DD;ANTT;RODOVIARIO          ;1;44;09-0333-30;3;GUARAPUAVA (PR) - SAO PAULO (SP);716,21;Demais Mercados;Normal;Seccionado;Regional Sul;716,21
3561;CATARINENSE;FOZ DO IGUACU;FOZ DO IGUACU (PR) - RIO DE JANEIRO (RJ);FOZ - RIO DE JANEIRO;1430,5;SEMILTO. DD;ANTT;RODOVIARIO          ;1;44;09-0341-30;3;FOZ DO IGUACU (PR) - RIO DE JANEIRO (RJ);1430,5;Demais Mercados;Normal;Seccionado;Regional Sul;1430,5
3563;CATARINENSE;MARINGA;MARINGA (PR) - SAO PAULO (SP);SAO PAULO - MARINGA;627;SEMILTO. DD;ANTT;RODOVIARIO          ;1;44;09-0374-30;3;MARINGA (PR) - SAO PAULO (SP);627;Demais Mercados;Normal;Seccionado;Regional Sul;627
3566;CATARINENSE;BLUMENAU;BLUMENAU (SC) - FOZ DO IGUACU (PR);SC - FOZ;864,83;SEMI LEITO;ANTT;RODOVIARIO          ;1;44;16-0014-30;3;BLUMENAU (SC) - FOZ DO IGUACU (PR);864,83;Demais Mercados;Normal;Seccionado;Regional Sul;864,83
3594;CATARINENSE;FLORIANOPOLIS;FLORIANOPOLIS (SC) - SANTOS (SP);ABC LITORAL - SC ;645,04;CONV. DD;ANTT;RODOVIARIO          ;1;44;16-0085-00;3;FLORIANOPOLIS (SC) - SANTOS (SP);645,04;Demais Mercados;Normal;Seccionado;Regional Sul;645,05
3596;CATARINENSE;SÃO PAULO;RIO DE JANEIRO (RJ) - SOROCABA (SP);SOROCABA - RIO ;519,28;SEMILTO. DD;ANTT;RODOVIARIO          ;1;44;07-0151-31;3;RIO DE JANEIRO (RJ) - SOROCABA (SP);519,28;Vedetes;Normal;Seccionado;Regional Sul;519,29
3612;CATARINENSE;CURITIBA;BALNEARIO CAMBORIU (SC) - SAO LEOPOLDO (RS) VIA POA;CURITIBA - SANTA MARIA;541,11;CONV. DD;ANTT;RODOVIARIO          ;1;44;16-0138-00;3;BALNEARIO CAMBORIU (SC) - SAO LEOPOLDO (RS) VIA POA;541,11;Demais Mercados;Normal;Seccionado;Regional Sul;541,11
3614;CATARINENSE;BALNEARIO CAMBORIU;CURITIBA (PR) - BALNEARIO CAMBORIU (SC);CURITIBA - LITORAL SC;224,71;CONV. DD;ANTT;RODOVIARIO          ;1;44;09-0417-00;3;CURITIBA (PR) - BALNEARIO CAMBORIU (SC);224,71;Vedetes;Normal;Seccionado;Regional Sul;224,71
3617;CATARINENSE;FLORIANOPOLIS;TUBARAO (SC) - CAMPINAS (SP);SP - LITORAL SC;974,1;SEMILTO. DD;ANTT;RODOVIARIO          ;1;44;16-0156-30;3;TUBARAO (SC) - CAMPINAS (SP);974,1;Vedetes;Normal;Seccionado;Regional Sul;974,1
3626;CATARINENSE;FLORIANOPOLIS;FLORIANOPOLIS (SC) - SAO CAETANO DO SUL (SP);ABC LITORAL - SC;767,88;CONV. DD;ANTT;RODOVIARIO          ;1;44;16-0097-00;3;FLORIANOPOLIS (SC) - SAO CAETANO DO SUL (SP);767,88;Demais Mercados;Normal;Seccionado;Regional Sul;767,89
3628;CATARINENSE;FLORIANOPOLIS;FLORIANOPOLIS (SC) - SAO CAETANO DO SUL (SP);ABC LITORAL - SC;767,88;SEMILTO. DD;ANTT;RODOVIARIO          ;1;44;16-0097-31;3;FLORIANOPOLIS (SC) - SAO CAETANO DO SUL (SP);767,88;Demais Mercados;Normal;Seccionado;Regional Sul;767,89
3651;CATARINENSE;FOZ DO IGUACU;NOVA IGUACU (RJ) - SOROCABA (SP);SOROCABA - RIO ;502,99;CONV. DD;ANTT;RODOVIARIO          ;1;44;08-0293-00;3;NOVA IGUACU (RJ) - SOROCABA (SP);502,99;Vedetes;Normal;Seccionado;Regional Sul;502,99
3659;CATARINENSE;BLUMENAU;CURITIBA (PR) - BLUMENAU (SC);CURITIBA - INTERIOR SC ;235,19;SEMILTO. DD;ANTT;RODOVIARIO          ;1;44;09-0015-31;3;CURITIBA (PR) - BLUMENAU (SC);235,19;Demais Mercados;Normal;Seccionado;Regional Sul;235,2
3663;CATARINENSE;FLORIANOPOLIS;FLORIANOPOLIS (SC) - SANTOS (SP);ABC LITORAL - SC;706,14;SEMILTO. DD;ANTT;RODOVIARIO          ;1;44;16-0198-30;3;FLORIANOPOLIS (SC) - SANTOS (SP);706,14;Demais Mercados;Normal;Seccionado;Regional Sul;706,15
3665;CATARINENSE;CURITIBA;CURITIBA (PR) - PORTO ALEGRE (RS);CURITIBA - PORTO ALEGRE;749,54;SEMILTO. DD;ANTT;RODOVIARIO          ;1;44;09-0218-30;3;CURITIBA (PR) - PORTO ALEGRE (RS);749,54;Demais Mercados;Normal;Seccionado;Regional Sul;749,55
3669;CATARINENSE;FOZ DO IGUACU;CURITIBA (PR) - FOZ DO IGUACU (PR);SC - FOZ;640;CONV. DD;DER/PR;RODOVIARIO          ;1;44;00-200635-00;3;CURITIBA (PR) - FOZ DO IGUACU (PR);640;Demais Mercados;Normal;Seccionado;Regional Sul;640
3680;CATARINENSE;CURITIBA;CURITIBA (PR) - FLORIANOPOLIS (SC) DIRETO;CURITIBA - LITORAL SC;297,14;SEMI LEITO;ANTT;RODOVIARIO          ;1;44;9037831;3;CURITIBA (PR) - FLORIANOPOLIS (SC) DIRETO;297,14;Demais Mercados;Normal;Direto;Regional Sul;297,15
3682;CATARINENSE;BLUMENAU;CURITIBA (PR) - BLUMENAU (SC);CURITIBA - INTERIOR SC ;235,19;CONV. DD;ANTT;RODOVIARIO          ;1;44;09-0015-00;3;CURITIBA (PR) - BLUMENAU (SC);235,19;Demais Mercados;Normal;Seccionado;Regional Sul;235,2
3686;CATARINENSE;BLUMENAU;CURITIBA (PR) - BLUMENAU (SC);CURITIBA - INTERIOR SC ;235,19;SEMILTO. DD;ANTT;RODOVIARIO          ;1;44;09-0015-31;3;CURITIBA (PR) - BLUMENAU (SC);235,19;Demais Mercados;Normal;Seccionado;Regional Sul;235,2
3688;CATARINENSE;CURITIBA;FLORIANOPOLIS (SC) - CURITIBA (PR);CURITIBA - LITORAL SC;297,75;CONV. DD;ANTT;RODOVIARIO          ;1;44;16-0152-00;3;FLORIANOPOLIS (SC) - CURITIBA (PR);297,75;Vedetes;Normal;Seccionado;Regional Sul;297,75
3711;CATARINENSE;FLORIANOPOLIS;CONCORDIA (SC) - JOINVILLE / BLUMENAU - FLORIANOPOLIS (SC);FLORIANOPOLIS - CONCORDIA;154,25;CONVENCIONAL;DETER/SC;RODOVIARIO          ;1;44;13-0;3;CONCORDIA (SC) - JOINVILLE / BLUMENAU - FLORIANOPOLIS (SC);154,25;Vedetes;Normal;Seccionado;Regional Sul;154,26
3712;CATARINENSE;FLORIANOPOLIS;CONCORDIA (SC) - JOINVILLE / BLUMENAU - FLORIANOPOLIS (SC);FLORIANOPOLIS - CONCORDIA;592,51;CONVENCIONAL;DETER/SC;RODOVIARIO          ;1;44;711-0 13-0;3;CONCORDIA (SC) - JOINVILLE / BLUMENAU - FLORIANOPOLIS (SC);592,51;Vedetes;Normal;Seccionado;Regional Sul;592,52
3713;CATARINENSE;FLORIANOPOLIS;CONCORDIA (SC) - JOINVILLE (SC) (COMUM);FLORIANOPOLIS - CONCORDIA;534,85;CONVENCIONAL;DETER/SC;RODOVIARIO          ;1;44;711-0;3;CONCORDIA (SC) - JOINVILLE (SC) (COMUM);534,85;Vedetes;Normal;Seccionado;Regional Sul;534,85
3714;CATARINENSE;FLORIANOPOLIS;CONCORDIA (SC) - JOINVILLE (SC) (COMUM);FLORIANOPOLIS - CONCORDIA;534,85;CONVENCIONAL;DETER/SC;RODOVIARIO          ;1;44;711-0;3;CONCORDIA (SC) - JOINVILLE (SC) (COMUM);534,85;Vedetes;Normal;Seccionado;Regional Sul;534,85
3715;CATARINENSE;FLORIANOPOLIS;CONCORDIA (SC) - JOINVILLE / BLUMENAU - FLORIANOPOLIS (SC);FLORIANOPOLIS - CONCORDIA;154,25;CONVENCIONAL;DETER/SC;RODOVIARIO          ;1;44;13-0;3;CONCORDIA (SC) - JOINVILLE / BLUMENAU - FLORIANOPOLIS (SC);154,25;Vedetes;Normal;Seccionado;Regional Sul;154,26
3716;CATARINENSE;FLORIANOPOLIS;CONCORDIA (SC) - JOINVILLE / BLUMENAU - FLORIANOPOLIS (SC);FLORIANOPOLIS - CONCORDIA;592,51;CONVENCIONAL;DETER/SC;RODOVIARIO          ;1;44;711-0 13-0;3;CONCORDIA (SC) - JOINVILLE / BLUMENAU - FLORIANOPOLIS (SC);592,51;Vedetes;Normal;Seccionado;Regional Sul;592,52
3717;CATARINENSE;FLORIANOPOLIS;CONCORDIA (SC) - JOINVILLE (SC) (COMUM);FLORIANOPOLIS - CONCORDIA;534,85;CONVENCIONAL;DETER/SC;RODOVIARIO          ;1;44;711-0;3;CONCORDIA (SC) - JOINVILLE (SC) (COMUM);534,85;Vedetes;Normal;Seccionado;Regional Sul;534,85
3718;CATARINENSE;FLORIANOPOLIS;CONCORDIA (SC) - JOINVILLE (SC) (COMUM);FLORIANOPOLIS - CONCORDIA;534,85;CONVENCIONAL;DETER/SC;RODOVIARIO          ;1;44;711-0;3;CONCORDIA (SC) - JOINVILLE (SC) (COMUM);534,85;Vedetes;Normal;Seccionado;Regional Sul;534,85
3719;CATARINENSE;FLORIANOPOLIS;CONCORDIA (SC) - JOINVILLE / BLUMENAU - FLORIANOPOLIS (SC);FLORIANOPOLIS - CONCORDIA;592,51;CONVENCIONAL;DETER/SC;RODOVIARIO          ;1;44;711-0 13-0;3;CONCORDIA (SC) - JOINVILLE / BLUMENAU - FLORIANOPOLIS (SC);592,51;Vedetes;Normal;Seccionado;Regional Sul;592,52
3720;CATARINENSE;FLORIANOPOLIS;CONCORDIA (SC) - JOINVILLE (SC) (COMUM);FLORIANOPOLIS - CONCORDIA;534,85;CONVENCIONAL;DETER/SC;RODOVIARIO          ;1;44;711-0;3;CONCORDIA (SC) - JOINVILLE (SC) (COMUM);534,85;Vedetes;Normal;Seccionado;Regional Sul;534,85
3721;CATARINENSE;BALNEARIO CAMBORIU;CURITIBA (PR) - BALNEARIO CAMBORIU (SC);CURITIBA - LITORAL SC;224,71;SEMILTO. DD;ANTT;RODOVIARIO          ;1;44;09-0417-31;3;CURITIBA (PR) - BALNEARIO CAMBORIU (SC);224,71;Vedetes;Normal;Seccionado;Regional Sul;224,71
3739;CATARINENSE;CURITIBA;CURITIBA (PR) - SANTA MARIA (RS);CURITIBA - SANTA MARIA ;1051,55;CONVENCIONAL;ANTT;RODOVIARIO          ;1;44;09-9245-00;3;CURITIBA (PR) - SANTA MARIA (RS);1051,55;Demais Mercados;Normal;Seccionado;Regional Sul;1051,55
3758;CATARINENSE;FOZ DO IGUACU;FOZ DO IGUACU (PR) - RIO DE JANEIRO (RJ);FOZ - RIO DE JANEIRO;1430,5;CONV. DD;ANTT;RODOVIARIO          ;1;44;09-0341-00;3;FOZ DO IGUACU (PR) - RIO DE JANEIRO (RJ);1430,5;Demais Mercados;Normal;Seccionado;Regional Sul;1430,5
3760;CATARINENSE;FOZ DO IGUACU;CURITIBA (PR) - FOZ DO IGUACU (PR);CURITIBA - FOZ;662;CONVENCIONAL;DER/PR;RODOVIARIO          ;1;44;200635A8;3;CURITIBA (PR) - FOZ DO IGUACU (PR);662;Vedetes;Normal;Seccionado;Regional Sul;662
3764;CATARINENSE;FOZ DO IGUACU;CURITIBA (PR) - FLORIANOPOLIS (SC) - CNX FOZ;SC - FOZ;302,69;SEMILTO. DD;ANTT;RODOVIARIO          ;1;44;09-0002-31;3;CURITIBA (PR) - FLORIANOPOLIS (SC) - CNX FOZ;302,69;Demais Mercados;Normal;Seccionado;Regional Sul;302,7
3766;CATARINENSE;FOZ DO IGUACU;CURITIBA (PR) - FOZ DO IGUACU (PR);CURITIBA - FOZ;640;CONV. DD;DER/PR;RODOVIARIO          ;1;44;00-200635-00;3;CURITIBA (PR) - FOZ DO IGUACU (PR);640;Vedetes;Normal;Seccionado;Regional Sul;640
3770;CATARINENSE;BLUMENAU;CURITIBA (PR) - BLUMENAU (SC);CURITIBA - INTERIOR SC ;235,19;CONV. DD;ANTT;RODOVIARIO          ;1;44;09-0015-00;3;CURITIBA (PR) - BLUMENAU (SC);235,19;Demais Mercados;Normal;Seccionado;Regional Sul;235,2
3771;CATARINENSE;FOZ DO IGUACU;CURITIBA (PR) - FOZ DO IGUACU (PR);SC - FOZ;640;CONV. DD;DER/PR;RODOVIARIO          ;1;44;02-00635-00;3;CURITIBA (PR) - FOZ DO IGUACU (PR);640;Demais Mercados;Normal;Seccionado;Regional Sul;640
3776;CATARINENSE;CURITIBA;BALNEARIO CAMBORIU (SC) - SANTA MARIA (RS);CURITIBA - SANTA MARIA ;836,63;SEMI LEITO;ANTT;RODOVIARIO          ;1;44;16-0135-31;3;BALNEARIO CAMBORIU (SC) - SANTA MARIA (RS);836,63;Demais Mercados;Normal;Seccionado;Regional Sul;836,64
3789;CATARINENSE;FOZ DO IGUACU;CURITIBA (PR) - FOZ DO IGUACU (PR);CURITIBA - FOZ;662;CONV. DD;DER/PR;RODOVIARIO          ;1;44;200635A8;3;CURITIBA (PR) - FOZ DO IGUACU (PR);662;Vedetes;Normal;Seccionado;Regional Sul;662
3791;CATARINENSE;FOZ DO IGUACU;CURITIBA (PR) - FOZ DO IGUACU (PR);CURITIBA - FOZ;647;CONV. DD;DER/PR;RODOVIARIO          ;1;44;20-0635-08;3;CURITIBA (PR) - FOZ DO IGUACU (PR);647;Vedetes;Normal;Seccionado;Regional Sul;647
3793;CATARINENSE;FOZ DO IGUACU;CURITIBA (PR) - FOZ DO IGUACU (PR);CURITIBA - FOZ;640;CONV. DD;DER/PR;RODOVIARIO          ;1;44;10-0635-88;3;CURITIBA (PR) - FOZ DO IGUACU (PR);640;Vedetes;Normal;Direto;Regional Sul;640
3875;CATARINENSE;CURITIBA;CURITIBA (PR) - SANTA HELENA (PR);CURITIBA - FOZ;619;CONV. DD;DER/PR;RODOVIARIO          ;1;44;10-0635-28;3;CURITIBA (PR) - SANTA HELENA (PR);619;Vedetes;Normal;Seccionado;Regional Sul;619
3878;CATARINENSE;FOZ DO IGUACU;CURITIBA (PR) - LARANJEIRAS DO SUL (PR);CURITIBA - FOZ;369;CONVENCIONAL;DER/PR;RODOVIARIO          ;1;44;20-0605-00;3;CURITIBA (PR) - LARANJEIRAS DO SUL (PR);369;Vedetes;Normal;Seccionado;Regional Sul;369
3881;CATARINENSE;CURITIBA;CURITIBA (PR) - TRES BARRAS DO PARANA (PR);CURITIBA - FOZ;517;CONVENCIONAL;DER/PR;RODOVIARIO          ;1;44;20-0635-10;3;CURITIBA (PR) - TRES BARRAS DO PARANA (PR);517;Vedetes;Normal;Seccionado;Regional Sul;517
3946;CATARINENSE;BLUMENAU;CURITIBA (PR) - BLUMENAU (SC);CURITIBA - INTERIOR SC ;235,19;CONVENCIONAL;ANTT;RODOVIARIO          ;1;44;09-0015-00;3;CURITIBA (PR) - BLUMENAU (SC);235,19;Demais Mercados;Normal;Seccionado;Regional Sul;235,2
3947;CATARINENSE;FOZ DO IGUACU;CURITIBA (PR) - FOZ DO IGUACU (PR);SC - FOZ;640;CONVENCIONAL;DER/PR;RODOVIARIO          ;1;44;20-0635-00;3;CURITIBA (PR) - FOZ DO IGUACU (PR);640;Demais Mercados;Normal;Seccionado;Regional Sul;640
3948;CATARINENSE;FOZ DO IGUACU;CURITIBA (PR) - FLORIANOPOLIS (SC) - CNX FOZ;SC - FOZ;302,69;CONVENCIONAL;ANTT;RODOVIARIO          ;1;44;09-0002-00;3;CURITIBA (PR) - FLORIANOPOLIS (SC) - CNX FOZ;302,69;Demais Mercados;Normal;Seccionado;Regional Sul;302,7
3950;CATARINENSE;FOZ DO IGUACU;CURITIBA (PR) - FOZ DO IGUACU (PR);SC - FOZ;640;CONVENCIONAL;DER/PR;RODOVIARIO          ;1;44;20-0635-00;3;CURITIBA (PR) - FOZ DO IGUACU (PR);640;Demais Mercados;Normal;Seccionado;Regional Sul;640
3982;CATARINENSE;FLORIANOPOLIS;FLORIANOPOLIS (SC) - SAO PAULO (SP);SP - LITORAL SC;691,25;SEMI LEITO;ANTT;RODOVIARIO          ;1;44;16-0093-30;3;FLORIANOPOLIS (SC) - SAO PAULO (SP);691,25;Vedetes;Normal;Seccionado;Regional Sul;691,25
4730;EXPRESSO;EXPRESSO DO SUL;SAO PAULO (SP) - RIO DE JANEIRO (RJ);SAO PAULO - RIO DE JANEIRO;433,8;EXEC. DD;ANTT;RODOVIARIO          ;1;44;08-0097-61;4;SAO PAULO (SP) - RIO DE JANEIRO (RJ);433,8;Vedetes;Normal;Direto;Regional SP - ANTT;433,8
4853;WEMOBI;WEMOBI;CURITIBA (PR) - FLORIANOPOLIS (SC);WEMOBI;302,7;COMFORT PLUS SEMI LEITO;ANTT;RODOVIARIO          ;1;44;1111;4;CURITIBA (PR) - FLORIANOPOLIS (SC);302,7;Demais Mercados;Normal;Seccionado;WEMOBI;302,7
7101;WEMOBI;WEMOBI;SAO PAULO (SP) - RIBEIRAO PRETO (SP);WEMOBI;319;COMFORT EXECUTIVO;ARTESP;RODOVIARIO          ;1;44;6376A-1;7;SAO PAULO (SP) - RIBEIRAO PRETO (SP);319;Demais Mercados;Normal;Seccionado;WEMOBI;319
7158;COMETA;RIBEIRAO PRETO;SAO PAULO (SP) - RIBEIRAO PRETO (SP);SAO PAULO - RIBEIRAO PRETO;319;EXEC. DD;ARTESP;RODOVIARIO          ;1;44;6376;7;SAO PAULO (SP) - RIBEIRAO PRETO (SP);319;Vedetes;Normal;Seccionado;Regional SP - Interior;319
7173;COMETA;FRANCA;SAO PAULO (SP) - FRANCA (SP);SAO PAULO - FRANCA;418;EXEC. DD;ARTESP;RODOVIARIO          ;1;44;0828-02;7;SAO PAULO (SP) - FRANCA (SP);418;Vedetes;Normal;Seccionado;Regional SP - Interior;418
7192;COMETA;BELO HORIZONTE;SAO PAULO (SP) - BELO HORIZONTE (MG) VIA CAMPINAS;SAO PAULO - BELO HORIZONTE;689;SEMILTO. DD;ANTT;RODOVIARIO          ;1;44;08-0057-31;7;SAO PAULO (SP) - BELO HORIZONTE (MG) VIA CAMPINAS;689;Vedetes;Normal;Seccionado;Regional SP - ANTT;689
7196;COMETA;VOLTA REDONDA;VOLTA REDONDA (RJ) - SAO PAULO (SP);SAO PAULO - VALE DO PARAIBA;316,89;SEMILTO. DD;ANTT;RODOVIARIO          ;1;44;07-0074-31;7;VOLTA REDONDA (RJ) - SAO PAULO (SP);316,89;Demais Mercados;Normal;Seccionado;Regional SP - ANTT;316,9
7210;COMETA;JUIZ DE FORA;SAO PAULO (SP) - JUIZ DE FORA (MG);SAO PAULO - SUL DE MINAS;513,7;EXEC. DD;ANTT;RODOVIARIO          ;1;44;08-0063-61;7;SAO PAULO (SP) - JUIZ DE FORA (MG);513,7;Demais Mercados;Normal;Seccionado;Regional SP - ANTT;513,7
7241;COMETA;SAO JOSE DO RIO PRETO;SAO PAULO (SP) - SAO JOSE DO RIO PRETO (SP);SAO PAULO - SAO JOSE DO RIO PRETO;435;EXEC. DD;ARTESP;RODOVIARIO          ;1;44;1384-05;7;SAO PAULO (SP) - SAO JOSE DO RIO PRETO (SP);435;Vedetes;Normal;Seccionado;Regional SP - Interior;435
7268;COMETA;VOLTA REDONDA;VOLTA REDONDA (RJ) - SAO PAULO (SP);SAO PAULO - VALE DO PARAIBA;316,89;SEMILTO. DD;ANTT;RODOVIARIO          ;1;44;07-0074-31;7;VOLTA REDONDA (RJ) - SAO PAULO (SP);316,89;Demais Mercados;Normal;Seccionado;Regional SP - ANTT;316,9
7286;COMETA;JUIZ DE FORA;JUIZ DE FORA (MG) - SAO PAULO (SP);SAO PAULO - SUL DE MINAS;491,19;EXEC. DD;ANTT;RODOVIARIO          ;1;44;06-0316-61;7;JUIZ DE FORA (MG) - SAO PAULO (SP);491,19;Demais Mercados;Normal;Seccionado;Regional SP - ANTT;491,2
7314;COMETA;SAO JOSE DO RIO PRETO;RIOLANDIA (SP) - SAO JOSE DO RIO PRETO (SP);SAO PAULO - SAO JOSE DO RIO PRETO;145;CONVENCIONAL;ARTESP;RODOVIARIO          ;1;44;125;7;RIOLANDIA (SP) - SAO JOSE DO RIO PRETO (SP);145;Vedetes;Normal;Seccionado;Regional SP - Interior;145
7336;COMETA;BELO HORIZONTE;BELO HORIZONTE (MG) - CURITIBA (PR);SAO PAULO - BELO HORIZONTE;1015,96;SEMILTO. DD;ANTT;RODOVIARIO          ;1;44;06-0304-31;7;BELO HORIZONTE (MG) - CURITIBA (PR);1015,96;Vedetes;Normal;Seccionado;Regional SP - ANTT;1015,96
7338;COMETA;CAMPINAS;CAMPINAS (SP) - RIO DE JANEIRO (RJ);INTERIOR SP MG - RIO DE JANEIRO;503,69;EXEC. DD;ANTT;RODOVIARIO          ;1;44;08-0044-61;7;CAMPINAS (SP) - RIO DE JANEIRO (RJ);503,69;Demais Mercados;Normal;Seccionado;Regional SP - ANTT;503,7
7353;COMETA;SAO JOSE DO RIO PRETO;RIOLANDIA (SP) - SAO JOSE DO RIO PRETO (SP) (VIA PALESTINA);SAO PAULO - SAO JOSE DO RIO PRETO;145;CONVENCIONAL;ARTESP;RODOVIARIO          ;1;44;0125-02;7;RIOLANDIA (SP) - SAO JOSE DO RIO PRETO (SP) (VIA PALESTINA);145;Vedetes;Normal;Seccionado;Regional SP - Interior;145
7371;COMETA;JUIZ DE FORA;JUIZ DE FORA (MG) - SAO PAULO (SP);SAO PAULO - SUL DE MINAS ;491,19;CONV. DD;ANTT;RODOVIARIO          ;1;44;06-0316-00;7;JUIZ DE FORA (MG) - SAO PAULO (SP);491,19;Demais Mercados;Normal;Seccionado;Regional SP - ANTT;491,2
7414;COMETA;JUIZ DE FORA;JUIZ DE FORA (MG) - SAO VICENTE (SP);SAO PAULO - SUL DE MINAS;558,59;CONV. DD;ANTT;RODOVIARIO          ;1;44;06-0315-00;7;JUIZ DE FORA (MG) - SAO VICENTE (SP);558,59;Demais Mercados;Normal;Seccionado;Regional SP - ANTT;558,6
7416;COMETA;JUIZ DE FORA;JUIZ DE FORA (MG) - SAO VICENTE (SP);SAO PAULO - SUL DE MINAS;558,59;EXEC. DD;ANTT;RODOVIARIO          ;1;44;06-0315-61;7;JUIZ DE FORA (MG) - SAO VICENTE (SP);558,59;Demais Mercados;Normal;Seccionado;Regional SP - ANTT;558,6
7592;COMETA;BELO HORIZONTE;CAMPINAS (SP) - BELO HORIZONTE (MG) (VIA CONTAGEM);SAO PAULO - BELO HORIZONTE;525,7;SEMILTO. DD;ANTT;RODOVIARIO          ;1;44;08-0207-31;7;CAMPINAS (SP) - BELO HORIZONTE (MG) (VIA CONTAGEM);525,7;Vedetes;Normal;Seccionado;Regional SP - ANTT;525,7
7727;COMETA;CAMPINAS;CAMPINAS (SP) - RIO DE JANEIRO (RJ);INTERIOR SP MG - RIO DE JANEIRO;503,69;SEMILTO. DD;ANTT;RODOVIARIO          ;1;44;08-0044-31;7;CAMPINAS (SP) - RIO DE JANEIRO (RJ);503,69;Demais Mercados;Normal;Seccionado;Regional SP - ANTT;503,7
30032;CATARINENSE;SÃO PAULO;RIO DE JANEIRO (RJ) - SAO PAULO (SP);SOROCABA - RIO ;411;SEMILTO. DD;ANTT;RODOVIARIO          ;1;44;7017730;3;RIO DE JANEIRO (RJ) - SAO PAULO (SP);411;;;;Regional Sul;411
3698;CATARINENSE;MARINGA;MARINGA (PR) - SAO PAULO (SP);SAO PAULO - MARINGA;627;SEMI LEITO;ANTT;RODOVIARIO          ;1;44;9032830;3;MARINGA (PR) - SAO PAULO (SP);627;;;;Regional Sul;627
7747;WEMOBI;WEMOBI;CAMPINAS (SP) - RIO DE JANEIRO (RJ);WEMOBI;404,6;COMFORT PLUS SEMI LEITO;ANTT;RODOVIARIO          ;1;45;08-0340-31;7;CAMPINAS (SP) - RIO DE JANEIRO (RJ);404,6;Demais Mercados;Normal;Seccionado;WEMOBI;404,6
2001;1001;MACAE;RIO DAS OSTRAS (RJ) - RIO DE JANEIRO (RJ) (VIA LAGOS-NIT);RIO - MACAE QUISSAMA;179,19;EXECUTIVO;DETRO/RJ;RODOVIARIO          ;1;46;2001;2;RIO DAS OSTRAS (RJ) - RIO DE JANEIRO (RJ) (VIA LAGOS-NIT);179,19;Vedetes;Normal;Seccionado;Regional Rio;179,2
2014;1001;SAO PAULO;MARICA (RJ) - SAO PAULO (SP);SP - NIT/CPS/MAC/FRIB/CBF;445,6;SEMILTO. DD;ANTT;RODOVIARIO          ;1;46;07-0095-31;2;MARICA (RJ) - SAO PAULO (SP);445,6;Demais Mercados;Normal;Seccionado;Regional Rio;445,6
2016;1001;SAO PAULO;MARICA (RJ) - SAO PAULO (SP);SP - NIT/CPS/MAC/FRIB/CBF;445,6;CONV. DD;ANTT;RODOVIARIO          ;1;46;07-0095-00;2;MARICA (RJ) - SAO PAULO (SP);445,6;Demais Mercados;Frequência Mínima;Seccionado;Regional Rio;445,6
2017;1001;FRIBURGO;MARICA (RJ) - NOVA FRIBURGO (RJ);RIO - FRIB/REG.SERRANA;112;CONV. C/AR;DETRO/RJ;RODOVIARIO          ;1;46;2017;2;MARICA (RJ) - NOVA FRIBURGO (RJ);112;Demais Mercados;Normal;Seccionado;Regional Rio;112
2018;1001;CABO FRIO;RIO DE JANEIRO (RJ) - ARRAIAL DO CABO (RJ) BARRA DA TIJUCA;RIO - REG.LAGOS;188,19;CONV. C/AR;DETRO/RJ;RODOVIARIO          ;1;46;2018;2;RIO DE JANEIRO (RJ) - ARRAIAL DO CABO (RJ) BARRA DA TIJUCA;188,19;Vedetes;Normal;Seccionado;Regional Rio;188,2
2019;1001;CABO FRIO;RIO DE JANEIRO (RJ) - BUZIOS (RJ) (VIA BARRA DA TIJUCA);RIO - REG.LAGOS;198,19;CONV. C/AR;DETRO/RJ;RODOVIARIO          ;1;46;2019;2;RIO DE JANEIRO (RJ) - BUZIOS (RJ) (VIA BARRA DA TIJUCA);198,19;Vedetes;Normal;Seccionado;Regional Rio;198,2
2022;1001;ITAPERUNA;RIO DE JANEIRO (RJ) - SAO JOSE DO CALCADO (ES) VIA BR-101;RIO - CAMPOS E NORTE FLUM.;397;EXECUTIVO;ANTT;RODOVIARIO;1;46;07-0099-61;2;RIO DE JANEIRO (RJ) - SAO JOSE DO CALCADO (ES) VIA BR-101;397;Vedetes;Normal;Seccionado;Regional Rio;397
2023;1001;CABO FRIO;RIO DE JANEIRO (RJ) - MACAE (RJ) ( VIA BARRA DA TIJUCA );RIO - MACAE QUISSAMA;226,8;CONV. C/AR;DETRO/RJ;RODOVIARIO          ;1;46;2023;2;RIO DE JANEIRO (RJ) - MACAE (RJ) ( VIA BARRA DA TIJUCA );226,8;Vedetes;Normal;Seccionado;Regional Rio;226,8
2028;1001;CAMPOS;RIO DE JANEIRO (RJ) - CAMPOS (RJ);RIO - CAMPOS E NORTE FLUM.;269;EXEC. DD - VAI DIRETO;DETRO/RJ;RODOVIARIO;1;46;2028;2;RIO DE JANEIRO (RJ) - CAMPOS (RJ);269;Vedetes;Normal;Direto;Regional Rio;269
2030;1001;CABO FRIO;RIO DE JANEIRO (RJ) - CAMPOS ( VIA BARRA DA TIJUCA );RIO - CAMPOS E NORTE FLUM.;296,19;CONV. C/AR;DETRO/RJ;RODOVIARIO          ;1;46;2030;2;RIO DE JANEIRO (RJ) - CAMPOS ( VIA BARRA DA TIJUCA );296,19;Vedetes;Normal;Seccionado;Regional Rio;296,2
2031;1001;FRIBURGO;RIO DE JANEIRO (RJ) - N.FRIBURGO (RJ) (VIA NITEROI-MANILHA);RIO - FRIB/REG.SERRANA;140;CONV. C/AR;DETRO/RJ;RODOVIARIO;1;46;2031;2;RIO DE JANEIRO (RJ) - N.FRIBURGO (RJ) (VIA NITEROI-MANILHA);140;Demais Mercados;Normal;Seccionado;Regional Rio;140
2032;1001;FRIBURGO;RIO DE JANEIRO (RJ) - NOVA FRIBURGO (RJ) (VIA NIT-MANILHA);RIO - FRIB/REG.SERRANA;140;CONVENCIONAL;DETRO/RJ;RODOVIARIO;1;46;2032;2;RIO DE JANEIRO (RJ) - NOVA FRIBURGO (RJ) (VIA NIT-MANILHA);140;Demais Mercados;Normal;Seccionado;Regional Rio;140
2036;1001;CABO FRIO;RIO DE JANEIRO (RJ) - NOVA FRIBURGO (RJ) VIA BARRA DA TIJUCA;RIO - FRIB/REG.SERRANA;155,3;CONV. C/AR;DETRO/RJ;RODOVIARIO          ;1;46;2036;2;RIO DE JANEIRO (RJ) - NOVA FRIBURGO (RJ) VIA BARRA DA TIJUCA;155,3;Vedetes;Normal;Seccionado;Regional Rio;155,3
2040;1001;SAO PAULO;MARICA (RJ) - SAO PAULO (SP);SP - NIT/CPS/MAC/FRIB/CBF;445,6;CONVENCIONAL;ANTT;RODOVIARIO          ;1;46;07-0095-00;2;MARICA (RJ) - SAO PAULO (SP);445,6;Demais Mercados;Normal;Seccionado;Regional Rio;445,6
2043;1001;SAO PAULO;SAO PAULO (SP) - DUQUE DE CAXIAS (RJ);SP - BAIXADA e CPO GRN;398,08;CONV. DD;ANTT;RODOVIARIO          ;1;46;08-0352-00;2;SAO PAULO (SP) - DUQUE DE CAXIAS (RJ);398,08;Demais Mercados;Normal;Seccionado;Regional Rio;398,09
2047;WEMOBI;WEMOBI;RIO DE JANEIRO (RJ) - CAMPOS DOS GOYTACAZES (RJ);WEMOBI;277,3;POP;DETRO/RJ;RODOVIARIO          ;1;46;2047;2;RIO DE JANEIRO (RJ) - CAMPOS DOS GOYTACAZES (RJ);277,3;Demais Mercados;Normal;wemobi;WEMOBI;277,3
2048;WEMOBI;WEMOBI;RIO DE JANEIRO (RJ) - MACAE (RJ);WEMOBI;183,3;POP;DETRO/RJ;RODOVIARIO          ;1;46;2048;2;RIO DE JANEIRO (RJ) - MACAE (RJ);183,3;Vedetes;Normal;Seccionado;WEMOBI;183,3
2052;1001;CABO FRIO;RIO DE JANEIRO (RJ) - ARRAIAL DO CABO (RJ);RIO - REG.LAGOS;167,3;EXECUTIVO;DETRO/RJ;RODOVIARIO          ;1;46;2052;2;RIO DE JANEIRO (RJ) - ARRAIAL DO CABO (RJ);167,3;;;;Regional Rio;167,3
2059;1001;FRIBURGO;RIO DE JANEIRO (RJ) - NOVA FRIBURGO (RJ);RIO - FRIB/REG.SERRANA;140;EXEC. DD;DETRO/RJ;RODOVIARIO          ;1;46;2059;2;RIO DE JANEIRO (RJ) - NOVA FRIBURGO (RJ);140;Demais Mercados;Normal;Seccionado;Regional Rio;140
2116;1001;CABO FRIO;NITEROI (RJ) - CABO FRIO (RJ) (VIA SERRA);RIO - REG.LAGOS;134;CONV. C/AR;DETRO/RJ;RODOVIARIO          ;1;46;2116;2;NITEROI (RJ) - CABO FRIO (RJ) (VIA SERRA);134;Vedetes;Normal;Seccionado;Regional Rio;134
2120;1001;SAO PAULO;SAO PAULO (SP) - RIO DE JANEIRO (RJ) VIA D. CAXIAS;SP - BAIXADA E CPO GRN;424,99;CONV. DD;ANTT;RODOVIARIO          ;1;46;08-0082-00;2;SAO PAULO (SP) - RIO DE JANEIRO (RJ) VIA D. CAXIAS;424,99;Demais Mercados;Normal;Seccionado;Regional Rio;424,99
2122;1001;SAO PAULO;DUQUE DE CAXIAS (RJ) - SAO PAULO (SP);SP - BAIXADA E CPO GRN;398,08;SEMILTO. DD;ANTT;RODOVIARIO          ;1;46;07-0105-31;2;DUQUE DE CAXIAS (RJ) - SAO PAULO (SP);398,08;Demais Mercados;Normal;Seccionado;Regional Rio;398,09
2124;1001;SAO PAULO;RIO DE JANEIRO (RJ) - SAO BERNARDO DO CAMPO (SP);SAO PAULO - RIO DE JANEIRO;467,02;CONV. DD;ANTT;RODOVIARIO          ;1;46;07-0102-00;2;RIO DE JANEIRO (RJ) - SAO BERNARDO DO CAMPO (SP);467,02;Vedetes;Normal;Seccionado;Regional Rio;467,03
2126;1001;MACAE;MACAE (RJ) - RIO DE JANEIRO (RJ) (VIA LAGOS - NITEROI);RIO - MACAE QUISSAMA;203,59;CONV. C/AR;DETRO/RJ;RODOVIARIO          ;1;46;108-053-005;2;MACAE (RJ) - RIO DE JANEIRO (RJ) (VIA LAGOS - NITEROI);203,59;Vedetes;Normal;Seccionado;Regional Rio;203,6
2127;1001;SAO PAULO;RIO DE JANEIRO (RJ) - OSASCO (SP);SAO PAULO - RIO DE JANEIRO;447,89;EXEC. DD;ANTT;RODOVIARIO          ;1;46;07-0116-60;2;RIO DE JANEIRO (RJ) - OSASCO (SP);447,89;Vedetes;Normal;Seccionado;Regional Rio;447,9
2129;1001;CABO FRIO;RIO DE JANEIRO (RJ) - BUZIOS (RJ) (VIA NITEROI-LAGOS);RIO - REG.LAGOS;175;CONV. C/AR;DETRO/RJ;RODOVIARIO;1;46;108-029-001;2;RIO DE JANEIRO (RJ) - BUZIOS (RJ) (VIA NITEROI-LAGOS);175;Vedetes;Normal;Seccionado;Regional Rio;175
2131;1001;CABO FRIO;BUZIOS (RJ) - AEROPORTO GALEAO (RJ);RIO - REG.LAGOS;184;CONV. C/AR;DETRO/RJ;RODOVIARIO;1;46;108-029-013;2;BUZIOS (RJ) - AEROPORTO GALEAO (RJ);184;Vedetes;Normal;Seccionado;Regional Rio;184
2133;1001;SAO PAULO;RIO DE JANEIRO (RJ) - SAO PAULO (SP) - VAI DIRETO;SAO PAULO - RIO DE JANEIRO;418,1;SEMI LEITO - VAI DIRETO;ANTT;RODOVIARIO          ;1;46;08-0080-31;2;RIO DE JANEIRO (RJ) - SAO PAULO (SP) - VAI DIRETO;418,1;Vedetes;Normal;Direto;Regional Rio;418,1
2135;1001;CABO FRIO;AEROPORTO GALEAO (RJ) - BUZIOS (RJ);RIO - REG.LAGOS;247,09;CONV. C/AR;DETRO/RJ;RODOVIARIO          ;1;46;2135;2;AEROPORTO GALEAO (RJ) - BUZIOS (RJ);247,09;Vedetes;Normal;Seccionado;Regional Rio;247,1
2136;1001;CABO FRIO;AEROPORTO GALEAO (RJ) - BUZIOS (RJ) (VIA ZONA SUL);RIO - REG.LAGOS;236,5;CONV. C/AR;DETRO/RJ;RODOVIARIO          ;1;46;108-029-013;2;AEROPORTO GALEAO (RJ) - BUZIOS (RJ) (VIA ZONA SUL);236,5;Vedetes;Normal;Seccionado;Regional Rio;236,5
2137;1001;MARUI;CACHOEIRA DE MACACU (RJ) - MACUCO (RJ) (PAISSANDU);REG SERRANA;63;CONVENCIONAL;DETRO/RJ;URBANO              ;1;46;2137;2;CACHOEIRA DE MACACU (RJ) - MACUCO (RJ) (PAISSANDU);63;Demais Mercados;Normal;Seccionado;Regional Rio;
2138;1001;SAO PAULO;NITEROI (RJ) - SAO BERNARDO DO CAMPO (SP);SP - NIT/CPS/MAC/FRIB/CBF;470,89;EXECUTIVO;ANTT;RODOVIARIO;1;46;070-094-61;2;NITEROI (RJ) - SAO BERNARDO DO CAMPO (SP);470,89;Demais Mercados;Normal;Seccionado;Regional Rio;470,9
2140;1001;FRIBURGO;NOVA IGUACU (RJ) - NOVA FRIBURGO (RJ) (VIA MAGE);RIO - FRIB/REG.SERRANA;154,59;CONVENCIONAL;DETRO/RJ;RODOVIARIO          ;1;46;108-007-002;2;NOVA IGUACU (RJ) - NOVA FRIBURGO (RJ) (VIA MAGE);154,59;Demais Mercados;Normal;Seccionado;Regional Rio;154,6
2141;1001;FRIBURGO;NOVA FRIBURGO (RJ) - RIO DAS OSTRAS (RJ) - VIA CORDEIRO;FRIBURGO - LITORAL;213;CONVENCIONAL;DETRO/RJ;SELETIVO;1;46;2141;2;NOVA FRIBURGO (RJ) - RIO DAS OSTRAS (RJ) - VIA CORDEIRO;213;Demais Mercados;Normal;Seccionado;Regional Rio;
2143;1001;CABO FRIO;RIO DE JANEIRO (RJ) - ARRAIAL DO CABO (RJ) (NIT-ARARUAMA);RIO - REG.LAGOS;161,09;CONVENCIONAL;DETRO/RJ;RODOVIARIO;1;46;108-029-003;2;RIO DE JANEIRO (RJ) - ARRAIAL DO CABO (RJ) (NIT-ARARUAMA);161,09;Vedetes;Normal;Seccionado;Regional Rio;161,1
2145;1001;MACAE;RIO DE JANEIRO (RJ) - MACAE (RJ) (VIA NITEROI-BR101);RIO - MACAE QUISSAMA;183,3;EXECUTIVO;DETRO/RJ;RODOVIARIO;1;46;2145;2;RIO DE JANEIRO (RJ) - MACAE (RJ) (VIA NITEROI-BR101);183,3;Vedetes;Normal;Seccionado;Regional Rio;183,3
2146;1001;CAMPOS;RIO DE JANEIRO (RJ) - CAMPOS (RJ);RIO - CAMPOS E NORTE FLUM.;278;EXECUTIVO - VAI DIRETO;DETRO/RJ;RODOVIARIO          ;1;46;108-039-009;2;RIO DE JANEIRO (RJ) - CAMPOS (RJ);278;Vedetes;Normal;Direto;Regional Rio;278
2147;1001;SAO PAULO;NITEROI (RJ) - SAO PAULO (SP) - VIA NOVO RIO;SP - NIT/CPS/MAC/FRIB/CBF;445,6;EXECUTIVO;ANTT;RODOVIARIO          ;1;46;07-0215-60;2;NITEROI (RJ) - SAO PAULO (SP) - VIA NOVO RIO;445,6;Demais Mercados;Normal;Seccionado;Regional Rio;445,6
2148;1001;SAO PAULO;NITEROI (RJ) - SAO PAULO (SP) - VIA NOVO RIO;SP - NIT/CPS/MAC/FRIB/CBF;445,6;EXEC. DD;ANTT;RODOVIARIO          ;1;46;07-0215-60;2;NITEROI (RJ) - SAO PAULO (SP) - VIA NOVO RIO;445,6;Demais Mercados;Normal;Seccionado;Regional Rio;445,6
2158;1001;SAO PAULO;NITEROI (RJ) - CAMPOS (RJ);SP - NIT/CPS/MAC/FRIB/CBF;265,11;CONV. DD;DETRO/RJ;RODOVIARIO          ;1;46;2158;2;NITEROI (RJ) - CAMPOS (RJ);265,11;Demais Mercados;Normal;Seccionado;Regional Rio;265,11
2160;1001;SAO PAULO;NITEROI (RJ) - SAO PAULO (SP) - VIA NOVO RIO;SP - NIT/CPS/MAC/FRIB/CBF;445,6;SEMILTO. DD;ANTT;RODOVIARIO          ;1;46;07-0215-31;2;NITEROI (RJ) - SAO PAULO (SP) - VIA NOVO RIO;445,6;Demais Mercados;Normal;Seccionado;Regional Rio;445,6
2162;1001;SAO PAULO;CABO FRIO (RJ) - SAO PAULO (SP);SP - NIT/CPS/MAC/FRIB/CBF;582;EXEC. DD;ANTT;RODOVIARIO          ;1;46;07-0093-61;2;CABO FRIO (RJ) - SAO PAULO (SP);582;Demais Mercados;Normal;Seccionado;Regional Rio;582
2164;1001;SAO PAULO;NITEROI (RJ) - SAO PAULO (SP) - VIA NOVO RIO;SP - NIT/CPS/MAC/FRIB/CBF;445,6;CONVENCIONAL;ANTT;RODOVIARIO          ;1;46;07-0215-00;2;NITEROI (RJ) - SAO PAULO (SP) - VIA NOVO RIO;445,6;Demais Mercados;Normal;Seccionado;Regional Rio;445,6
2165;WEMOBI;WEMOBI;NITERIO (RJ) - SAO PAULO (SP);WEMOBI;445,6;COMFORT PLUS SEMI LEITO;ANTT;RODOVIARIO          ;1;46;07-0095-31;2;NITERIO (RJ) - SAO PAULO (SP);445,6;Demais Mercados;Normal;Seccionado;WEMOBI;445,6
2171;1001;MACAE;MACAE (RJ) - CASIMIRO DE ABREU (RJ) (VIA RIO DOURADO);RIO - MACAE QUISSAMA;62,2;CONVENCIONAL;ANTT;RODOVIARIO          ;1;46;108-051-00;2;MACAE (RJ) - CASIMIRO DE ABREU (RJ) (VIA RIO DOURADO);62,2;Vedetes;Normal;Seccionado;Regional Rio;62,2
2172;1001;CAMPOS;RIO DE JANEIRO (RJ) - CAMPOS (RJ) (VIA NITEROI);RIO - CAMPOS E NORTE FLUM.;280,3;CONVENCIONAL;DETRO/RJ;RODOVIARIO;1;46;2172;2;RIO DE JANEIRO (RJ) - CAMPOS (RJ) (VIA NITEROI);280,3;Vedetes;Normal;Seccionado;Regional Rio;280,3
2173;1001;SAO PAULO;NITEROI (RJ) - CAMPOS (RJ);SP - NIT/CPS/MAC/FRIB/CBF;265,11;CONV. C/AR DD;DETRO/RJ;RODOVIARIO;1;46;2173;2;NITEROI (RJ) - CAMPOS (RJ);265,11;Demais Mercados;Normal;Seccionado;Regional Rio;265,11
2175;1001;CAMPOS;RIO DE JANEIRO (RJ) - CAMPOS (RJ) (VIA NITEROI);RIO - CAMPOS E NORTE FLUM.;280,3;CONV. C/AR;DETRO/RJ;RODOVIARIO;1;46;2175;2;RIO DE JANEIRO (RJ) - CAMPOS (RJ) (VIA NITEROI);280,3;Vedetes;Normal;Seccionado;Regional Rio;280,3
2176;1001;ITAPERUNA;PIRAPETINGA (MG) - RIO DE JANEIRO (RJ);RIO - PIRAPETINGA/ITAPERUNA;246,8;CONVENCIONAL;ANTT;RODOVIARIO;1;46;06-05544-00;2;PIRAPETINGA (MG) - RIO DE JANEIRO (RJ);246,8;Demais Mercados;Normal;Seccionado;Regional Rio;246,8
2191;1001;MACAE;RIO DAS OSTRAS (RJ) - RIO DE JANEIRO (RJ) (VIA LAGOS-NIT);RIO - MACAE QUISSAMA;179,19;EXEC. DD;DETRO/RJ;RODOVIARIO          ;1;46;2191;2;RIO DAS OSTRAS (RJ) - RIO DE JANEIRO (RJ) (VIA LAGOS-NIT);179,19;Vedetes;Normal;Seccionado;Regional Rio;179,2
2201;1001;MACAE;MACAE (RJ) - RIO DE JANEIRO (RJ) (VIA LAGOS);RIO - MACAE QUISSAMA;203,59;CONVENCIONAL;DETRO/RJ;RODOVIARIO          ;1;46;2201;2;MACAE (RJ) - RIO DE JANEIRO (RJ) (VIA LAGOS);203,59;Vedetes;Normal;Seccionado;Regional Rio;203,6
2203;1001;MACAE;MACAE (RJ) - RIO DE JANEIRO (RJ) (VIA LAGOS - NITEROI);RIO - MACAE QUISSAMA;203,59;CONVENCIONAL;DETRO/RJ;RODOVIARIO          ;1;46;108-053-005;2;MACAE (RJ) - RIO DE JANEIRO (RJ) (VIA LAGOS - NITEROI);203,59;Vedetes;Normal;Seccionado;Regional Rio;203,6
2207;1001;MACAE;MACAE (RJ) - RIO DE JANEIRO (RJ) (VIA R.OSTRAS-C.ABREU-NIT);RIO - MACAE QUISSAMA;183,3;CONV. C/AR;DETRO/RJ;RODOVIARIO          ;1;46;108-040-004;2;MACAE (RJ) - RIO DE JANEIRO (RJ) (VIA R.OSTRAS-C.ABREU-NIT);183,3;Vedetes;Normal;Seccionado;Regional Rio;183,3
2208;1001;MACAE;MACAE (RJ) - RIO DE JANEIRO (RJ) (VIA R.OSTRAS-C.ABREU-NIT);RIO - MACAE QUISSAMA;183,3;CONVENCIONAL;DETRO/RJ;RODOVIARIO          ;1;46;108-040-002;2;MACAE (RJ) - RIO DE JANEIRO (RJ) (VIA R.OSTRAS-C.ABREU-NIT);183,3;Vedetes;Normal;Seccionado;Regional Rio;183,3
2221;1001;MACAE;MACAE (RJ) - NOVA IGUACU (RJ) (VIA LAGOS);RIO - MACAE QUISSAMA;239,5;CONVENCIONAL;DETRO/RJ;RODOVIARIO          ;1;46;108-053-002;2;MACAE (RJ) - NOVA IGUACU (RJ) (VIA LAGOS);239,5;Vedetes;Normal;Seccionado;Regional Rio;239,5
2222;1001;MACAE;MACAE (RJ) - NOVA IGUACU (RJ) (VIA LAGOS);RIO - MACAE QUISSAMA;239,5;CONV. C/AR;DETRO/RJ;RODOVIARIO          ;1;46;108-053-006;2;MACAE (RJ) - NOVA IGUACU (RJ) (VIA LAGOS);239,5;Vedetes;Normal;Seccionado;Regional Rio;239,5
2228;1001;MACAE;CONC. DE MACABU (RJ) - NITEROI (RJ) (VIA BR-101);RIO - MACAE QUISSAMA;187;CONVENCIONAL;DETRO/RJ;RODOVIARIO          ;1;46;2228;2;CONC. DE MACABU (RJ) - NITEROI (RJ) (VIA BR-101);187;Vedetes;Normal;Seccionado;Regional Rio;187
2229;1001;MACAE;RIO DE JANEIRO (RJ) - QUISSAMA (RJ)  (VIA RIO DAS OSTRAS);RIO - MACAE QUISSAMA;248;CONVENCIONAL;DETRO/RJ;RODOVIARIO          ;1;46;2229;2;RIO DE JANEIRO (RJ) - QUISSAMA (RJ)  (VIA RIO DAS OSTRAS);248;Vedetes;Normal;Seccionado;Regional Rio;248
2236;1001;MACAE;NITEROI (RJ) - QUISSAMA (RJ) (VILA VERDE);RIO - MACAE QUISSAMA;232,59;CONVENCIONAL;DETRO/RJ;RODOVIARIO          ;1;46;2236;2;NITEROI (RJ) - QUISSAMA (RJ) (VILA VERDE);232,59;Vedetes;Normal;Seccionado;Regional Rio;232,6
2237;1001;MACAE;RIO DAS OSTRAS (RJ) - RIO DE JANEIRO (RJ) (VIA LAGOS);RIO - MACAE QUISSAMA;174,69;CONV. C/AR;DETRO/RJ;RODOVIARIO          ;1;46;2237;2;RIO DAS OSTRAS (RJ) - RIO DE JANEIRO (RJ) (VIA LAGOS);174,69;Vedetes;Normal;Seccionado;Regional Rio;174,7
2241;1001;MACAE;RIO DAS OSTRAS (RJ) - RIO DE JANEIRO (RJ) (VIA C.ABREU-NIT);RIO - MACAE QUISSAMA;164,3;CONV. C/AR;DETRO/RJ;RODOVIARIO          ;1;46;2241;2;RIO DAS OSTRAS (RJ) - RIO DE JANEIRO (RJ) (VIA C.ABREU-NIT);164,3;Vedetes;Normal;Seccionado;Regional Rio;164,3
2252;1001;MACAE;RIO DAS OSTRAS (RJ) - RIO DE JANEIRO (RJ) (BR101-MANILHA);RIO - MACAE QUISSAMA;179,19;CONV. C/AR;DETRO/RJ;RODOVIARIO          ;1;46;2252;2;RIO DAS OSTRAS (RJ) - RIO DE JANEIRO (RJ) (BR101-MANILHA);179,19;Vedetes;Normal;Direto;Regional Rio;179,2
2254;1001;MACAE;UNAMAR (RJ) - RIO DE JANEIRO (RJ) (VIA LAGOS);RIO - MACAE QUISSAMA;182,4;CONV. C/AR;DETRO/RJ;RODOVIARIO          ;1;46;2254;2;UNAMAR (RJ) - RIO DE JANEIRO (RJ) (VIA LAGOS);182,4;Vedetes;Normal;Direto;Regional Rio;182,4
2256;1001;MACAE;CONC. DE MACABU (RJ) - RIO DE JANEIRO (RJ) (VIA C.ABREU-NIT);RIO - MACAE QUISSAMA;218,3;CONVENCIONAL;DETRO/RJ;RODOVIARIO          ;1;46;108-053-003;2;CONC. DE MACABU (RJ) - RIO DE JANEIRO (RJ) (VIA C.ABREU-NIT);218,3;Vedetes;Normal;Seccionado;Regional Rio;218,3
2261;1001;CABO FRIO;NITEROI (RJ) - ARRAIAL DO CABO (RJ) (VIA ALCANTARA);RIO - REG.LAGOS;163,4;CONVENCIONAL;DETRO/RJ;RODOVIARIO          ;1;46;108-019-000;2;NITEROI (RJ) - ARRAIAL DO CABO (RJ) (VIA ALCANTARA);163,4;Vedetes;Normal;Seccionado;Regional Rio;163,4
2284;1001;MACAE;RIO DAS OSTRAS (RJ) - RIO DE JANEIRO (RJ) (VIA LAGOS-NIT);RIO - MACAE QUISSAMA;179,19;CONV. C/AR;DETRO/RJ;RODOVIARIO          ;1;46;108-053-001;2;RIO DAS OSTRAS (RJ) - RIO DE JANEIRO (RJ) (VIA LAGOS-NIT);179,19;Vedetes;Normal;Seccionado;Regional Rio;179,2
2285;1001;MACAE;MACAE (RJ) - NITEROI (RJ) (VIA LAGOS);RIO - MACAE QUISSAMA;187,69;CONV. C/AR;DETRO/RJ;RODOVIARIO          ;1;46;2285;2;MACAE (RJ) - NITEROI (RJ) (VIA LAGOS);187,69;Vedetes;Normal;Seccionado;Regional Rio;187,7
2300;1001;CABO FRIO;RIO DE JANEIRO (RJ) - CABO FRIO (RJ) (VIA LAGOS);RIO - REG.LAGOS;160,69;CONV. C/AR;DETRO/RJ;RODOVIARIO          ;1;46;2300;2;RIO DE JANEIRO (RJ) - CABO FRIO (RJ) (VIA LAGOS);160,69;Vedetes;Normal;Seccionado;Regional Rio;160,7
2301;1001;CABO FRIO;RIO DE JANEIRO (RJ) - CABO FRIO (RJ) (VIA LAGOS);RIO - REG.LAGOS;167,9;CONVENCIONAL;DETRO/RJ;RODOVIARIO          ;1;46;2301;2;RIO DE JANEIRO (RJ) - CABO FRIO (RJ) (VIA LAGOS);167,9;Vedetes;Normal;Seccionado;Regional Rio;167,9
2302;1001;CABO FRIO;RIO DE JANEIRO (RJ) - CABO FRIO (RJ) (VIA MANILHA-ARARUAMA);RIO - REG.LAGOS;166,9;CONV. C/AR;DETRO/RJ;RODOVIARIO          ;1;46;108-029-006;2;RIO DE JANEIRO (RJ) - CABO FRIO (RJ) (VIA MANILHA-ARARUAMA);166,9;Vedetes;Normal;Seccionado;Regional Rio;166,9
2303;1001;CABO FRIO;RIO DE JANEIRO (RJ) - CABO FRIO (RJ) (VIA MANILHA-ARARUAMA);RIO - REG.LAGOS;165,69;CONVENCIONAL;DETRO/RJ;RODOVIARIO          ;1;46;2303;2;RIO DE JANEIRO (RJ) - CABO FRIO (RJ) (VIA MANILHA-ARARUAMA);165,69;Vedetes;Normal;Seccionado;Regional Rio;165,7
2305;1001;CABO FRIO;RIO DE JANEIRO (RJ) - CABO FRIO (RJ) (VIA NITEROI-SERRA);RIO - REG.LAGOS;138;CONVENCIONAL;DETRO/RJ;RODOVIARIO          ;1;46;2305;2;RIO DE JANEIRO (RJ) - CABO FRIO (RJ) (VIA NITEROI-SERRA);138;Vedetes;Normal;Seccionado;Regional Rio;138
2306;1001;CABO FRIO;RIO DE JANEIRO (RJ) - CABO FRIO (RJ) (VIA NITEROI-ARARUAMA);RIO - REG.LAGOS;151,09;CONVENCIONAL;DETRO/RJ;RODOVIARIO          ;1;46;108-029-000;2;RIO DE JANEIRO (RJ) - CABO FRIO (RJ) (VIA NITEROI-ARARUAMA);151,09;Vedetes;Normal;Seccionado;Regional Rio;151,1
2307;1001;CABO FRIO;RIO DE JANEIRO (RJ) - ARRAIAL DO CABO (RJ) (VIA NIT-P.SECA);RIO - REG.LAGOS;141,9;CONVENCIONAL;DETRO/RJ;RODOVIARIO          ;1;46;108-020-000;2;RIO DE JANEIRO (RJ) - ARRAIAL DO CABO (RJ) (VIA NIT-P.SECA);141,9;Vedetes;Normal;Seccionado;Regional Rio;141,9
2314;1001;CABO FRIO;RIO DE JANEIRO (RJ) - CABO FRIO (RJ) (VIA NIT-TREVO GIGI);RIO - REG.LAGOS;166,9;CONV. C/AR;DETRO/RJ;RODOVIARIO          ;1;46;108-029-006;2;RIO DE JANEIRO (RJ) - CABO FRIO (RJ) (VIA NIT-TREVO GIGI);166,9;Vedetes;Normal;Seccionado;Regional Rio;166,9
2315;1001;CABO FRIO;RIO DE JANEIRO (RJ) - CABO FRIO (RJ) (VIA NIT-TREVO GIGI);RIO - REG.LAGOS;151,09;CONVENCIONAL;DETRO/RJ;RODOVIARIO          ;1;46;108-029-000;2;RIO DE JANEIRO (RJ) - CABO FRIO (RJ) (VIA NIT-TREVO GIGI);151,09;Vedetes;Normal;Seccionado;Regional Rio;151,1
2318;1001;CABO FRIO;RIO DE JANEIRO (RJ) - CABO FRIO (RJ) (VIA TREVO GIGI);RIO - REG.LAGOS;166,9;CONV. C/AR;DETRO/RJ;RODOVIARIO          ;1;46;108-029-000;2;RIO DE JANEIRO (RJ) - CABO FRIO (RJ) (VIA TREVO GIGI);166,9;Vedetes;Normal;Seccionado;Regional Rio;166,9
2319;1001;CABO FRIO;RIO DE JANEIRO (RJ) - CABO FRIO (RJ) (VIA TREVO GIGI);RIO - REG.LAGOS;178;CONVENCIONAL;DETRO/RJ;RODOVIARIO          ;1;46;108-029-000;2;RIO DE JANEIRO (RJ) - CABO FRIO (RJ) (VIA TREVO GIGI);178;Vedetes;Normal;Seccionado;Regional Rio;178
2320;1001;CABO FRIO;RIO DE JANEIRO (RJ) - ARRAIAL DO CABO (RJ) (VIA LAGOS);RIO - REG.LAGOS;184,09;CONV. C/AR;DETRO/RJ;RODOVIARIO          ;1;46;2320;2;RIO DE JANEIRO (RJ) - ARRAIAL DO CABO (RJ) (VIA LAGOS);184,09;Vedetes;Normal;Seccionado;Regional Rio;184,1
2321;1001;CABO FRIO;RIO DE JANEIRO (RJ) - ARRAIAL DO CABO (RJ) (VIA LAGOS);RIO - REG.LAGOS;184,09;CONVENCIONAL;DETRO/RJ;RODOVIARIO          ;1;46;2321;2;RIO DE JANEIRO (RJ) - ARRAIAL DO CABO (RJ) (VIA LAGOS);184,09;Vedetes;Normal;Seccionado;Regional Rio;184,1
2322;1001;CABO FRIO;RIO DE JANEIRO (RJ) - ARRAIAL DO CABO (RJ) (NIT-ARARUAMA);RIO - REG.LAGOS;161,09;CONVENCIONAL;DETRO/RJ;RODOVIARIO          ;1;46;108-029-003;2;RIO DE JANEIRO (RJ) - ARRAIAL DO CABO (RJ) (NIT-ARARUAMA);161,09;Vedetes;Normal;Seccionado;Regional Rio;161,1
2323;1001;CABO FRIO;RIO DE JANEIRO (RJ) - ARRAIAL DO CABO (RJ) (MANIL-ARARUAMA);RIO - REG.LAGOS;167,3;CONV. C/AR;DETRO/RJ;RODOVIARIO          ;1;46;108-029-008;2;RIO DE JANEIRO (RJ) - ARRAIAL DO CABO (RJ) (MANIL-ARARUAMA);167,3;Vedetes;Normal;Seccionado;Regional Rio;167,3
2325;1001;CABO FRIO;RIO DE JANEIRO (RJ) - ARRAIAL DO CABO (RJ) (MANILHA);RIO - REG.LAGOS;167,3;CONV. C/AR;DETRO/RJ;RODOVIARIO          ;1;46;108-029-008;2;RIO DE JANEIRO (RJ) - ARRAIAL DO CABO (RJ) (MANILHA);167,3;Vedetes;Normal;Seccionado;Regional Rio;167,3
2327;1001;CABO FRIO;RIO DE JANEIRO (RJ) - CABO FRIO (RJ) (VIA NITEROI-ARARUAMA);RIO - REG.LAGOS;163,9;CONV. C/AR;DETRO/RJ;RODOVIARIO          ;1;46;108-029-006;2;RIO DE JANEIRO (RJ) - CABO FRIO (RJ) (VIA NITEROI-ARARUAMA);163,9;Vedetes;Normal;Seccionado;Regional Rio;163,9
2329;1001;CABO FRIO;RIO DE JANEIRO (RJ) - ARRAIAL DO CABO (RJ) (VIA MANILHA);RIO - REG.LAGOS;159,09;CONV. C/AR;DETRO/RJ;RODOVIARIO          ;1;46;108-029-008;2;RIO DE JANEIRO (RJ) - ARRAIAL DO CABO (RJ) (VIA MANILHA);159,09;Vedetes;Normal;Seccionado;Regional Rio;159,1
2330;1001;CABO FRIO;RIO DE JANEIRO (RJ) - ARRAIAL DO CABO (RJ) (MANILHA);RIO - REG.LAGOS;167,3;CONVENCIONAL;DETRO/RJ;RODOVIARIO          ;1;46;108-029-003;2;RIO DE JANEIRO (RJ) - ARRAIAL DO CABO (RJ) (MANILHA);167,3;Vedetes;Normal;Seccionado;Regional Rio;167,3
2331;1001;CABO FRIO;RIO DE JANEIRO (RJ) - ARRAIAL DO CABO (RJ) (VIA NIT-P.SECA);RIO - REG.LAGOS;151,69;CONV. C/AR;DETRO/RJ;RODOVIARIO          ;1;46;2331;2;RIO DE JANEIRO (RJ) - ARRAIAL DO CABO (RJ) (VIA NIT-P.SECA);151,69;Vedetes;Normal;Seccionado;Regional Rio;151,7
2339;1001;CABO FRIO;RIO DE JANEIRO (RJ) - ARRAIAL DO CABO (RJ) (VIA P.SECA);RIO - REG.LAGOS;163,59;CONV. C/AR;DETRO/RJ;RODOVIARIO          ;1;46;2339;2;RIO DE JANEIRO (RJ) - ARRAIAL DO CABO (RJ) (VIA P.SECA);163,59;Vedetes;Normal;Seccionado;Regional Rio;163,6
2340;1001;CABO FRIO;RIO DE JANEIRO (RJ) - S.PEDRO ALDEIA (RJ) (MANILHA-ARARUAMA);RIO - REG.LAGOS;144,69;CONV. C/AR;DETRO/RJ;RODOVIARIO          ;1;46;2340;2;RIO DE JANEIRO (RJ) - S.PEDRO ALDEIA (RJ) (MANILHA-ARARUAMA);144,69;Vedetes;Normal;Seccionado;Regional Rio;144,7
2341;1001;CABO FRIO;RIO DE JANEIRO (RJ) - S.PEDRO ALDEIA (RJ) (VIA S.CORREA);RIO - REG.LAGOS;125;CONVENCIONAL;DETRO/RJ;RODOVIARIO          ;1;46;108-028-000;2;RIO DE JANEIRO (RJ) - S.PEDRO ALDEIA (RJ) (VIA S.CORREA);125;Vedetes;Normal;Seccionado;Regional Rio;125
2349;1001;CABO FRIO;RIO DE JANEIRO (RJ) - ARARUAMA (RJ) (VIA SERRA-BACAXA);RIO/NIT - ARAR/SAQ;101;CONV. C/AR;DETRO/RJ;RODOVIARIO          ;1;46;2349;2;RIO DE JANEIRO (RJ) - ARARUAMA (RJ) (VIA SERRA-BACAXA);101;Demais Mercados;Normal;Seccionado;Regional Rio;101
2350;1001;ITAPERUNA;RIO DE JANEIRO (RJ) - S.J.PARAISO (RJ) (VIA NITEROI-CAMPOS);RIO - CAMPOS E NORTE FLUM.;403,3;CONVENCIONAL;DETRO/RJ;RODOVIARIO          ;1;46;2350;2;RIO DE JANEIRO (RJ) - S.J.PARAISO (RJ) (VIA NITEROI-CAMPOS);403,3;Vedetes;Normal;Seccionado;Regional Rio;403,3
2352;1001;ITAPERUNA;RIO DE JANEIRO (RJ) - ITAPERUNA (RJ) (VIA BOA VENTURA);RIO - CAMPOS E NORTE FLUM.;431,3;CONVENCIONAL;DETRO/RJ;RODOVIARIO          ;1;46;2352;2;RIO DE JANEIRO (RJ) - ITAPERUNA (RJ) (VIA BOA VENTURA);431,3;Vedetes;Normal;Seccionado;Regional Rio;431,3
2353;1001;ITAPERUNA;RIO DE JANEIRO (RJ) - B.J.ITABAPOANA (RJ) (VIA NIT-ITALVA);RIO - CAMPOS E NORTE FLUM.;381;CONVENCIONAL;DETRO/RJ;RODOVIARIO          ;1;46;2353;2;RIO DE JANEIRO (RJ) - B.J.ITABAPOANA (RJ) (VIA NIT-ITALVA);381;Vedetes;Normal;Seccionado;Regional Rio;381
2355;1001;ITAPERUNA;RIO DE JANEIRO (RJ) - B.J.ITABAPOANA (RJ) (VIA NIT-M.COCO);RIO - CAMPOS E NORTE FLUM.;385,3;CONVENCIONAL;DETRO/RJ;RODOVIARIO          ;1;46;108-042-001;2;RIO DE JANEIRO (RJ) - B.J.ITABAPOANA (RJ) (VIA NIT-M.COCO);385,3;Vedetes;Normal;Seccionado;Regional Rio;385,3
2358;1001;ITAPERUNA;RIO DE JANEIRO (RJ) - RAPOSO (RJ) (VIA NITEROI-CAMPOS);RIO - CAMPOS E NORTE FLUM.;473,69;CONVENCIONAL;DETRO/RJ;RODOVIARIO          ;1;46;2358;2;RIO DE JANEIRO (RJ) - RAPOSO (RJ) (VIA NITEROI-CAMPOS);473,69;Vedetes;Normal;Seccionado;Regional Rio;473,7
2360;1001;ITAPERUNA;RIO DE JANEIRO (RJ) - PORCIUNCULA (RJ) (VIA NITEROI-CAMPOS);RIO - CAMPOS E NORTE FLUM.;461,69;CONVENCIONAL;DETRO/RJ;RODOVIARIO          ;1;46;108-034-000;2;RIO DE JANEIRO (RJ) - PORCIUNCULA (RJ) (VIA NITEROI-CAMPOS);461,69;Vedetes;Normal;Seccionado;Regional Rio;461,7
2361;1001;ITAPERUNA;RIO DE JANEIRO (RJ) - PORCIUNCULA (RJ) (VIA NITEROI-RAPOSO);RIO - CAMPOS E NORTE FLUM.;513,7;CONV. C/AR;DETRO/RJ;RODOVIARIO          ;1;46;2361;2;RIO DE JANEIRO (RJ) - PORCIUNCULA (RJ) (VIA NITEROI-RAPOSO);513,7;Vedetes;Normal;Seccionado;Regional Rio;513,7
2362;1001;ITAPERUNA;RIO DE JANEIRO (RJ) - MIRACEMA (RJ) (NIT-ALC-FRB-ITCA);RIO - FRIB/REG.SERRANA;368,19;CONVENCIONAL;DETRO/RJ;RODOVIARIO          ;1;46;108-008-001;2;RIO DE JANEIRO (RJ) - MIRACEMA (RJ) (NIT-ALC-FRB-ITCA);368,19;Demais Mercados;Normal;Seccionado;Regional Rio;368,2
2363;1001;FRIBURGO;RIO DE JANEIRO (RJ) - STA M.MADALENA (RJ) (VIA NIT-ALCAN);RIO - FRIB/REG.SERRANA;268,5;CONVENCIONAL;DETRO/RJ;RODOVIARIO          ;1;46;108-004-000;2;RIO DE JANEIRO (RJ) - STA M.MADALENA (RJ) (VIA NIT-ALCAN);268,5;Demais Mercados;Normal;Seccionado;Regional Rio;268,5
2364;1001;FRIBURGO;RIO DE JANEIRO (RJ) - SAO S. DO ALTO (RJ) (NIT-ALC-FRIB);RIO - FRIB/REG.SERRANA;248,8;CONVENCIONAL;DETRO/RJ;RODOVIARIO          ;1;46;2364;2;RIO DE JANEIRO (RJ) - SAO S. DO ALTO (RJ) (NIT-ALC-FRIB);248,8;Demais Mercados;Normal;Seccionado;Regional Rio;248,8
2365;1001;MACAE;RIO DAS OSTRAS (RJ) - RIO DE JANEIRO (RJ) (VIA LAGOS);RIO - MACAE QUISSAMA;179,19;CONVENCIONAL;DETRO/RJ;RODOVIARIO;1;46;108-053-001;2;RIO DAS OSTRAS (RJ) - RIO DE JANEIRO (RJ) (VIA LAGOS);179,19;Vedetes;Normal;Seccionado;Regional Rio;179,2
2368;1001;FRIBURGO;RIO DE JANEIRO (RJ) - S.FIDELIS (RJ) (VIA NITEROI-ALCANTARA);RIO - FRIB/REG.SERRANA;286,69;CONVENCIONAL;DETRO/RJ;RODOVIARIO          ;1;46;108-005-000;2;RIO DE JANEIRO (RJ) - S.FIDELIS (RJ) (VIA NITEROI-ALCANTARA);286,69;Demais Mercados;Normal;Seccionado;Regional Rio;286,7
2369;1001;FRIBURGO;RIO DE JANEIRO (RJ) - PUREZA (RJ) (VIA S.FIDELIS-NIT-ALC);RIO - FRIB/REG.SERRANA;264,69;CONVENCIONAL;DETRO/RJ;RODOVIARIO          ;1;46;108-005-001;2;RIO DE JANEIRO (RJ) - PUREZA (RJ) (VIA S.FIDELIS-NIT-ALC);264,69;Demais Mercados;Normal;Seccionado;Regional Rio;264,7
2370;1001;CABO FRIO;RIO DE JANEIRO (RJ) - SAQUAREMA (RJ) (VIA BACAXA);RIO/NIT - ARAR/SAQ;91;CONV. C/AR;DETRO/RJ;RODOVIARIO          ;1;46;108-029-007;2;RIO DE JANEIRO (RJ) - SAQUAREMA (RJ) (VIA BACAXA);91;Demais Mercados;Normal;Seccionado;Regional Rio;91
2371;1001;CABO FRIO;RIO DE JANEIRO (RJ) - SAQUAREMA (RJ) (VIA BACAXA);RIO/NIT - ARAR/SAQ;91;CONVENCIONAL;DETRO/RJ;RODOVIARIO          ;1;46;108-029-004;2;RIO DE JANEIRO (RJ) - SAQUAREMA (RJ) (VIA BACAXA);91;Demais Mercados;Normal;Seccionado;Regional Rio;91
2372;1001;CABO FRIO;RIO DE JANEIRO (RJ) - SAQUAREMA (RJ) (VIA ARARUAMA-JACONE);RIO/NIT - ARAR/SAQ;125,09;CONVENCIONAL;DETRO/RJ;RODOVIARIO          ;1;46;2372;2;RIO DE JANEIRO (RJ) - SAQUAREMA (RJ) (VIA ARARUAMA-JACONE);125,09;Demais Mercados;Normal;Seccionado;Regional Rio;125,1
2373;1001;CABO FRIO;RIO DE JANEIRO (RJ) - SAQUAREMA (RJ) (VIA ARARUAMA-JACONE);RIO/NIT - ARAR/SAQ;125,09;CONV. C/AR;DETRO/RJ;RODOVIARIO          ;1;46;2373;2;RIO DE JANEIRO (RJ) - SAQUAREMA (RJ) (VIA ARARUAMA-JACONE);125,09;Demais Mercados;Normal;Seccionado;Regional Rio;125,1
2374;1001;CABO FRIO;RIO DE JANEIRO (RJ) - SAQUAREMA (RJ) (VIA JACONE);RIO/NIT - ARAR/SAQ;91;CONVENCIONAL;DETRO/RJ;RODOVIARIO          ;1;46;108-029-014;2;RIO DE JANEIRO (RJ) - SAQUAREMA (RJ) (VIA JACONE);91;Demais Mercados;Normal;Seccionado;Regional Rio;91
2385;1001;CABO FRIO;RIO DE JANEIRO (RJ) - ARARUAMA (RJ) (VIA SERRA-BACAXA);RIO/NIT - ARAR/SAQ;101;CONVENCIONAL;DETRO/RJ;RODOVIARIO          ;1;46;2385;2;RIO DE JANEIRO (RJ) - ARARUAMA (RJ) (VIA SERRA-BACAXA);101;Demais Mercados;Normal;Seccionado;Regional Rio;101
2386;1001;CABO FRIO;RIO DE JANEIRO (RJ) - ARARUAMA (RJ) (LATINO MELO/BACAXA);RIO/NIT - ARAR/SAQ;127,8;CONV. C/AR;DETRO/RJ;RODOVIARIO          ;1;46;108-028-002;2;RIO DE JANEIRO (RJ) - ARARUAMA (RJ) (LATINO MELO/BACAXA);127,8;Demais Mercados;Normal;Seccionado;Regional Rio;127,8
2387;1001;CABO FRIO;RIO DE JANEIRO (RJ) - ARARUAMA (RJ) (LATINO MELO/BACAXA);RIO/NIT - ARAR/SAQ;110;CONVENCIONAL;DETRO/RJ;RODOVIARIO          ;1;46;108-028-001;2;RIO DE JANEIRO (RJ) - ARARUAMA (RJ) (LATINO MELO/BACAXA);110;Demais Mercados;Normal;Seccionado;Regional Rio;110
2390;1001;CABO FRIO;NOVA IGUACU (RJ) - CABO FRIO (RJ) (VIA D.CAXIAS);RIO - REG.LAGOS;189,09;CONV. C/AR;DETRO/RJ;RODOVIARIO          ;1;46;108-029-012;2;NOVA IGUACU (RJ) - CABO FRIO (RJ) (VIA D.CAXIAS);189,09;Vedetes;Normal;Seccionado;Regional Rio;189,1
2392;1001;CABO FRIO;NOVA IGUACU (RJ) - CABO FRIO (RJ) (VIA D.CAXIAS);RIO - REG.LAGOS;189,09;CONVENCIONAL;DETRO/RJ;RODOVIARIO          ;1;46;108-029-005;2;NOVA IGUACU (RJ) - CABO FRIO (RJ) (VIA D.CAXIAS);189,09;Vedetes;Normal;Seccionado;Regional Rio;189,1
2394;1001;ITAPERUNA;RIO DE JANEIRO (RJ) - ITAPERUNA (RJ) (NIT-FRIBURGO-MIRACEMA);RIO - FRIB/REG.SERRANA;397,69;CONVENCIONAL;DETRO/RJ;RODOVIARIO          ;1;46;108-003-000;2;RIO DE JANEIRO (RJ) - ITAPERUNA (RJ) (NIT-FRIBURGO-MIRACEMA);397,69;Demais Mercados;Normal;Seccionado;Regional Rio;397,7
2395;1001;CABO FRIO;RIO DE JANEIRO (RJ) - BUZIOS (RJ) (VIA LAGOS);RIO - REG.LAGOS;185,9;CONV. C/AR;DETRO/RJ;RODOVIARIO          ;1;46;2395;2;RIO DE JANEIRO (RJ) - BUZIOS (RJ) (VIA LAGOS);185,9;Vedetes;Normal;Seccionado;Regional Rio;185,9
2397;1001;CABO FRIO;RIO DE JANEIRO (RJ) - BUZIOS (RJ) (VIA NITEROI-LAGOS);RIO - REG.LAGOS;175;CONV. C/AR;DETRO/RJ;RODOVIARIO          ;1;46;108-029-009;2;RIO DE JANEIRO (RJ) - BUZIOS (RJ) (VIA NITEROI-LAGOS);175;Vedetes;Normal;Seccionado;Regional Rio;175
2398;1001;CABO FRIO;RIO DE JANEIRO (RJ) - BUZIOS (RJ) (VIA NITEROI-LAGOS);RIO - REG.LAGOS;175;CONVENCIONAL;DETRO/RJ;RODOVIARIO          ;1;46;108-029-001;2;RIO DE JANEIRO (RJ) - BUZIOS (RJ) (VIA NITEROI-LAGOS);175;Vedetes;Normal;Seccionado;Regional Rio;175
2400;1001;CAMPOS;RIO DE JANEIRO (RJ) - CAMPOS (RJ) (VIA NITEROI);RIO - CAMPOS E NORTE FLUM.;275,3;CONVENCIONAL;DETRO/RJ;RODOVIARIO          ;1;46;108-039-001;2;RIO DE JANEIRO (RJ) - CAMPOS (RJ) (VIA NITEROI);275,3;Vedetes;Normal;Seccionado;Regional Rio;275,3
2404;1001;CAMPOS;NITEROI - CAMPOS (RJ) (VIA MANILHA);RIO - CAMPOS E NORTE FLUM.;265,1;CONVENCIONAL;DETRO/RJ;RODOVIARIO          ;1;46;2404;2;NITEROI - CAMPOS (RJ) (VIA MANILHA);265,1;Vedetes;Normal;Direto;Regional Rio;265,1
2413;1001;CAMPOS;RIO DE JANEIRO (RJ) - CAMPOS (RJ) (VIA NITEROI-LITORAL);RIO - CAMPOS E NORTE FLUM.;308,89;CONVENCIONAL;DETRO/RJ;RODOVIARIO          ;1;46;2413;2;RIO DE JANEIRO (RJ) - CAMPOS (RJ) (VIA NITEROI-LITORAL);308,89;Vedetes;Normal;Seccionado;Regional Rio;308,9
2420;1001;MACAE;RIO DE JANEIRO (RJ) - MACAE (RJ) (VIA MAN-CASIMIRO);RIO - MACAE QUISSAMA;183,3;CONV. C/AR;DETRO/RJ;RODOVIARIO          ;1;46;108-040-004;2;RIO DE JANEIRO (RJ) - MACAE (RJ) (VIA MAN-CASIMIRO);183,3;Vedetes;Normal;Seccionado;Regional Rio;183,3
2421;1001;MACAE;RIO DE JANEIRO (RJ) - MACAE (RJ) (VIA MANILHA);RIO - MACAE QUISSAMA;183,3;CONVENCIONAL;DETRO/RJ;RODOVIARIO          ;1;46;2421;2;RIO DE JANEIRO (RJ) - MACAE (RJ) (VIA MANILHA);183,3;Vedetes;Normal;Seccionado;Regional Rio;183,3
2422;1001;MACAE;RIO DE JANEIRO (RJ) - MACAE (RJ) (VIA BR101);RIO - MACAE QUISSAMA;184;ESPECIAL;DETRO/RJ;RODOVIARIO          ;1;46;2422;2;RIO DE JANEIRO (RJ) - MACAE (RJ) (VIA BR101);184;Vedetes;Normal;Seccionado;Regional Rio;184
2424;1001;MACAE;RIO DE JANEIRO (RJ) - MACAE (RJ) (VIA ALAMEDA);RIO - MACAE QUISSAMA;185,69;CONVENCIONAL;DETRO/RJ;RODOVIARIO          ;1;46;2424;2;RIO DE JANEIRO (RJ) - MACAE (RJ) (VIA ALAMEDA);185,69;Vedetes;Normal;Seccionado;Regional Rio;185,7
2426;1001;CAMPOS;FAROL S.TOME (RJ) - RIO DE JANEIRO (RJ) (VIA MACAE-B.FURADO);RIO - CAMPOS E NORTE FLUM.;294,69;CONVENCIONAL;DETRO/RJ;RODOVIARIO          ;1;46;108-039-008;2;FAROL S.TOME (RJ) - RIO DE JANEIRO (RJ) (VIA MACAE-B.FURADO);294,69;Vedetes;Normal;Seccionado;Regional Rio;294,7
2427;1001;MACAE;RIO DE JANEIRO (RJ) - MACAE (RJ) (VIA NITEROI-MANILHA);RIO - MACAE QUISSAMA;183,3;CONV. C/AR;DETRO/RJ;RODOVIARIO          ;1;46;108-040-004;2;RIO DE JANEIRO (RJ) - MACAE (RJ) (VIA NITEROI-MANILHA);183,3;Vedetes;Normal;Seccionado;Regional Rio;183,3
2428;1001;MACAE;RIO DE JANEIRO (RJ) - MACAE (RJ) (VIA NITEROI-MANILHA);RIO - MACAE QUISSAMA;183,3;CONVENCIONAL;DETRO/RJ;RODOVIARIO          ;1;46;2428;2;RIO DE JANEIRO (RJ) - MACAE (RJ) (VIA NITEROI-MANILHA);183,3;Vedetes;Normal;Seccionado;Regional Rio;183,3
2430;1001;CAMPOS;CABO FRIO (RJ) - CAMPOS (RJ);NORTE FLUM. - CPS - MAC - C.FRIO;186;CONVENCIONAL;DETRO/RJ;RODOVIARIO          ;1;46;108-030-001;2;CABO FRIO (RJ) - CAMPOS (RJ);186;Demais Mercados;Normal;Seccionado;Regional Rio;186
2432;1001;CAMPOS;ARRAIAL DO CABO (RJ) - CAMPOS (RJ);NORTE FLUM. - CPS - MAC - C.FRIO;199;CONVENCIONAL;DETRO/RJ;RODOVIARIO          ;1;46;108-030-001;2;ARRAIAL DO CABO (RJ) - CAMPOS (RJ);199;Demais Mercados;Normal;Seccionado;Regional Rio;199
2434;1001;CAMPOS;BUZIOS (RJ) - CAMPOS (RJ);NORTE FLUM. - CPS - MAC - C.FRIO;170;CONVENCIONAL;DETRO/RJ;RODOVIARIO          ;1;46;2434;2;BUZIOS (RJ) - CAMPOS (RJ);170;Vedetes;Normal;Seccionado;Regional Rio;170
2437;1001;CAMPOS;MACAE (RJ) - CAMPOS (RJ);ATE 100 KM MACAE SELETIVO;99;CONVENCIONAL;DETRO/RJ;RODOVIARIO          ;1;46;108-038-001;2;MACAE (RJ) - CAMPOS (RJ);99;Demais Mercados;Normal;Seccionado;Regional Rio;99
2439;1001;CAMPOS;MACAE (RJ) - CAMPOS (RJ);ATE 100 KM MACAE SELETIVO;109;CONVENCIONAL;DETRO/RJ;RODOVIARIO          ;1;46;2439;2;MACAE (RJ) - CAMPOS (RJ);109;Demais Mercados;Normal;Seccionado;Regional Rio;109
2440;1001;CAMPOS;MACAE (RJ) - CAMPOS (RJ);ATE 100 KM MACAE SELETIVO;167;CONVENCIONAL;DETRO/RJ;RODOVIARIO          ;1;46;108-038-001;2;MACAE (RJ) - CAMPOS (RJ);167;Demais Mercados;Normal;Seccionado;Regional Rio;167
2444;1001;ITAPERUNA;MACAE (RJ) - ITAPERUNA (RJ);NORTE FLUM. - CPS - MAC - C.FRIO;200;CONVENCIONAL;DETRO/RJ;RODOVIARIO          ;1;46;108-037-002;2;MACAE (RJ) - ITAPERUNA (RJ);200;Demais Mercados;Normal;Seccionado;Regional Rio;200
2449;1001;CAMPOS;RIO DE JANEIRO (RJ) - S.J. BARRA (RJ) (VIA NITEROI-CAMPOS);RIO - CAMPOS E NORTE FLUM.;242,19;CONVENCIONAL;DETRO/RJ;RODOVIARIO          ;1;46;108-039-002;2;RIO DE JANEIRO (RJ) - S.J. BARRA (RJ) (VIA NITEROI-CAMPOS);242,19;Vedetes;Normal;Seccionado;Regional Rio;242,2
2451;1001;CAMPOS;RIO DE JANEIRO (RJ) - BARRA ITABAPOANA (RJ) (VIA NIT-CAMPOS);RIO - CAMPOS E NORTE FLUM.;310,19;CONVENCIONAL;DETRO/RJ;RODOVIARIO          ;1;46;108-039-004;2;RIO DE JANEIRO (RJ) - BARRA ITABAPOANA (RJ) (VIA NIT-CAMPOS);310,19;Vedetes;Normal;Seccionado;Regional Rio;310,2
2453;1001;CAMPOS;RIO DE JANEIRO (RJ) - FAROL S.TOME (RJ) (VIA NITEROI-CAMPOS);RIO - CAMPOS E NORTE FLUM.;280,19;CONVENCIONAL;DETRO/RJ;RODOVIARIO          ;1;46;108-039-008;2;RIO DE JANEIRO (RJ) - FAROL S.TOME (RJ) (VIA NITEROI-CAMPOS);280,19;Vedetes;Normal;Seccionado;Regional Rio;280,2
2455;1001;CAMPOS;RIO DE JANEIRO (RJ) - CAMPOS (RJ);RIO - CAMPOS E NORTE FLUM.;343,3;CONVENCIONAL;DETRO/RJ;RODOVIARIO          ;1;46;108-039-000;2;RIO DE JANEIRO (RJ) - CAMPOS (RJ);343,3;Vedetes;Normal;Seccionado;Regional Rio;343,3
2459;1001;ITAPERUNA;CABO FRIO (RJ) - ITAPERUNA (RJ);NORTE FLUM. - CPS - MAC - C.FRIO;293;CONVENCIONAL;DETRO/RJ;RODOVIARIO          ;1;46;2459;2;CABO FRIO (RJ) - ITAPERUNA (RJ);293;Demais Mercados;Normal;Seccionado;Regional Rio;293
2460;1001;ITAPERUNA;ARRAIAL DO CABO (RJ) - ITAPERUNA (RJ);NORTE FLUM. - CPS - MAC - C.FRIO;299;CONV. C/AR;DETRO/RJ;RODOVIARIO          ;1;46;2460;2;ARRAIAL DO CABO (RJ) - ITAPERUNA (RJ);299;Demais Mercados;Normal;Seccionado;Regional Rio;299
2461;1001;ITAPERUNA;ARRAIAL DO CABO (RJ) - ITAPERUNA (RJ);NORTE FLUM. - CPS - MAC - C.FRIO;301;CONVENCIONAL;DETRO/RJ;RODOVIARIO          ;1;46;108-037-001;2;ARRAIAL DO CABO (RJ) - ITAPERUNA (RJ);301;Demais Mercados;Normal;Seccionado;Regional Rio;301
2466;1001;CAMPOS;MACAE (RJ) - BARRA DE ITABAPOANA (RJ);NORTE FLUM. - CPS - MAC - C.FRIO;184;CONVENCIONAL;DETRO/RJ;RODOVIARIO          ;1;46;108-038-001;2;MACAE (RJ) - BARRA DE ITABAPOANA (RJ);184;Demais Mercados;Normal;Seccionado;Regional Rio;184
2476;1001;ITAPERUNA;MACAE (RJ) - BOM J.ITABAPOANA (RJ) (VIA S.EDUARDO);NORTE FLUM. - CPS - MAC - C.FRIO;207;CONVENCIONAL;DETRO/RJ;RODOVIARIO          ;1;46;108-043-001;2;MACAE (RJ) - BOM J.ITABAPOANA (RJ) (VIA S.EDUARDO);207;Demais Mercados;Normal;Seccionado;Regional Rio;207
2479;1001;ITAPERUNA;CABO FRIO (RJ) - B.J.ITABAPOANA (RJ) (VIA SANTO EDUARDO);NORTE FLUM. - CPS - MAC - C.FRIO;316;CONVENCIONAL;DETRO/RJ;RODOVIARIO          ;1;46;2479;2;CABO FRIO (RJ) - B.J.ITABAPOANA (RJ) (VIA SANTO EDUARDO);316;Demais Mercados;Normal;Seccionado;Regional Rio;316
2493;1001;MACAE;RIO DE JANEIRO (RJ) - RIO DAS OSTRAS (RJ) (VIA CASIMIRO);RIO - MACAE QUISSAMA;176;CONV. C/AR;DETRO/RJ;RODOVIARIO          ;1;46;2493;2;RIO DE JANEIRO (RJ) - RIO DAS OSTRAS (RJ) (VIA CASIMIRO);176;Vedetes;Normal;Direto;Regional Rio;176
2499;1001;CAMPOS;MACAE (RJ) - CAMPOS DOS GOYTACAZES (RJ);ATE 100 KM MACAE SELETIVO;100,4;CONV. C/AR;DETRO/RJ;RODOVIARIO          ;1;46;108-038-001;2;MACAE (RJ) - CAMPOS DOS GOYTACAZES (RJ);100,4;Demais Mercados;Normal;Direto;Regional Rio;100,4
2500;1001;SAO PAULO;NITEROI (RJ) - SAO PAULO (SP);SP - NIT/CPS/MAC/FRIB/CBF;445,6;CONVENCIONAL;ANTT;RODOVIARIO          ;1;46;07-0095-00;2;NITEROI (RJ) - SAO PAULO (SP);445,6;Demais Mercados;Normal;Direto;Regional Rio;445,6
2504;1001;SAO PAULO;NITEROI (RJ) - SAO PAULO (SP);SP - NIT/CPS/MAC/FRIB/CBF;445,6;EXECUTIVO;ANTT;RODOVIARIO          ;1;46;07-0095-61;2;NITEROI (RJ) - SAO PAULO (SP);445,6;Demais Mercados;Normal;Direto;Regional Rio;445,6
2505;1001;SAO PAULO;NITEROI (RJ) - SAO BERNARDO DO CAMPO (SP);SP - NIT/CPS/MAC/FRIB/CBF;470,89;CONVENCIONAL;ANTT;RODOVIARIO          ;1;46;07-0094-00;2;NITEROI (RJ) - SAO BERNARDO DO CAMPO (SP);470,89;Demais Mercados;Frequência Mínima;Seccionado;Regional Rio;470,9
2508;1001;SAO PAULO;RIO DE JANEIRO (RJ) - OSASCO (SP);SAO PAULO - RIO DE JANEIRO;447,89;CONVENCIONAL;ANTT;RODOVIARIO          ;1;46;07-0103-00;2;RIO DE JANEIRO (RJ) - OSASCO (SP);447,89;Vedetes;Frequência Mínima;Seccionado;Regional Rio;447,9
2510;1001;SAO PAULO;SAO PAULO (SP) - RIO DE JANEIRO (RJ);SAO PAULO - RIO DE JANEIRO;491,01;CONVENCIONAL;ANTT;RODOVIARIO          ;1;46;08-0081-00;2;SAO PAULO (SP) - RIO DE JANEIRO (RJ);491,01;Vedetes;Normal;Seccionado;Regional Rio;491,01
2524;1001;SAO PAULO;CABO FRIO (RJ) - SAO PAULO (SP);SP - NIT/CPS/MAC/FRIB/CBF;582;CONVENCIONAL;ANTT;RODOVIARIO          ;1;46;07-0093-00;2;CABO FRIO (RJ) - SAO PAULO (SP);582;Demais Mercados;Frequência Mínima;Seccionado;Regional Rio;582
2525;1001;SAO PAULO;NOVA FRIBURGO (RJ) - SAO PAULO (SP);SP - NIT/CPS/MAC/FRIB/CBF;558,61;CONVENCIONAL;ANTT;RODOVIARIO          ;1;46;07-0096-00;2;NOVA FRIBURGO (RJ) - SAO PAULO (SP);558,61;Demais Mercados;Frequência Mínima;Seccionado;Regional Rio;558,61
2533;1001;SAO PAULO;SAO PAULO (SP) - FLORIANOPOLIS (SC);SP - FLORIANOPOLIS;715;EXEC. DD;ANTT;RODOVIARIO          ;1;46;08-0079-61;2;SAO PAULO (SP) - FLORIANOPOLIS (SC);715;Demais Mercados;Normal;Seccionado;Regional Rio;715
2550;1001;SAO PAULO;SAO PAULO (SP) - RIO DE JANEIRO (RJ);SAO PAULO - RIO DE JANEIRO;433,8;CONVENCIONAL;ANTT;RODOVIARIO          ;1;46;08-0080-00;2;SAO PAULO (SP) - RIO DE JANEIRO (RJ);433,8;Vedetes;Frequência Mínima;Direto;Regional Rio;433,8
2557;1001;SAO PAULO;SAO PAULO (SP) - RIO DE JANEIRO (RJ);SAO PAULO - RIO DE JANEIRO;433,8;EXECUTIVO;ANTT;RODOVIARIO          ;1;46;08-0080-61;2;SAO PAULO (SP) - RIO DE JANEIRO (RJ);433,8;Vedetes;Normal;Direto;Regional Rio;433,8
2560;1001;SAO PAULO;DUQUE DE CAXIAS (RJ) - SAO PAULO (SP);SP - BAIXADA E CPO GRN;398,08;CONVENCIONAL;ANTT;RODOVIARIO          ;1;46;07-0105-00;2;DUQUE DE CAXIAS (RJ) - SAO PAULO (SP);398,08;Demais Mercados;Frequência Mínima;Seccionado;Regional Rio;398,09
2562;1001;SAO PAULO;RIO DE JANEIRO (RJ) - SAO PAULO (SP);SP - BAIXADA E CPO GRN;433,8;CONVENCIONAL;ANTT;RODOVIARIO          ;1;46;07-0101-00;2;RIO DE JANEIRO (RJ) - SAO PAULO (SP);433,8;Demais Mercados;Frequência Mínima;Direto;Regional Rio;433,8
2567;1001;SAO PAULO;SAO PAULO (SP) - RIO DE JANEIRO (RJ);SAO PAULO - RIO DE JANEIRO;433,8;SEMILTO. DD;ANTT;RODOVIARIO          ;1;46;08-0080-31;2;SAO PAULO (SP) - RIO DE JANEIRO (RJ);433,8;Vedetes;Normal;Direto;Regional Rio;433,8
2580;1001;CABO FRIO;NITEROI (RJ) - SAO PEDRO DA ALDEIA (RJ);RIO - REG.LAGOS;111;CONVENCIONAL;DETRO/RJ;RODOVIARIO          ;1;46;2580;2;NITEROI (RJ) - SAO PEDRO DA ALDEIA (RJ);111;Vedetes;Normal;Seccionado;Regional Rio;111
2581;1001;CABO FRIO;NITEROI (RJ) - BUZIOS (RJ) (VIA LAGOS);RIO - REG.LAGOS;165;CONV. C/AR;DETRO/RJ;RODOVIARIO          ;1;46;2581;2;NITEROI (RJ) - BUZIOS (RJ) (VIA LAGOS);165;Vedetes;Normal;Seccionado;Regional Rio;165
2587;1001;MARUI;NITEROI (RJ) - ARARUAMA (RJ) (VIA RJ-106);NITEROI - LAGOS URB;100;URBANO;DETRO/RJ;URBANO              ;1;46;108-0220-02;2;NITEROI (RJ) - ARARUAMA (RJ) (VIA RJ-106);100;Demais Mercados;Normal;Seccionado;Regional Rio;
2588;1001;MARUI;NITEROI (RJ) - SAO VIECENTE DE PAULA (RJ);NITEROI - LAGOS URB;119,5;URBANO;DETRO/RJ;URBANO              ;1;46;108-0310-01;2;NITEROI (RJ) - SAO VIECENTE DE PAULA (RJ);119,5;Demais Mercados;Normal;Seccionado;Regional Rio;
2601;1001;CABO FRIO;NITEROI (RJ) - CABO FRIO (RJ) (VIA SERRA);RIO - REG.LAGOS;134;CONVENCIONAL;DETRO/RJ;RODOVIARIO          ;1;46;2601;2;NITEROI (RJ) - CABO FRIO (RJ) (VIA SERRA);134;Vedetes;Normal;Seccionado;Regional Rio;134
2604;1001;CABO FRIO;NITEROI (RJ) - CABO FRIO (RJ) (VIA ALCANTARA);RIO - REG.LAGOS;143;CONVENCIONAL;DETRO/RJ;RODOVIARIO          ;1;46;108-018-000;2;NITEROI (RJ) - CABO FRIO (RJ) (VIA ALCANTARA);143;Vedetes;Normal;Seccionado;Regional Rio;143
2605;1001;CABO FRIO;NITEROI (RJ) - CABO FRIO (RJ) (VIA ALCANTARA);RIO - REG.LAGOS;148;CONV. C/AR;DETRO/RJ;RODOVIARIO          ;1;46;2605;2;NITEROI (RJ) - CABO FRIO (RJ) (VIA ALCANTARA);148;Vedetes;Normal;Seccionado;Regional Rio;148
2614;1001;MARUI;ITAIPU (RJ) - CASTELO (RJ);RIO-NITEROI SELETIVO;49,5;CONVENCIONAL;DETRO/RJ;SELETIVO            ;1;46;2614;2;ITAIPU (RJ) - CASTELO (RJ);49,5;Demais Mercados;Normal;Seccionado;Regional Rio;
2619;1001;CABO FRIO;NITEROI (RJ) - ARRAIAL DO CABO (RJ) (VIA ALCANTARA);RIO - REG.LAGOS;163,4;CONV. C/AR;DETRO/RJ;RODOVIARIO          ;1;46;108-019-001;2;NITEROI (RJ) - ARRAIAL DO CABO (RJ) (VIA ALCANTARA);163,4;Vedetes;Normal;Seccionado;Regional Rio;163,4
2624;1001;CABO FRIO;NITEROI (RJ) - CABO FRIO (RJ) (VIA MANILHA);RIO - REG.LAGOS;143;CONV. C/AR;DETRO/RJ;RODOVIARIO          ;1;46;2624;2;NITEROI (RJ) - CABO FRIO (RJ) (VIA MANILHA);143;Vedetes;Normal;Seccionado;Regional Rio;143
2630;1001;FRIBURGO;RIO DE JANEIRO (RJ) - N.FRIBURGO (RJ) (VIA MANILHA);RIO - FRIB/REG.SERRANA;141;CONV. C/AR;DETRO/RJ;RODOVIARIO          ;1;46;108-001-003;2;RIO DE JANEIRO (RJ) - N.FRIBURGO (RJ) (VIA MANILHA);141;Demais Mercados;Normal;Seccionado;Regional Rio;141
2631;1001;FRIBURGO;RIO DE JANEIRO (RJ) - N.FRIBURGO (RJ) (VIA MANILHA);RIO - FRIB/REG.SERRANA;132,09;CONVENCIONAL;DETRO/RJ;RODOVIARIO          ;1;46;108-001-003;2;RIO DE JANEIRO (RJ) - N.FRIBURGO (RJ) (VIA MANILHA);132,09;Demais Mercados;Normal;Seccionado;Regional Rio;132,1
2633;1001;FRIBURGO;RIO DE JANEIRO (RJ) - N.FRIBURGO (RJ) (VIA NITEROI-MANILHA);RIO - FRIB/REG.SERRANA;140;CONV. C/AR;DETRO/RJ;RODOVIARIO          ;1;46;108-001-001;2;RIO DE JANEIRO (RJ) - N.FRIBURGO (RJ) (VIA NITEROI-MANILHA);140;Demais Mercados;Normal;Seccionado;Regional Rio;140
2634;1001;FRIBURGO;RIO DE JANEIRO (RJ) - NOVA FRIBURGO (RJ) (VIA NIT-MANILHA);RIO - FRIB/REG.SERRANA;140;CONVENCIONAL;DETRO/RJ;RODOVIARIO          ;1;46;108-001-001;2;RIO DE JANEIRO (RJ) - NOVA FRIBURGO (RJ) (VIA NIT-MANILHA);140;Demais Mercados;Normal;Seccionado;Regional Rio;140
2635;1001;FRIBURGO;RIO DE JANEIRO (RJ) - NOVA FRIBURGO (RJ) (VIA MAGE);RIO - FRIB/REG.SERRANA;155,09;CONVENCIONAL;DETRO/RJ;RODOVIARIO          ;1;46;2635;2;RIO DE JANEIRO (RJ) - NOVA FRIBURGO (RJ) (VIA MAGE);155,09;Demais Mercados;Normal;Seccionado;Regional Rio;155,1
2636;1001;FRIBURGO;RIO DE JANEIRO (RJ) - FRIB/NIT/ALC/MANILHA (RJ);RIO - FRIB/REG.SERRANA;149;CONV. C/AR;DETRO/RJ;RODOVIARIO          ;1;46;2636;2;RIO DE JANEIRO (RJ) - FRIB/NIT/ALC/MANILHA (RJ);149;Demais Mercados;Normal;Seccionado;Regional Rio;149
2637;1001;MARUI;NOVA FRIBURGO (RJ) - RIO DAS OSTRAS (RJ) (C.MACACU);FRIBURGO - LITORAL;170;CONVENCIONAL;DETRO/RJ;SELETIVO            ;1;46;2637;2;NOVA FRIBURGO (RJ) - RIO DAS OSTRAS (RJ) (C.MACACU);170;Demais Mercados;Normal;Seccionado;Regional Rio;
2645;1001;FRIBURGO;NITEROI (RJ) - NOVA FRIBURGO (RJ) (VIA ALCANTARA);RIO - FRIB/REG.SERRANA;126,8;CONVENCIONAL;DETRO/RJ;RODOVIARIO          ;1;46;2645;2;NITEROI (RJ) - NOVA FRIBURGO (RJ) (VIA ALCANTARA);126,8;Demais Mercados;Normal;Seccionado;Regional Rio;126,8
2649;1001;FRIBURGO;NOVA IGUACU (RJ) - FRIBURGO (RJ) (VIA CAMPOS);RIO - FRIB/REG.SERRANA;154,59;CONVENCIONAL;DETRO/RJ;RODOVIARIO          ;1;46;2649;2;NOVA IGUACU (RJ) - FRIBURGO (RJ) (VIA CAMPOS);154,59;Demais Mercados;Normal;Seccionado;Regional Rio;154,6
2650;1001;MARUI;NOVA FRIBURGO (RJ) - MACUCO (RJ);REG SERRANA;96;CONVENCIONAL;DETRO/RJ;URBANO              ;1;46;2650;2;NOVA FRIBURGO (RJ) - MACUCO (RJ);96;Demais Mercados;Normal;Seccionado;Regional Rio;
2670;1001;MARUI;NOVA FRIBURGO (RJ) (ROD.NORTE) - CACHOEIRAS DE MACACU (RJ);REG SERRANA;60;URBANO;DETRO/RJ;URBANO              ;1;46;2670;2;NOVA FRIBURGO (RJ) (ROD.NORTE) - CACHOEIRAS DE MACACU (RJ);60;Demais Mercados;Normal;Seccionado;Regional Rio;
2671;1001;MARUI;CACHOEIRA DE MACACU (RJ) - MACUCO (RJ) (VIA MONERAT);REG SERRANA;144,4;CONVENCIONAL;DETRO/RJ;URBANO              ;1;46;2671;2;CACHOEIRA DE MACACU (RJ) - MACUCO (RJ) (VIA MONERAT);144,4;Demais Mercados;Normal;Seccionado;Regional Rio;
2673;1001;CAMPOS;CAMPOS (RJ) - NOVA FRIBURGO (RJ);RIO - CAMPOS E NORTE FLUM.;227,4;CONVENCIONAL;DETRO/RJ;RODOVIARIO          ;1;46;2673;2;CAMPOS (RJ) - NOVA FRIBURGO (RJ);227,4;Vedetes;Normal;Seccionado;Regional Rio;227,4
2675;1001;MARUI;NOVA FRIBURGO (RJ) - CABO FRIO (RJ) (VIA TRAJANO);FRIBURGO - LITORAL;278,7;CONVENCIONAL;DETRO/RJ;SELETIVO            ;1;46;2675;2;NOVA FRIBURGO (RJ) - CABO FRIO (RJ) (VIA TRAJANO);278,7;Demais Mercados;Normal;Seccionado;Regional Rio;
2678;1001;FRIBURGO;RIO DE JANEIRO (RJ) - MACUCO (RJ) (VIA NITEROI-ALCANTARA);RIO - FRIB/REG.SERRANA;234,5;CONVENCIONAL;DETRO/RJ;RODOVIARIO          ;1;46;2678;2;RIO DE JANEIRO (RJ) - MACUCO (RJ) (VIA NITEROI-ALCANTARA);234,5;Demais Mercados;Normal;Seccionado;Regional Rio;234,5
2680;1001;MARUI;RIO DAS OSTRAS (RJ) - CORDEIRO (RJ) (VIA TRAJANO);FRIBURGO - LITORAL;250;CONVENCIONAL;DETRO/RJ;SELETIVO            ;1;46;2680;2;RIO DAS OSTRAS (RJ) - CORDEIRO (RJ) (VIA TRAJANO);250;Demais Mercados;Normal;Seccionado;Regional Rio;
2687;1001;SAO PAULO;SAO PAULO (SP) - RIO DE JANEIRO (RJ) VIA D. CAXIAS;SP - BAIXADA E CPO GRN;424,99;CONVENCIONAL;ANTT;RODOVIARIO          ;1;46;08-0082-00;2;SAO PAULO (SP) - RIO DE JANEIRO (RJ) VIA D. CAXIAS;424,99;Demais Mercados;Frequência Mínima;Seccionado;Regional Rio;424,99
2688;1001;CAMPOS;CARATINGA (MG) - CAMPOS DOS GOYTACAZES (RJ);GOV.VALADARES - CAMPOS;334,89;CONVENCIONAL;ANTT;RODOVIARIO          ;1;46;06-0439-00;2;CARATINGA (MG) - CAMPOS DOS GOYTACAZES (RJ);334,89;Demais Mercados;Normal;Seccionado;Regional Rio;334,9
2691;1001;ITAPERUNA;PIRAPETINGA (MG) - NITEROI (RJ);RIO - PIRAPETINGA/ITAPERUNA;225,59;CONVENCIONAL;ANTT;RODOVIARIO          ;1;46;06-0330-00;2;PIRAPETINGA (MG) - NITEROI (RJ);225,59;Demais Mercados;Frequência Mínima;Seccionado;Regional Rio;225,6
2692;1001;ITAPERUNA;PIRAPETINGA (MG) - ITAPERUNA (RJ);RIO - PIRAPETINGA/ITAPERUNA;99,5;CONVENCIONAL;ANTT;RODOVIARIO          ;1;46;06-0331-00;2;PIRAPETINGA (MG) - ITAPERUNA (RJ);99,5;Demais Mercados;Frequência Mínima;Seccionado;Regional Rio;99,5
2695;1001;ITAPERUNA;PIRAPETINGA (MG) - RIO DE JANEIRO (RJ);RIO - PIRAPETINGA/ITAPERUNA;237,19;EXECUTIVO;ANTT;RODOVIARIO          ;1;46;06-0337-61;2;PIRAPETINGA (MG) - RIO DE JANEIRO (RJ);237,19;Demais Mercados;Normal;Seccionado;Regional Rio;237,2
2696;1001;ITAPERUNA;PIRAPETINGA (MG) - ITAPERUNA (RJ) - MIRACEMA;RIO - PIRAPETINGA/ITAPERUNA;99,5;EXECUTIVO;ANTT;RODOVIARIO          ;1;46;06-0331-61;2;PIRAPETINGA (MG) - ITAPERUNA (RJ) - MIRACEMA;99,5;Demais Mercados;Normal;Seccionado;Regional Rio;99,5
2697;1001;ITAPERUNA;PIRAPETINGA (MG) - RIO DE JANEIRO (RJ);RIO - PIRAPETINGA/ITAPERUNA;237,19;CONVENCIONAL;ANTT;RODOVIARIO          ;1;46;06-0337-00;2;PIRAPETINGA (MG) - RIO DE JANEIRO (RJ);237,19;Demais Mercados;Frequência Mínima;Seccionado;Regional Rio;237,2
2698;1001;ITAPERUNA;PIRAPETINGA (MG) - ITAPERUNA (RJ);RIO - PIRAPETINGA/ITAPERUNA;99,5;CONVENCIONAL;ANTT;RODOVIARIO          ;1;46;06-0331-00;2;PIRAPETINGA (MG) - ITAPERUNA (RJ);99,5;Demais Mercados;Normal;Seccionado;Regional Rio;99,5
2713;1001;CAMPOS;CARANGOLA (MG) - CAMPOS DOS GOYTACAZES (RJ);GOV.VALADARES - CAMPOS;184,9;EXECUTIVO;ANTT;RODOVIARIO          ;1;46;06-0336-60;2;CARANGOLA (MG) - CAMPOS DOS GOYTACAZES (RJ);184,9;Demais Mercados;Normal;Seccionado;Regional Rio;184,9
2715;1001;CAMPOS;CARATINGA (MG) - CAMPOS DOS GOYTACAZES (RJ);GOV.VALADARES - CAMPOS;334,89;EXECUTIVO;ANTT;RODOVIARIO          ;1;46;06-0339-60;2;CARATINGA (MG) - CAMPOS DOS GOYTACAZES (RJ);334,89;Demais Mercados;Normal;Seccionado;Regional Rio;334,9
2718;1001;CAMPOS;GOVERNADOR VALADARES (MG) - CAMPOS DOS GOYTACAZES (RJ);GOV.VALADARES - CAMPOS;438,69;CONVENCIONAL;ANTT;RODOVIARIO          ;1;46;06-0329-00;2;GOVERNADOR VALADARES (MG) - CAMPOS DOS GOYTACAZES (RJ);438,69;Demais Mercados;Frequência Mínima;Seccionado;Regional Rio;438,7
2722;1001;ITAPERUNA;RIO DE JANEIRO (RJ) - TOMBOS (MG);RIO - MURIAE/TOMBOS;353,19;CONVENCIONAL;ANTT;RODOVIARIO          ;1;46;07-0100-00;2;RIO DE JANEIRO (RJ) - TOMBOS (MG);353,19;Demais Mercados;Frequência Mínima;Seccionado;Regional Rio;353,2
2726;1001;ITAPERUNA;RIO DE JANEIRO (RJ) - PORCIUNCULA (RJ) (VIA NITEROI-CAMPOS);NORTE FLUM. - CPS - MAC - C.FRIO;151,4;CONVENCIONAL;DETRO/RJ;RODOVIARIO          ;1;46;2726;2;RIO DE JANEIRO (RJ) - PORCIUNCULA (RJ) (VIA NITEROI-CAMPOS);151,4;Demais Mercados;Normal;Seccionado;Regional Rio;151,4
2738;1001;CAMPOS;GOVERNADOR VALADARES (MG) - CAMPOS DOS GOYTACAZES (RJ);GOV.VALADARES - CAMPOS;438,69;EXECUTIVO;ANTT;RODOVIARIO          ;1;46;06-0329-61;2;GOVERNADOR VALADARES (MG) - CAMPOS DOS GOYTACAZES (RJ);438,69;Demais Mercados;Normal;Seccionado;Regional Rio;438,7
2741;1001;ITAPERUNA;RIO JANEIRO (RJ) - S.J.CALCADO/CAMPOS (ES);RIO - CAMPOS E NORTE FLUM.;396,5;CONVENCIONAL;ANTT;RODOVIARIO          ;1;46;07-0099-00;2;RIO JANEIRO (RJ) - S.J.CALCADO/CAMPOS (ES);396,5;Vedetes;Frequência Mínima;Seccionado;Regional Rio;396,5
2742;1001;ITAPERUNA;RIO DE JANEIRO (RJ) - SAO JOSE DO CALCADO (ES);RIO - PIRAPETINGA/ITAPERUNA;345;CONVENCIONAL;ANTT;RODOVIARIO          ;1;46;07-0097-00;2;RIO DE JANEIRO (RJ) - SAO JOSE DO CALCADO (ES);345;Demais Mercados;Frequência Mínima;Seccionado;Regional Rio;345
2743;1001;CAMPOS;RIO DE JANEIRO (RJ) - SAO JOSE DO CALCADO (ES) - V. MUR;RIO - CAMPOS E NORTE FLUM.;404,6;CONVENCIONAL;ANTT;RODOVIARIO          ;1;46;7009800;2;RIO DE JANEIRO (RJ) - SAO JOSE DO CALCADO (ES) - V. MUR;404,6;Demais Mercados;Frequência Mínima;Seccionado;Regional Rio;404,6
2751;1001;MARUI;CABO FRIO (RJ) - FRIBURGO (RJ);FRIBURGO - LITORAL;257,3;CONVENCIONAL;DETRO/RJ;SELETIVO            ;1;46;2751;2;CABO FRIO (RJ) - FRIBURGO (RJ);257,3;Demais Mercados;Normal;Seccionado;Regional Rio;
2754;1001;ITAPERUNA;RIO DE JANEIRO (RJ) - MORRO DO COCO (RJ) (VIA NITEROI);RIO - CAMPOS E NORTE FLUM.;362,3;CONVENCIONAL;DETRO/RJ;RODOVIARIO          ;1;46;2754;2;RIO DE JANEIRO (RJ) - MORRO DO COCO (RJ) (VIA NITEROI);362,3;Vedetes;Normal;Seccionado;Regional Rio;362,3
2757;1001;SAO PAULO;RIO DE JANEIRO (RJ) - SAO BERNARDO DO CAMPO (SP);SAO PAULO - RIO DE JANEIRO;467,02;CONVENCIONAL;ANTT;RODOVIARIO          ;1;46;07-0102-00;2;RIO DE JANEIRO (RJ) - SAO BERNARDO DO CAMPO (SP);467,02;Vedetes;Normal;Seccionado;Regional Rio;467,03
2758;1001;ITAPERUNA;PIRAPETINGA (MG) -  CAMPO GRANDE (RJ);RIO - PIRAPETINGA/ITAPERUNA;221,69;CONVENCIONAL;ANTT;RODOVIARIO          ;1;46;06-0352-00;2;PIRAPETINGA (MG) -  CAMPO GRANDE (RJ);221,69;Demais Mercados;Frequência Mínima;Seccionado;Regional Rio;221,7
2759;1001;ITAPERUNA;PIRAPETINGA (MG) - ITAPERUNA (RJ);RIO - PIRAPETINGA/ITAPERUNA;99,5;CONVENCIONAL;ANTT;RODOVIARIO          ;1;46;06-0331-00;2;PIRAPETINGA (MG) - ITAPERUNA (RJ);99,5;Demais Mercados;Normal;Seccionado;Regional Rio;99,5
2760;1001;SAO PAULO;CABO FRIO (RJ) - SAO PAULO (SP);SP - NIT/CPS/MAC/FRIB/CBF;582;EXECUTIVO;ANTT;RODOVIARIO          ;1;46;07-0093-61;2;CABO FRIO (RJ) - SAO PAULO (SP);582;Demais Mercados;Normal;Seccionado;Regional Rio;582
2768;1001;ITAPERUNA;PIRAPETINGA (MG) - ITAPERUNA (RJ);RIO - PIRAPETINGA/ITAPERUNA;99,5;CONVENCIONAL;ANTT;RODOVIARIO          ;1;46;06-0331-00;2;PIRAPETINGA (MG) - ITAPERUNA (RJ);99,5;Demais Mercados;Normal;Seccionado;Regional Rio;99,5
2771;1001;ITAPERUNA;PIRAPETINGA (MG) - RIO DE JANEIRO (RJ);RIO - PIRAPETINGA/ITAPERUNA;226,3;EXECUTIVO;ANTT;RODOVIARIO          ;1;46;06-0352-61;2;PIRAPETINGA (MG) - RIO DE JANEIRO (RJ);226,3;Demais Mercados;Normal;Direto;Regional Rio;226,3
2772;1001;ITAPERUNA;PIRAPETINGA (MG) - ITAPERUNA (RJ);RIO - PIRAPETINGA/ITAPERUNA;99,5;EXECUTIVO;ANTT;RODOVIARIO          ;1;46;06-0331-61;2;PIRAPETINGA (MG) - ITAPERUNA (RJ);99,5;Demais Mercados;Normal;Seccionado;Regional Rio;99,5
2777;1001;ITAPERUNA;PIRAPETINGA (MG) - RIO DE JANEIRO (RJ);RIO - PIRAPETINGA/ITAPERUNA;237,19;CONVENCIONAL;ANTT;RODOVIARIO          ;1;46;06-0337-00;2;PIRAPETINGA (MG) - RIO DE JANEIRO (RJ);237,19;Demais Mercados;Normal;Seccionado;Regional Rio;237,2
2778;1001;ITAPERUNA;PIRAPETINGA (MG) - ITAPERUNA (RJ);RIO - PIRAPETINGA/ITAPERUNA;97,7;CONVENCIONAL;ANTT;RODOVIARIO          ;1;46;06-0332-00;2;PIRAPETINGA (MG) - ITAPERUNA (RJ);97,7;Demais Mercados;Frequência Mínima;Seccionado;Regional Rio;97,7
2779;1001;ITAPERUNA;PIRAPETINGA (MG) - RIO DE JANEIRO (RJ);RIO - PIRAPETINGA/ITAPERUNA;237,19;EXECUTIVO;ANTT;RODOVIARIO          ;1;46;06-0337-61;2;PIRAPETINGA (MG) - RIO DE JANEIRO (RJ);237,19;Demais Mercados;Normal;Seccionado;Regional Rio;237,2
2780;1001;ITAPERUNA;PIRAPETINGA (MG) - ITAPERUNA (RJ);RIO - PIRAPETINGA/ITAPERUNA;97,7;EXECUTIVO;ANTT;RODOVIARIO          ;1;46;06-0332-31;2;PIRAPETINGA (MG) - ITAPERUNA (RJ);97,7;Demais Mercados;Normal;Seccionado;Regional Rio;97,7
2784;1001;ITAPERUNA;ALEM PARAIBA (MG) - SAO FIDELIS (RJ);RIO - PIRAPETINGA/ITAPERUNA;146,94;CONVENCIONAL;ANTT;RODOVIARIO          ;1;46;06-0351-00;2;ALEM PARAIBA (MG) - SAO FIDELIS (RJ);146,94;Demais Mercados;Frequência Mínima;Seccionado;Regional Rio;146,95
2786;1001;ITAPERUNA;SAO JOSE DO CALCADO (ES) - NITEROI (RJ);RIO - CAMPOS E NORTE FLUM.;236,19;EXECUTIVO;ANTT;RODOVIARIO          ;1;46;17-0103-60;2;SAO JOSE DO CALCADO (ES) - NITEROI (RJ);236,19;Vedetes;Normal;Seccionado;Regional Rio;236,2
2792;1001;ITAPERUNA;SAO JOSE DO CALCADO (ES) - RIO DE JANEIRO (RJ);RIO - MURIAE/TOMBOS;401,5;CONVENCIONAL;ANTT;RODOVIARIO          ;1;46;17-0106-00;2;SAO JOSE DO CALCADO (ES) - RIO DE JANEIRO (RJ);401,5;Demais Mercados;Frequência Mínima;Seccionado;Regional Rio;400,5
2793;1001;SAO PAULO;RIO DE JANEIRO (RJ) - OSASCO (SP);SAO PAULO - RIO DE JANEIRO;447,89;EXECUTIVO;ANTT;RODOVIARIO          ;1;46;07-0116-60;2;RIO DE JANEIRO (RJ) - OSASCO (SP);447,89;Vedetes;Normal;Seccionado;Regional Rio;447,9
2795;1001;SAO PAULO;DUQUE DE CAXIAS (RJ) - SAO PAULO (SP);SP - BAIXADA E CPO GRN;398,08;EXECUTIVO;ANTT;RODOVIARIO          ;1;46;07-0105-61;2;DUQUE DE CAXIAS (RJ) - SAO PAULO (SP);398,08;Demais Mercados;Normal;Seccionado;Regional Rio;398,09
2805;1001;CABO FRIO;NITEROI (RJ) - ARRAIAL DO CABO (RJ) (VIA P.SECA);RIO - REG.LAGOS;157,69;CONV. C/AR;DETRO/RJ;RODOVIARIO          ;1;46;2805;2;NITEROI (RJ) - ARRAIAL DO CABO (RJ) (VIA P.SECA);157,69;Vedetes;Normal;Seccionado;Regional Rio;157,7
2808;1001;MARUI;ITAIPU-CASTELO LIGTH;RIO-NITEROI SELETIVO;0;CONVENCIONAL;DETRO/RJ;SELETIVO            ;0;46;108044000;2;ITAIPU-CASTELO LIGTH;0;Demais Mercados;Normal;Seccionado;Regional Rio;
2813;1001;MARUI;NITEROI (RJ) - SAQUAREMA (RJ) (VIA JACONE);NITEROI - ARAR/SAQ PROM.;88;CONVENCIONAL;DETRO/RJ;URBANO              ;1;46;2813;2;NITEROI (RJ) - SAQUAREMA (RJ) (VIA JACONE);88;Demais Mercados;Normal;Seccionado;Regional Rio;
2814;1001;CABO FRIO;RIO DE JANEIRO (RJ) - SAQUAREMA (RJ) (VIA JACONE);RIO/NIT - ARAR/SAQ;91;CONV. C/AR;DETRO/RJ;RODOVIARIO          ;1;46;2814;2;RIO DE JANEIRO (RJ) - SAQUAREMA (RJ) (VIA JACONE);91;Demais Mercados;Normal;Seccionado;Regional Rio;91
2818;1001;CABO FRIO;BUZIOS (RJ) - AEROPORTO GALEAO (RJ);RIO - REG.LAGOS;147,3;CONV. C/AR;DETRO/RJ;RODOVIARIO          ;1;46;2818;2;BUZIOS (RJ) - AEROPORTO GALEAO (RJ);147,3;Vedetes;Normal;Seccionado;Regional Rio;147,3
2819;1001;CABO FRIO;ARRAIAL DO CABO (RJ) - AEROPORTO GALEAO (RJ);RIO - REG.LAGOS;194,09;CONV. C/AR;DETRO/RJ;RODOVIARIO          ;1;46;2819;2;ARRAIAL DO CABO (RJ) - AEROPORTO GALEAO (RJ);194,09;-;-;-;Regional Rio;194,1
2825;1001;FRIBURGO;RIO DE JANEIRO (RJ) - NOVA FRIBURGO (RJ) (VIA ALAMEDA);RIO - FRIB/REG.SERRANA;132,09;CONVENCIONAL;DETRO/RJ;RODOVIARIO          ;1;46;108-001-000;2;RIO DE JANEIRO (RJ) - NOVA FRIBURGO (RJ) (VIA ALAMEDA);132,09;Demais Mercados;Normal;Seccionado;Regional Rio;132,1
2826;1001;ITAPERUNA;LAJE DO MURIAE (RJ) - NITEROI (RJ);RIO - FRIB/REG.SERRANA;322;CONVENCIONAL;DETRO/RJ;RODOVIARIO          ;1;46;2826;2;LAJE DO MURIAE (RJ) - NITEROI (RJ);322;Demais Mercados;Normal;Seccionado;Regional Rio;322
2827;1001;ITAPERUNA;B.J. ITABAPOANA (RJ) - NITEROI (RJ) (VIA ARARUAMA);RIO - CAMPOS E NORTE FLUM.;405,6;CONVENCIONAL;DETRO/RJ;RODOVIARIO          ;1;46;2827;2;B.J. ITABAPOANA (RJ) - NITEROI (RJ) (VIA ARARUAMA);405,6;Vedetes;Normal;Seccionado;Regional Rio;405,6
2828;1001;ITAPERUNA;NITEROI (RJ) - ITAPERUNA (RJ) (VIA LITORAL);NORTE FLUM. - CPS - MAC - C.FRIO;400,39;CONVENCIONAL;DETRO/RJ;RODOVIARIO          ;1;46;2828;2;NITEROI (RJ) - ITAPERUNA (RJ) (VIA LITORAL);400,39;Demais Mercados;Normal;Seccionado;Regional Rio;400,4
2829;1001;CAMPOS;RIO DE JANEIRO (RJ) - CAMPOS (RJ) (VIA NITEROI-LITORAL);RIO - CAMPOS E NORTE FLUM.;306,19;CONV. C/AR;DETRO/RJ;RODOVIARIO          ;1;46;2829;2;RIO DE JANEIRO (RJ) - CAMPOS (RJ) (VIA NITEROI-LITORAL);306,19;Vedetes;Normal;Direto;Regional Rio;306,2
2833;1001;MACAE;CASIMIRO DE ABREU (RJ) - NITEROI (RJ);RIO - MACAE QUISSAMA;118,4;CONVENCIONAL;DETRO/RJ;RODOVIARIO          ;1;46;2833;2;CASIMIRO DE ABREU (RJ) - NITEROI (RJ);118,4;Vedetes;Normal;Seccionado;Regional Rio;118,4
2835;1001;MARUI;NITEROI (RJ) - SAO VICENTE DE PAULA (RJ) (VIA ARARUAMA);NITEROI - ARAR/SAQ PROM.;118,4;CONVENCIONAL;DETRO/RJ;SELETIVO            ;1;46;108-0310-00;2;NITEROI (RJ) - SAO VICENTE DE PAULA (RJ) (VIA ARARUAMA);118,4;Demais Mercados;Normal;Seccionado;Regional Rio;
2842;1001;ITAPERUNA;PIRAPETINGA (MG) -  CAMPO GRANDE (RJ);RIO - PIRAPETINGA/ITAPERUNA;221,69;EXECUTIVO;ANTT;RODOVIARIO          ;1;46;06-0352-61;2;PIRAPETINGA (MG) -  CAMPO GRANDE (RJ);221,69;Demais Mercados;Normal;Seccionado;Regional Rio;221,7
2843;1001;ITAPERUNA;PIRAPETINGA (MG) - ITAPERUNA (RJ);RIO - PIRAPETINGA/ITAPERUNA;99,5;EXECUTIVO;ANTT;RODOVIARIO          ;1;46;06-0331-61;2;PIRAPETINGA (MG) - ITAPERUNA (RJ);99,5;Demais Mercados;Normal;Seccionado;Regional Rio;99,5
2844;1001;SAO PAULO;CABO FRIO (RJ) - SAO PAULO (SP);SP - NIT/CPS/MAC/FRIB/CBF;594,5;EXECUTIVO;ANTT;RODOVIARIO          ;1;46;07-0093-61;2;CABO FRIO (RJ) - SAO PAULO (SP);594,5;Demais Mercados;Normal;Seccionado;Regional Rio;594,5
2845;1001;ITAPERUNA;RIO DE JANEIRO (RJ) - SAO JOSE DO CALCADO (ES);RIO - PIRAPETINGA/ITAPERUNA;345;EXECUTIVO;ANTT;RODOVIARIO          ;1;46;07-0097-61;2;RIO DE JANEIRO (RJ) - SAO JOSE DO CALCADO (ES);345;Demais Mercados;Normal;Seccionado;Regional Rio;345
2846;1001;ITAPERUNA;RIO DE JANEIRO (RJ) - SAO JOSE DO CALCADO (ES) VIA BR-101;RIO - CAMPOS E NORTE FLUM.;396,5;EXECUTIVO;ANTT;RODOVIARIO          ;1;46;07-0099-61;2;RIO DE JANEIRO (RJ) - SAO JOSE DO CALCADO (ES) VIA BR-101;396,5;Vedetes;Normal;Seccionado;Regional Rio;396,5
2847;1001;ITAPERUNA;SAO JOSE DO CALCADO (ES) - RIO DE JANEIRO (RJ);RIO - MURIAE/TOMBOS;400,5;EXECUTIVO;ANTT;RODOVIARIO          ;1;46;17-0106-61;2;SAO JOSE DO CALCADO (ES) - RIO DE JANEIRO (RJ);400,5;Demais Mercados;Normal;Seccionado;Regional Rio;400,5
2848;1001;SAO PAULO;NITEROI (RJ) - BUZIOS (RJ) (VIA LAGOS);SP - NIT/CPS/MAC/FRIB/CBF;160;CONV. C/AR;DETRO/RJ;RODOVIARIO          ;1;46;2848;2;NITEROI (RJ) - BUZIOS (RJ) (VIA LAGOS);160;Demais Mercados;Normal;Seccionado;Regional Rio;160
2849;1001;SAO PAULO;NITEROI (RJ) - ARRAIAL DO CABO (RJ) (VIA LAGOS);SP - NIT/CPS/MAC/FRIB/CBF;155,69;CONV. C/AR;DETRO/RJ;RODOVIARIO          ;1;46;2849;2;NITEROI (RJ) - ARRAIAL DO CABO (RJ) (VIA LAGOS);155,69;Demais Mercados;Normal;Seccionado;Regional Rio;155,7
2850;1001;CABO FRIO;RIO DE JANEIRO (RJ) - ARRAIAL DO CABO (RJ) (VIA LAGOS);RIO - REG.LAGOS;184,09;CONV. C/AR;DETRO/RJ;RODOVIARIO          ;1;46;2850;2;RIO DE JANEIRO (RJ) - ARRAIAL DO CABO (RJ) (VIA LAGOS);184,09;Vedetes;Normal;Seccionado;Regional Rio;184,1
2853;1001;CABO FRIO;NOVA IGUACU (RJ) - CABO FRIO (RJ);RIO - REG.LAGOS;191,69;CONVENCIONAL;DETRO/RJ;RODOVIARIO          ;1;46;2853;2;NOVA IGUACU (RJ) - CABO FRIO (RJ);191,69;Vedetes;Normal;Seccionado;Regional Rio;191,7
2854;1001;CABO FRIO;RIO DE JANEIRO (RJ) - ARRAIAL DO CABO (RJ) (VIA SERRA);RIO - REG.LAGOS;154;CONVENCIONAL;DETRO/RJ;RODOVIARIO          ;1;46;2854;2;RIO DE JANEIRO (RJ) - ARRAIAL DO CABO (RJ) (VIA SERRA);154;Vedetes;Normal;Seccionado;Regional Rio;154
2855;1001;CABO FRIO;CAMPO GRANDE (RJ) - CABO FRIO (RJ);RIO - REG.LAGOS;191,69;CONV. C/AR;DETRO/RJ;RODOVIARIO          ;1;46;108-029-011;2;CAMPO GRANDE (RJ) - CABO FRIO (RJ);191,69;Vedetes;Normal;Seccionado;Regional Rio;191,7
2860;1001;SAO PAULO;NITEROI (RJ) - SAO PAULO (SP);SP - NIT/CPS/MAC/FRIB/CBF;446,6;EXECUTIVO;ANTT;RODOVIARIO          ;1;46;07-0095-61;2;NITEROI (RJ) - SAO PAULO (SP);446,6;Demais Mercados;Normal;Seccionado;Regional Rio;446,6
2864;1001;CABO FRIO;RIO DE JANEIRO (RJ) - BUZIOS (RJ) (VIA LAGOS);RIO - REG.LAGOS;185,9;CONV. C/AR;DETRO/RJ;RODOVIARIO          ;1;46;2864;2;RIO DE JANEIRO (RJ) - BUZIOS (RJ) (VIA LAGOS);185,9;Vedetes;Normal;Seccionado;Regional Rio;185,9
2870;1001;FRIBURGO;NITEROI (RJ) - SAO FIDELIS (RJ) (VIA ALCANTARA);RIO - FRIB/REG.SERRANA;286,69;CONVENCIONAL;DETRO/RJ;RODOVIARIO          ;1;46;2870;2;NITEROI (RJ) - SAO FIDELIS (RJ) (VIA ALCANTARA);286,69;Demais Mercados;Normal;Seccionado;Regional Rio;286,7
2871;1001;FRIBURGO;NITEROI (RJ) - PUREZA (RJ) (VIA CAMBUCI);RIO - FRIB/REG.SERRANA;330,19;CONVENCIONAL;DETRO/RJ;RODOVIARIO          ;1;46;2871;2;NITEROI (RJ) - PUREZA (RJ) (VIA CAMBUCI);330,19;Demais Mercados;Normal;Seccionado;Regional Rio;330,2
2874;1001;MARUI;NITEROI (RJ) - SAQUAREMA (RJ) (VIA RJ - 106 ALVORADA);NITEROI - LAGOS URB;103;URBANO;DETRO/RJ;URBANO              ;1;46;2874;2;NITEROI (RJ) - SAQUAREMA (RJ) (VIA RJ - 106 ALVORADA);103;Demais Mercados;Normal;Seccionado;Regional Rio;
2875;1001;SAO PAULO;RIO DE JANEIRO (RJ) - SAO PAULO (SP);SP - BAIXADA E CPO GRN;433,8;CONVENCIONAL;ANTT;RODOVIARIO          ;1;46;07-0101-00;2;RIO DE JANEIRO (RJ) - SAO PAULO (SP);433,8;Demais Mercados;Normal;Seccionado;Regional Rio;433,8
2878;1001;SAO PAULO;SAO PAULO (SP) - FLORIANOPOLIS (SC);SP - FLORIANOPOLIS;715;CONV. DD;ANTT;RODOVIARIO          ;1;46;08-0079-00;2;SAO PAULO (SP) - FLORIANOPOLIS (SC);715;Demais Mercados;Frequência Mínima;Seccionado;Regional Rio;715
2880;1001;SAO PAULO;SAO PAULO (SP) -FLORIANOPOLIS (SC);SP - FLORIANOPOLIS;691,85;SEMILTO. DD;ANTT;RODOVIARIO          ;1;46;16-0070-30;2;SAO PAULO (SP) -FLORIANOPOLIS (SC);691,85;Demais Mercados;Normal;Seccionado;Regional Rio;691,85
2882;1001;SAO PAULO;CABO FRIO (RJ) - SAO PAULO (SP);SP - NIT/CPS/MAC/FRIB/CBF;582;SEMILTO. DD;ANTT;RODOVIARIO          ;1;46;07-0093-31;2;CABO FRIO (RJ) - SAO PAULO (SP);582;Demais Mercados;Normal;Seccionado;Regional Rio;582
2885;1001;ITAPERUNA;RIO DE JANEIRO (RJ) - TOMBOS (MG);RIO - MURIAE/TOMBOS;353,19;EXECUTIVO;ANTT;RODOVIARIO          ;1;46;07-0100-61;2;RIO DE JANEIRO (RJ) - TOMBOS (MG);353,19;Demais Mercados;Normal;Seccionado;Regional Rio;353,2
2886;1001;SAO PAULO;RIO DE JANEIRO (CAMPO GRANDE) (RJ) - SAO PAULO (SP);SP - BAIXADA E CPO GRN;433,8;EXECUTIVO;ANTT;RODOVIARIO          ;1;46;07-0101-61;2;RIO DE JANEIRO (CAMPO GRANDE) (RJ) - SAO PAULO (SP);433,8;Demais Mercados;Normal;Direto;Regional Rio;433,8
2887;1001;MACAE;AEROPORTO GALEAO (RJ) - MACAE (RJ);RIO - MACAE QUISSAMA;198,69;CONV. C/AR;DETRO/RJ;RODOVIARIO          ;1;46;108-053-007;2;AEROPORTO GALEAO (RJ) - MACAE (RJ);198,69;Vedetes;Normal;Seccionado;Regional Rio;198,7
2888;1001;SAO PAULO;RIO DE JANEIRO (RJ) - SAO PAULO (SP);SP - BAIXADA E CPO GRN;433,8;CONV. DD;ANTT;RODOVIARIO          ;1;46;07-0101-00;2;RIO DE JANEIRO (RJ) - SAO PAULO (SP);433,8;Demais Mercados;Normal;Direto;Regional Rio;433,8
2890;1001;SAO PAULO;RIO DE JANEIRO CPG (RJ) - SAO PAULO (SP);SP - BAIXADA E CPO GRN;433,8;SEMILTO. DD;ANTT;RODOVIARIO          ;1;46;07-0101-31;2;RIO DE JANEIRO CPG (RJ) - SAO PAULO (SP);433,8;Demais Mercados;Normal;Direto;Regional Rio;433,8
2892;1001;SAO PAULO;NOVA FRIBURGO (RJ) - SAO PAULO (SP);SP - NIT/CPS/MAC/FRIB/CBF;558,61;CONV. DD;ANTT;RODOVIARIO          ;1;46;07-0096-00;2;NOVA FRIBURGO (RJ) - SAO PAULO (SP);558,61;Demais Mercados;Normal;Seccionado;Regional Rio;558,61
2895;1001;SAO PAULO;NOVA FRIBURGO (RJ) - SAO PAULO (SP);SP - NIT/CPS/MAC/FRIB/CBF;558,61;SEMILTO. DD;ANTT;RODOVIARIO          ;1;46;07-0096-31;2;NOVA FRIBURGO (RJ) - SAO PAULO (SP);558,61;Demais Mercados;Normal;Seccionado;Regional Rio;558,61
2897;1001;SAO PAULO;CABO FRIO (RJ) - SAO PAULO (SP);SP - NIT/CPS/MAC/FRIB/CBF;582,2;CONV. DD;ANTT;RODOVIARIO          ;1;46;07-0093-00;2;CABO FRIO (RJ) - SAO PAULO (SP);582,2;Demais Mercados;Normal;Seccionado;Regional Rio;582,2
2899;1001;SAO PAULO;NITEROI (RJ) - SAO PAULO (SP);SP - NIT/CPS/MAC/FRIB/CBF;445,6;SEMILTO. DD;ANTT;RODOVIARIO          ;1;46;07-0095-31;2;NITEROI (RJ) - SAO PAULO (SP);445,6;Demais Mercados;Normal;Direto;Regional Rio;445,6
2900;1001;ITAPERUNA;RIO DAS OSTRAS (RJ) - BOM JESUS (RJ);NORTE FLUM. - CPS - MAC - C.FRIO;228;CONVENCIONAL;DETRO/RJ;RODOVIARIO          ;1;46;2900;2;RIO DAS OSTRAS (RJ) - BOM JESUS (RJ);228;Demais Mercados;Normal;Seccionado;Regional Rio;228
2901;1001;ITAPERUNA;RIO DAS OSTRAS (RJ) - ITAPERUNA (RJ);NORTE FLUM. - CPS - MAC - C.FRIO;228;CONVENCIONAL;DETRO/RJ;RODOVIARIO          ;1;46;2901;2;RIO DAS OSTRAS (RJ) - ITAPERUNA (RJ);228;Demais Mercados;Normal;Seccionado;Regional Rio;228
2904;1001;MACAE;RIO DE JANEIRO (RJ) - QUISSAMA (RJ) (VIA NITEROI-MACAE);RIO - MACAE QUISSAMA;223,3;CONVENCIONAL;DETRO/RJ;RODOVIARIO          ;1;46;108-040-001;2;RIO DE JANEIRO (RJ) - QUISSAMA (RJ) (VIA NITEROI-MACAE);223,3;Vedetes;Normal;Seccionado;Regional Rio;223,3
2907;1001;CAMPOS;NOVA IGUACU (RJ) - CAMPOS (RJ) (CAMPO GRANDE-MACAE);RIO - CAMPOS E NORTE FLUM.;341,69;CONVENCIONAL;DETRO/RJ;RODOVIARIO          ;1;46;2907;2;NOVA IGUACU (RJ) - CAMPOS (RJ) (CAMPO GRANDE-MACAE);341,69;Vedetes;Normal;Seccionado;Regional Rio;341,7
2908;1001;CAMPOS;RIO DAS OSTRAS (RJ) - CAMPOS (RJ);ATE 100 KM MACAE SELETIVO;132;CONVENCIONAL;DETRO/RJ;RODOVIARIO          ;1;46;108-030-001;2;RIO DAS OSTRAS (RJ) - CAMPOS (RJ);132;Demais Mercados;Normal;Seccionado;Regional Rio;132
2910;1001;ITAPERUNA;ARRAIAL DO CABO (RJ) - B.J.ITABAPOANA (RJ) (SANTO EDUARDO);NORTE FLUM. - CPS - MAC - C.FRIO;313;CONV. C/AR;DETRO/RJ;RODOVIARIO          ;1;46;2910;2;ARRAIAL DO CABO (RJ) - B.J.ITABAPOANA (RJ) (SANTO EDUARDO);313;Demais Mercados;Normal;Seccionado;Regional Rio;313
2911;1001;ITAPERUNA;ARRAIAL DO CABO (RJ) - B.J.ITABAPOANA (RJ) (SANTO EDUARDO);NORTE FLUM. - CPS - MAC - C.FRIO;300;CONVENCIONAL;DETRO/RJ;RODOVIARIO          ;1;46;108-043-000;2;ARRAIAL DO CABO (RJ) - B.J.ITABAPOANA (RJ) (SANTO EDUARDO);300;Demais Mercados;Normal;Seccionado;Regional Rio;300
2913;1001;MACAE;NOVA IGUACU (RJ) - CAMPOS (RJ) (VIA CPG-MAC);RIO - MACAE QUISSAMA;205;CONVENCIONAL;DETRO/RJ;RODOVIARIO          ;1;46;2913;2;NOVA IGUACU (RJ) - CAMPOS (RJ) (VIA CPG-MAC);205;Vedetes;Normal;Seccionado;Regional Rio;205
2920;1001;CAMPOS;RIO DAS OSTRAS (RJ) - CAMPOS (RJ);ATE 100 KM MACAE SELETIVO;187,09;CONVENCIONAL;DETRO/RJ;RODOVIARIO          ;1;46;2920;2;RIO DAS OSTRAS (RJ) - CAMPOS (RJ);187,09;Demais Mercados;Normal;Seccionado;Regional Rio;187,1
2924;1001;SAO PAULO;NITEROI (RJ) - SAO PAULO (SP);SP - NIT/CPS/MAC/FRIB/CBF;445,6;CONV. DD;ANTT;RODOVIARIO          ;1;46;07-0095-00;2;NITEROI (RJ) - SAO PAULO (SP);445,6;Demais Mercados;Normal;Direto;Regional Rio;445,6
2925;1001;FRIBURGO;CAMPO GRANDE (RJ) - NOVA FRIBURGO (RJ) (VIA BAIXADA);RIO - FRIB/REG.SERRANA;150,3;CONVENCIONAL;DETRO/RJ;RODOVIARIO          ;1;46;2925;2;CAMPO GRANDE (RJ) - NOVA FRIBURGO (RJ) (VIA BAIXADA);150,3;Demais Mercados;Normal;Seccionado;Regional Rio;150,3
2926;1001;FRIBURGO;CAMPO GRANDE (RJ)  - NOVA FRIBURGO (RJ) (VIA BAIXADA);RIO - FRIB/REG.SERRANA;150,3;CONV. C/AR;DETRO/RJ;RODOVIARIO          ;1;46;2926;2;CAMPO GRANDE (RJ)  - NOVA FRIBURGO (RJ) (VIA BAIXADA);150,3;Demais Mercados;Normal;Seccionado;Regional Rio;150,3
2927;1001;CAMPOS;RIO DE JANEIRO (RJ) - CAMPOS (RJ) (VIA NITEROI);RIO - CAMPOS E NORTE FLUM.;230,69;CONVENCIONAL;DETRO/RJ;RODOVIARIO          ;1;46;2927;2;RIO DE JANEIRO (RJ) - CAMPOS (RJ) (VIA NITEROI);230,69;Vedetes;Normal;Seccionado;Regional Rio;230,7
2930;1001;MACAE;CAMPO GRANDE (RJ) - MACAE (RJ) (VIA LAGOS);RIO - MACAE QUISSAMA;203,59;CONV. C/AR;DETRO/RJ;RODOVIARIO          ;1;46;108-039-003;2;CAMPO GRANDE (RJ) - MACAE (RJ) (VIA LAGOS);203,59;Vedetes;Normal;Seccionado;Regional Rio;203,6
2940;1001;CAMPOS;ATAFONA (RJ) - CAMPOS (RJ);SANJOANENSE CAMPOSTUR URB;51;URBANO;DETRO/RJ;URBANO              ;1;46;2940;2;ATAFONA (RJ) - CAMPOS (RJ);51;Demais Mercados;Normal;Seccionado;Regional Rio;
2941;1001;CAMPOS;CAMPOS (RJ) - SAO JOAO DA BARRA (RJ);SANJOANENSE CAMPOSTUR URB;45;URBANO;DETRO/RJ;URBANO              ;1;46;2941;2;CAMPOS (RJ) - SAO JOAO DA BARRA (RJ);45;Demais Mercados;Normal;Seccionado;Regional Rio;
2943;1001;CAMPOS;ATAFONA (RJ) - CAMPOS (RJ);SANJOANENSE;47;CONVENCIONAL;DETRO/RJ;URBANO              ;1;46;2943;2;ATAFONA (RJ) - CAMPOS (RJ);47;Demais Mercados;Normal;Seccionado;Regional Rio;
2946;1001;SAO PAULO;RIO DE JANEIRO (RJ) - OSASCO (SP);SAO PAULO - RIO DE JANEIRO;447,89;EXECUTIVO;ANTT;RODOVIARIO          ;1;46;07-0103-61;2;RIO DE JANEIRO (RJ) - OSASCO (SP);447,89;Vedetes;Normal;Seccionado;Regional Rio;447,9
2948;1001;MACAE;MACAE (RJ) - NITEROI  (RJ) (VIA LAGOS);RIO - MACAE QUISSAMA;184,9;CONVENCIONAL;DETRO/RJ;RODOVIARIO          ;1;46;2948;2;MACAE (RJ) - NITEROI  (RJ) (VIA LAGOS);184,9;Vedetes;Normal;Seccionado;Regional Rio;184,9
2949;1001;MACAE;MACAE (RJ) - NITEROI (RJ) (RIO DAS OSTRA-CASIMIRO DE ABREU);RIO - MACAE QUISSAMA;173,9;CONVENCIONAL;DETRO/RJ;RODOVIARIO          ;1;46;2949;2;MACAE (RJ) - NITEROI (RJ) (RIO DAS OSTRA-CASIMIRO DE ABREU);173,9;Vedetes;Normal;Seccionado;Regional Rio;173,9
2950;1001;MACAE;CASIMIRO DE ABREU (RJ)  - RIO DE JANEIRO (RJ)  (VIA NITEROI);RIO - MACAE QUISSAMA;130,69;CONVENCIONAL;DETRO/RJ;RODOVIARIO          ;1;46;2950;2;CASIMIRO DE ABREU (RJ)  - RIO DE JANEIRO (RJ)  (VIA NITEROI);130,69;Vedetes;Normal;Seccionado;Regional Rio;130,7
2951;1001;SAO PAULO;NITEROI (RJ) - MACAE (RJ) (CNX SP);SP - NIT/CPS/MAC/FRIB/CBF;180,59;EXEC. DD;DETRO/RJ;RODOVIARIO          ;1;46;2951;2;NITEROI (RJ) - MACAE (RJ) (CNX SP);180,59;Demais Mercados;Normal;Seccionado;Regional Rio;180,6
2953;1001;SAO PAULO;NITEROI (RJ) - SAO PAULO (SP);SP - NIT/CPS/MAC/FRIB/CBF;445,6;EXEC. DD;ANTT;RODOVIARIO          ;1;46;07-0095-61;2;NITEROI (RJ) - SAO PAULO (SP);445,6;Demais Mercados;Normal;Seccionado;Regional Rio;445,6
2955;1001;SAO PAULO;NITEROI (RJ) - CAMPOS (RJ);SP - NIT/CPS/MAC/FRIB/CBF;265,1;EXEC. DD;DETRO/RJ;RODOVIARIO          ;1;46;108-035-001;2;NITEROI (RJ) - CAMPOS (RJ);265,1;Demais Mercados;Normal;Seccionado;Regional Rio;265,1
2957;1001;SAO PAULO;NITEROI (RJ) - SAO PAULO (SP);SP - NIT/CPS/MAC/FRIB/CBF;445,6;EXEC. DD;ANTT;RODOVIARIO          ;1;46;07-0095-61;2;NITEROI (RJ) - SAO PAULO (SP);445,6;Demais Mercados;Normal;Seccionado;Regional Rio;445,6
2959;1001;SAO PAULO;DUQUE DE CAXIAS (RJ) - SAO PAULO (SP);SP - BAIXADA E CPO GRN;398,08;CONV. DD;ANTT;RODOVIARIO          ;1;46;07-0105-00;2;DUQUE DE CAXIAS (RJ) - SAO PAULO (SP);398,08;Demais Mercados;Normal;Seccionado;Regional Rio;398,09
2961;1001;CABO FRIO;RIO DE JANEIRO (RJ) - S.PEDRO ALDEIA (RJ) (MANILHA-ARARUAMA);RIO - REG.LAGOS;137,69;CONVENCIONAL;DETRO/RJ;RODOVIARIO          ;1;46;2961;2;RIO DE JANEIRO (RJ) - S.PEDRO ALDEIA (RJ) (MANILHA-ARARUAMA);137,69;Vedetes;Normal;Seccionado;Regional Rio;137,7
2962;1001;SAO PAULO;RIO DE JANEIRO (RJ) - OSASCO (SP);SAO PAULO - RIO DE JANEIRO;447,89;CONV. DD;ANTT;RODOVIARIO          ;1;46;07-0103-00;2;RIO DE JANEIRO (RJ) - OSASCO (SP);447,89;Vedetes;Normal;Seccionado;Regional Rio;447,9
2970;1001;SAO PAULO;ITABORAI ( RJ) - SAO PAULO (SP);SP - NIT/CPS/MAC/FRIB/CBF;445,6;CONV. DD;ANTT;RODOVIARIO          ;1;46;07-0095-00;2;ITABORAI ( RJ) - SAO PAULO (SP);445,6;Demais Mercados;Normal;Seccionado;Regional Rio;445,6
2972;WEMOBI;WEMOBI;CABO FRIO (RJ) - SAO PAULO (SP);WEMOBI;582;COMFORT EXECUTIVO;ANTT;RODOVIARIO          ;1;46;07-0093-61;2;CABO FRIO (RJ) - SAO PAULO (SP);582;Demais Mercados;Normal;Seccionado;WEMOBI;582
2973;1001;SAO PAULO;ITABORAI ( RJ) - SAO PAULO (SP);SP - NIT/CPS/MAC/FRIB/CBF;445,6;CONVENCIONAL;ANTT;RODOVIARIO;1;46;07-0095-00;2;ITABORAI ( RJ) - SAO PAULO (SP);445,6;Demais Mercados;Normal;Seccionado;Regional Rio;445,6
2974;1001;ITAPERUNA;MURIAE(MG) - ITAPERUNA(RJ);RIO - MURIAE/TOMBOS;69,7;CONVENCIONAL;ANTT;RODOVIARIO          ;1;46;06-0497-00;2;MURIAE(MG) - ITAPERUNA(RJ);69,7;Demais Mercados;Frequência Mínima;Direto;Regional Rio;69,7
2975;WEMOBI;WEMOBI;CABO FRIO (RJ) - SAO PAULO (SP);WEMOBI;582;PREMIUM;ANTT;RODOVIARIO;1;46;07-0093-41;2;CABO FRIO (RJ) - SAO PAULO (SP);582;Demais Mercados;Normal;Direto;WEMOBI;582
2977;WEMOBI;WEMOBI;RIO DE JANEIRO (RJ) - MACAE (RJ);WEMOBI;183,3;COMFORT EXECUTIVO;DETRO/RJ;RODOVIARIO          ;1;46;2977;2;RIO DE JANEIRO (RJ) - MACAE (RJ);183,3;Demais Mercados;Normal;Direto;WEMOBI;183,3
2978;WEMOBI;WEMOBI;RIO DE JANEIRO ( RJ) - CAMPOS DOS GOYTACAZES (RJ);WEMOBI;277,3;COMFORT EXECUTIVO;DETRO/RJ;RODOVIARIO          ;1;46;2978;2;RIO DE JANEIRO ( RJ) - CAMPOS DOS GOYTACAZES (RJ);277,3;Demais Mercados;Normal;wemobi;WEMOBI;277,3
2979;1001;CABO FRIO;MARICA (RJ)  - CABO FRIO (RJ);RIO - REG.LAGOS;106,4;CONV. C/AR;DETRO/RJ;RODOVIARIO          ;1;46;2979;2;MARICA (RJ)  - CABO FRIO (RJ);106,4;Vedetes;Normal;Seccionado;Regional Rio;106,4
2989;1001;CABO FRIO;CAMPO GRANDE (RJ) - CABO FRIO (RJ) (VIA DUQUE DE CAXIAS);RIO - REG.LAGOS;212,59;CONV. C/AR;DETRO/RJ;RODOVIARIO          ;1;46;2989;2;CAMPO GRANDE (RJ) - CABO FRIO (RJ) (VIA DUQUE DE CAXIAS);212,59;Vedetes;Normal;Seccionado;Regional Rio;212,6
2990;1001;MACAE;UNAMAR (RJ) - RIO DE JANEIRO (RJ) (VIA LAGOS);RIO - MACAE QUISSAMA;185,09;S/WC - CONV.C/AR;DETRO/RJ;RODOVIARIO          ;1;46;2990;2;UNAMAR (RJ) - RIO DE JANEIRO (RJ) (VIA LAGOS);185,09;Vedetes;Normal;Seccionado;Regional Rio;185,1
2991;1001;CABO FRIO;RIO DE JANEIRO (RJ) - S.PEDRO ALDEIA (RJ) (MANILHA-ARARUAMA);RIO - REG.LAGOS;145,3;S/WC - CONV.C/AR;DETRO/RJ;RODOVIARIO          ;1;46;2991;2;RIO DE JANEIRO (RJ) - S.PEDRO ALDEIA (RJ) (MANILHA-ARARUAMA);145,3;Vedetes;Normal;Seccionado;Regional Rio;145,3
2992;1001;CABO FRIO;RIO DE JANEIRO (RJ) - ARARUAMA (RJ) (LATINO MELO/BACAXA);RIO/NIT - ARAR/SAQ;127,8;S/WC - CONV.C/AR;DETRO/RJ;RODOVIARIO;1;46;2992;2;RIO DE JANEIRO (RJ) - ARARUAMA (RJ) (LATINO MELO/BACAXA);127,8;Demais Mercados;Normal;Seccionado;Regional Rio;127,8
2993;1001;CABO FRIO;RIO DE JANEIRO (RJ) - SAQUAREMA (RJ) (VIA JACONE);RIO/NIT - ARAR/SAQ;91;S/WC - CONV.C/AR;DETRO/RJ;RODOVIARIO;1;46;2993;2;RIO DE JANEIRO (RJ) - SAQUAREMA (RJ) (VIA JACONE);91;Demais Mercados;Normal;Direto;Regional Rio;91
2994;WEMOBI;WEMOBI;RIO DE JANEIRO (RJ) - MACAE (RJ);WEMOBI;183,3;COMFORT EXECUTIVO;DETRO/RJ;RODOVIARIO          ;0;46;2994;2;RIO DE JANEIRO (RJ) - MACAE (RJ);183,3;Demais Mercados;Normal;Seccionado;WEMOBI;183,3
2995;WEMOBI;WEMOBI;RIO DE JANEIRO ( RJ) - CAMPOS DOS GOYTACAZES (RJ);WEMOBI;277,3;COMFORT EXECUTIVO;DETRO/RJ;RODOVIARIO          ;0;46;2995;2;RIO DE JANEIRO ( RJ) - CAMPOS DOS GOYTACAZES (RJ);277,3;Demais Mercados;Normal;Seccionado;WEMOBI;277,3
2997;1001;SAO PAULO;RIO DE JANEIRO (RJ) - OSASCO (SP);SAO PAULO - RIO DE JANEIRO;447,89;SEMILTO. DD;ANTT;RODOVIARIO;1;46;07-0116-31;2;RIO DE JANEIRO (RJ) - OSASCO (SP);447,89;Vedetes;Normal;Seccionado;Regional Rio;447,9
2999;WEMOBI;WEMOBI;RIO DE JANEIRO (RJ) - SAO BERNARDO DO CAMPO (SP);WEMOBI;295,65;COMFORT POP EXECUTIVO;ANTT;RODOVIARIO;1;46;07-0094-61;2;RIO DE JANEIRO (RJ) - SAO BERNARDO DO CAMPO (SP);295,65;Demais Mercados;Normal;Seccionado;WEMOBI;495,65
3001;CATARINENSE;JOINVILLE;JOINVILLE(SC) - SAO PAULO (SP);SP - LITORAL SC;559,1;SEMILTO. DD;ANTT;RODOVIARIO;1;46;16-0202-30;3;JOINVILLE(SC) - SAO PAULO (SP);559,1;Vedetes;Normal;Direto;Regional Sul;559,1
3005;CATARINENSE;FLORIANOPOLIS;FLORIANOPOLIS (SC) - SAO PAULO (SP);SP - LITORAL SC;691,25;EXECUTIVO;ANTT;RODOVIARIO          ;1;46;16-0093-61;3;FLORIANOPOLIS (SC) - SAO PAULO (SP);691,25;Vedetes;Normal;Seccionado;Regional Sul;691,25
3008;CATARINENSE;FLORIANOPOLIS;FLORIANOPOLIS (SC) - CAMPINAS (SP);SP - LITORAL SC;803,85;EXECUTIVO;ANTT;RODOVIARIO;1;46;16-0084-61;3;FLORIANOPOLIS (SC) - CAMPINAS (SP);803,85;Vedetes;Normal;Seccionado;Regional Sul;762,85
3009;CATARINENSE;CURITIBA;CURITIBA (PR) - FLORIANOPOLIS (SC);CURITIBA - LITORAL SC;302,7;EXECUTIVO;ANTT;RODOVIARIO;1;46;09-0002-61;3;CURITIBA (PR) - FLORIANOPOLIS (SC);302,7;Vedetes;Normal;Seccionado;Regional Sul;302,71
3010;CATARINENSE;MARINGA;MARINGA (PR) - SAO PAULO (SP);SAO PAULO - MARINGA;627;EXECUTIVO;ANTT;RODOVIARIO;1;46;09-0328-61;3;MARINGA (PR) - SAO PAULO (SP);627;Demais Mercados;Normal;Seccionado;Regional Sul;627
3011;CATARINENSE;CURITIBA;CURITIBA (PR) - PORTO ALEGRE (RS);CURITIBA - PORTO ALEGRE;749,54;EXECUTIVO;ANTT;RODOVIARIO;1;46;09-0043-61;3;CURITIBA (PR) - PORTO ALEGRE (RS);749,54;Demais Mercados;Normal;Seccionado;Regional Sul;749,55
3012;WEMOBI;WEMOBI;MARINGA (PR) - SAO PAULO (SP);WEMOBI;677,1;COMFORT PLUS SEMI LEITO;ANTT;RODOVIARIO;1;46;09-0328-30;3;MARINGA (PR) - SAO PAULO (SP);677,1;Demais Mercados;Normal;Seccionado;WEMOBI;627,01
3013;CATARINENSE;CURITIBA;CURITIBA (PR) - FLORIANOPOLIS (SC);CURITIBA - LITORAL SC;287,14;CONVENCIONAL;ANTT;RODOVIARIO;1;46;09-0533-00;3;CURITIBA (PR) - FLORIANOPOLIS (SC);287,14;Vedetes;Frequência Mínima;Seccionado;Regional Sul;287,15
3016;CATARINENSE;CURITIBA;CURITIBA (PR) - FLORIANOPOLIS (SC);CURITIBA - LITORAL SC;287,14;SEMILTO. DD;ANTT;RODOVIARIO;1;46;090533-31;3;CURITIBA (PR) - FLORIANOPOLIS (SC);287,14;Vedetes;Normal;Seccionado;Regional Sul;287,15
3020;WEMOBI;WEMOBI;SAO PAULO (SP) - RIO DE JANEIRO (RJ);WEMOBI;452;PREMIUM;ANTT;RODOVIARIO;1;46;07-0177-41;3;SAO PAULO (SP) - RIO DE JANEIRO (RJ);452;Demais Mercados;Normal;Direto;WEMOBI;413,4
3021;WEMOBI;WEMOBI;RIO DE JANEIRO (RJ) - SAO PAULO (SP);WEMOBI;472;PREMIUM;ANTT;RODOVIARIO;1;46;07-0177-41;3;RIO DE JANEIRO (RJ) - SAO PAULO (SP);472;Demais Mercados;Normal;Seccionado;WEMOBI;472
3022;WEMOBI;WEMOBI;RIO DE JANEIRO (RJ) - SAO PAULO (SP);WEMOBI;473;COMFORT POP EXECUTIVO;ANTT;RODOVIARIO          ;1;46;07-0177-61;3;RIO DE JANEIRO (RJ) - SAO PAULO (SP);473;Demais Mercados;Normal;Seccionado;WEMOBI;473
3025;CATARINENSE;FLORIANOPOLIS;FLORIANOPOLIS (SC) - CAMPINAS (SP);SP - LITORAL SC;803,86;SEMILTO. DD;ANTT;RODOVIARIO          ;1;46;16-0084-31;3;FLORIANOPOLIS (SC) - CAMPINAS (SP);803,86;Vedetes;Normal;Seccionado;Regional Sul;803,85
3031;WEMOBI;WEMOBI;RIO DE JANEIRO (RJ) - SAO PAULO (SP);WEMOBI;452;COMFORT POP EXECUTIVO;ANTT;RODOVIARIO;1;46;070177-61;3;RIO DE JANEIRO (RJ) - SAO PAULO (SP);452;Demais Mercados;Normal;Seccionado;WEMOBI;452
3032;WEMOBI;WEMOBI;FLORIANOPOLIS (SC) - SAO PAULO (SP);WEMOBI;700;PREMIUM;ANTT;RODOVIARIO          ;1;46;1111;3;FLORIANOPOLIS (SC) - SAO PAULO (SP);700;Demais Mercados;Normal;Seccionado;WEMOBI;700
3033;CATARINENSE;BLUMENAU;BRUSQUE (SC) - SAO PAULO (SP);SP - INTERIOR SC ;638,91;SEMILTO. DD;ANTT;RODOVIARIO          ;1;46;16-0002-31;3;BRUSQUE (SC) - SAO PAULO (SP);638,91;Demais Mercados;Normal;Seccionado;Regional Sul;638,92
3043;CATARINENSE;FOZ DO IGUACU;FLORIANOPOLIS (SC) - FOZ DO IGUACU (PR);SC - FOZ;970,39;CONV. DD;ANTT;RODOVIARIO          ;1;46;16-0021-00;3;FLORIANOPOLIS (SC) - FOZ DO IGUACU (PR);970,39;Demais Mercados;Normal;Seccionado;Regional Sul;970,4
3048;CATARINENSE;FOZ DO IGUACU;FLORIANOPOLIS (SC) - FOZ DO IGUACU (PR);SC - FOZ;970,39;SEMILTO. DD;ANTT;RODOVIARIO          ;1;46;16-0021-31;3;FLORIANOPOLIS (SC) - FOZ DO IGUACU (PR);970,39;Demais Mercados;Normal;Seccionado;Regional Sul;970,4
3050;CATARINENSE;ITAJAI;BALNEARIO CAMBORIU (SC) - AEROPORTO DE FLORIANOPOLIS (SC);FLORIANOPOLIS - JOINVILLE;97,71;CONVENCIONAL;DETER/SC;RODOVIARIO;1;46;3050;3;BALNEARIO CAMBORIU (SC) - AEROPORTO DE FLORIANOPOLIS (SC);97,71;Vedetes;Normal;Direto;Regional Sul;97,72
3060;CATARINENSE;BLUMENAU;BLUMENAU (SC) - BALNEARIO CAMBORIU (SC);FLORIANOPOLIS - BLUMENAU;67,71;CONV. DD;DETER/SC;RODOVIARIO          ;1;46;251-0;3;BLUMENAU (SC) - BALNEARIO CAMBORIU (SC);67,71;Vedetes;Normal;Seccionado;Regional Sul;67,79
3061;CATARINENSE;BLUMENAU;BLUMENAU (SC) - BALNEARIO CAMBORIU (SC);FLORIANOPOLIS - BLUMENAU;67,71;CONV. DD;DETER/SC;RODOVIARIO          ;1;46;251-0;3;BLUMENAU (SC) - BALNEARIO CAMBORIU (SC);67,71;Vedetes;Normal;Seccionado;Regional Sul;67,79
3062;CATARINENSE;FLORIANOPOLIS;FLORIANOPOLIS (SC) - SAO PAULO (SP);SP - LITORAL SC;691,25;CONV. DD;ANTT;RODOVIARIO          ;1;46;16-0095-00;3;FLORIANOPOLIS (SC) - SAO PAULO (SP);691,25;Vedetes;Normal;Seccionado;Regional Sul;691,25
3070;CATARINENSE;FLORIANOPOLIS;FLORIANOPOLIS (SC) - SAO PAULO (SP);SP - LITORAL SC;691,25;SEMILTO. DD;ANTT;RODOVIARIO          ;1;46;16-0093-30;3;FLORIANOPOLIS (SC) - SAO PAULO (SP);691,25;Vedetes;Normal;Seccionado;Regional Sul;691,25
3078;CATARINENSE;FOZ DO IGUACU;FOZ DO IGUACU (PR) - SAO PAULO (SP) (VIA PONTA GROSSA);FOZ - SAO PAULO ;670;SEMILTO. DD;ANTT;RODOVIARIO          ;1;46;09-0424-31;3;FOZ DO IGUACU (PR) - SAO PAULO (SP) (VIA PONTA GROSSA);670;Demais Mercados;Normal;Seccionado;Regional Sul;670
3080;CATARINENSE;SÃO PAULO;RIO DE JANEIRO (RJ) - SAO PAULO (SP);SOROCABA - RIO ;452;EXECUTIVO;ANTT;RODOVIARIO          ;1;46;07-0177-61;3;RIO DE JANEIRO (RJ) - SAO PAULO (SP);452;Vedetes;Normal;Seccionado;Regional Sul;452
3081;CATARINENSE;BLUMENAU;BLUMENAU (SC) - FLORIANOPOLIS (SC) (COMUM);FLORIANOPOLIS - BLUMENAU;154,25;CONVENCIONAL;DETER/SC;RODOVIARIO          ;1;46;13-0;3;BLUMENAU (SC) - FLORIANOPOLIS (SC) (COMUM);154,25;Demais Mercados;Normal;Seccionado;Regional Sul;154,26
3083;CATARINENSE;LAGES;LAGES (SC) - BLUMENAU (SC) (COMUM);FLORIANOPOLIS - CONCORDIA;231,66;CONVENCIONAL;DETER/SC;RODOVIARIO          ;1;46;307-0;3;LAGES (SC) - BLUMENAU (SC) (COMUM);231,66;Demais Mercados;Normal;Seccionado;Regional Sul;231,67
3086;WEMOBI;WEMOBI;RIO DE JANEIRO (RJ) - SAO PAULO (SP);WEMOBI;411;POP;ANTT;RODOVIARIO          ;1;46;7017761;3;RIO DE JANEIRO (RJ) - SAO PAULO (SP);411;Demais Mercados;Normal;Seccionado;WEMOBI;411,01
3087;WEMOBI;WEMOBI;RIO DE JANEIRO (RJ) - SAO PAULO (SP);WEMOBI;473;POP;ANTT;RODOVIARIO          ;1;46;7017761;3;RIO DE JANEIRO (RJ) - SAO PAULO (SP);473;Demais Mercados;Normal;Seccionado;WEMOBI;473
3088;CATARINENSE;MARINGA;MARINGA (PR) - SAO PAULO (SP);SAO PAULO - MARINGA;627;SEMILTO. DD;ANTT;RODOVIARIO          ;1;46;09-0328-30;3;MARINGA (PR) - SAO PAULO (SP);627;Demais Mercados;Normal;Seccionado;Regional Sul;627
3090;CATARINENSE;SÃO PAULO;RIO DE JANEIRO (RJ) - SAO PAULO (SP);SAO PAULO - RIO DE JANEIRO;396,58;CONVENCIONAL;ANTT;RODOVIARIO          ;1;46;7020900;3;RIO DE JANEIRO (RJ) - SAO PAULO (SP);396,58;Demais Mercados;Normal;Seccionado;Regional Sul;396,59
3111;CATARINENSE;BLUMENAU;BLUMENAU (SC) - FLORIANOPOLIS (SC) (COMUM);FLORIANOPOLIS - BLUMENAU;11,5;CONVENCIONAL;DETER/SC;RODOVIARIO          ;1;46;13-0;3;BLUMENAU (SC) - FLORIANOPOLIS (SC) (COMUM);11,5;Demais Mercados;Normal;Seccionado;Regional Sul;11,5
3112;CATARINENSE;BLUMENAU;BLUMENAU (SC) - FLORIANOPOLIS (SC) (COMUM);FLORIANOPOLIS - BLUMENAU;17,69;CONVENCIONAL;DETER/SC;RODOVIARIO          ;1;46;13-0;3;BLUMENAU (SC) - FLORIANOPOLIS (SC) (COMUM);17,69;Demais Mercados;Normal;Seccionado;Regional Sul;17,69
3117;WEMOBI;WEMOBI;RIO DE JANEIRO (RJ) - SAO PAULO (SP);WEMOBI;411;COMFORT POP EXECUTIVO;ANTT;RODOVIARIO;1;46;070177-61;3;RIO DE JANEIRO (RJ) - SAO PAULO (SP);411;Demais Mercados;Normal;Direto;WEMOBI;411,01
3118;CATARINENSE;FOZ DO IGUACU;FOZ DO IGUACU(PR) - NITEROI(RJ);FOZ - RIO DE JANEIRO;1573,6;CONVENCIONAL;ANTT;RODOVIARIO;1;46;9055600;3;FOZ DO IGUACU(PR) - NITEROI(RJ);1573,6;Demais Mercados;Normal;Seccionado;Regional Sul;1573,6
3131;CATARINENSE;BLUMENAU;LAGES (SC) - BLUMENAU (SC) (COMUM);FLORIANOPOLIS - CONCORDIA;230,65;CONVENCIONAL;DETER/SC;RODOVIARIO          ;1;46;3131;3;LAGES (SC) - BLUMENAU (SC) (COMUM);230,65;Demais Mercados;Normal;Seccionado;Regional Sul;230,65
3134;CATARINENSE;FOZ DO IGUACU;FOZ DO IGUACU (PR) - NITEROI (RJ) (VIA CAMPINAS);FOZ - RIO DE JANEIRO;1547,63;CONVENCIONAL;ANTT;RODOVIARIO;1;46;9037900;3;FOZ DO IGUACU (PR) - NITEROI (RJ) (VIA CAMPINAS);1547,63;Demais Mercados;Frequência Mínima;Seccionado;Regional Sul;1547,63
3136;WEMOBI;WEMOBI;RIO DE JANEIRO (RJ) - SAO PAULO (SP);WEMOBI;410,99;COMFORT POP EXECUTIVO;ANTT;RODOVIARIO;1;46;070177-61;3;RIO DE JANEIRO (RJ) - SAO PAULO (SP);410,99;Demais Mercados;Normal;Direto;WEMOBI;411,01
3138;CATARINENSE;FLORIANOPOLIS;VIDEIRA (SC) - FLORIANOPOLIS (SC) (VIA CORREA PINTO);FLORIANOPOLIS - CONCORDIA;231;CONVENCIONAL;DETER/SC;RODOVIARIO          ;1;46;12-0;3;VIDEIRA (SC) - FLORIANOPOLIS (SC) (VIA CORREA PINTO);231;Vedetes;Normal;Seccionado;Regional Sul;231
3145;CATARINENSE;CURITIBA;CURITIBA (PR) - FLORIANOPOLIS (SC);CURITIBA - LITORAL SC;302,69;SEMILTO. DD;ANTT;RODOVIARIO          ;1;46;09-0002-31;3;CURITIBA (PR) - FLORIANOPOLIS (SC);302,69;Vedetes;Normal;Seccionado;Regional Sul;302,7
3147;WEMOBI;WEMOBI;RIO DE JANEIRO (RJ) - SAO PAULO (SP);WEMOBI;410,99;COMFORT POP EXECUTIVO;ANTT;RODOVIARIO;1;46;070177-61;3;RIO DE JANEIRO (RJ) - SAO PAULO (SP);410,99;Demais Mercados;Normal;Direto;WEMOBI;411
3152;CATARINENSE;SÃO PAULO;RIO DE JANEIRO (RJ) - SAO PAULO (SP);SAO PAULO - RIO DE JANEIRO;396,58;EXECUTIVO;ANTT;RODOVIARIO          ;1;46;7020961;3;RIO DE JANEIRO (RJ) - SAO PAULO (SP);396,58;Demais Mercados;Normal;Seccionado;Regional Sul;396,59
3159;WEMOBI;WEMOBI;RIO DE JANEIRO (RJ) - SAO PAULO (SP);WEMOBI;411;COMFORT POP EXECUTIVO;ANTT;RODOVIARIO;1;46;070177-61;3;RIO DE JANEIRO (RJ) - SAO PAULO (SP);411;Demais Mercados;Normal;Direto;WEMOBI;411
3197;CATARINENSE;CURITIBA;CURITIBA (PR) - PORTO ALEGRE (RS);CURITIBA - PORTO ALEGRE;749,54;CONV. DD;ANTT;RODOVIARIO          ;1;46;09-0043-00;3;CURITIBA (PR) - PORTO ALEGRE (RS);749,54;Demais Mercados;Normal;Seccionado;Regional Sul;749,55
3201;CATARINENSE;FLORIANOPOLIS;FLORIANOPOLIS (SC) - SAO PAULO (SP);SP - LITORAL SC;643,29;CONVENCIONAL;ANTT;RODOVIARIO          ;1;46;16-0095-00;3;FLORIANOPOLIS (SC) - SAO PAULO (SP);643,29;Vedetes;Normal;Seccionado;Regional Sul;643,3
3202;CATARINENSE;FLORIANOPOLIS;FLORIANOPOLIS (SC) - SAO CAETANO DO SUL (SP);ABC LITORAL - SC ;767,88;CONVENCIONAL;ANTT;RODOVIARIO          ;1;46;16-0097-00;3;FLORIANOPOLIS (SC) - SAO CAETANO DO SUL (SP);767,88;Demais Mercados;Frequência Mínima;Seccionado;Regional Sul;767,89
3203;CATARINENSE;BLUMENAU;BLUMENAU (SC) - SAO PAULO (SP);SP - INTERIOR SC ;678,2;CONVENCIONAL;ANTT;RODOVIARIO          ;1;46;16-0001-00;3;BLUMENAU (SC) - SAO PAULO (SP);678,2;Demais Mercados;Normal;Seccionado;Regional Sul;678,2
3205;CATARINENSE;BLUMENAU;BRUSQUE (SC) - SAO PAULO (SP);SP - INTERIOR SC ;697,7;CONVENCIONAL;ANTT;RODOVIARIO          ;1;46;16-0002-00;3;BRUSQUE (SC) - SAO PAULO (SP);697,7;Demais Mercados;Frequência Mínima;Seccionado;Regional Sul;697,7
3207;CATARINENSE;RIO DO SUL;RIO DO SUL (SC) - SAO PAULO (SP);SP - INTERIOR SC ;720,2;CONVENCIONAL;ANTT;RODOVIARIO          ;1;46;16-0008-00;3;RIO DO SUL (SC) - SAO PAULO (SP);720,2;Demais Mercados;Frequência Mínima;Seccionado;Regional Sul;720,2
3208;CATARINENSE;CURITIBA;CURITIBA (PR) - FLORIANOPOLIS (SC);CURITIBA - LITORAL SC;302,69;CONVENCIONAL;ANTT;RODOVIARIO          ;1;46;09-0002-00;3;CURITIBA (PR) - FLORIANOPOLIS (SC);302,69;Vedetes;Frequência Mínima;Seccionado;Regional Sul;302,7
3214;CATARINENSE;BALNEARIO CAMBORIU;BALNEARIO CAMBORIU (SC) - CURITIBA (PR);CURITIBA - LITORAL SC;224,09;CONVENCIONAL;ANTT;RODOVIARIO          ;1;46;16-0004-00;3;BALNEARIO CAMBORIU (SC) - CURITIBA (PR);224,09;Vedetes;Normal;Seccionado;Regional Sul;224,1
3216;CATARINENSE;ITAJAI;CURITIBA (PR) - ITAJAI (SC);CURITIBA - LITORAL SC;213,59;CONVENCIONAL;ANTT;RODOVIARIO          ;1;46;09-0040-00;3;CURITIBA (PR) - ITAJAI (SC);213,59;Vedetes;Normal;Seccionado;Regional Sul;213,6
3217;CATARINENSE;ITAJAI;BOMBINHAS (SC) - CURITIBA (PR);CURITIBA - LITORAL SC;250,9;CONVENCIONAL;ANTT;RODOVIARIO          ;1;46;16-0016-00;3;BOMBINHAS (SC) - CURITIBA (PR);250,9;Vedetes;Frequência Mínima;Seccionado;Regional Sul;250,9
3221;CATARINENSE;ITAJAI;CURITIBA (PR) - NAVEGANTES (SC);CURITIBA - LITORAL SC;210,19;CONVENCIONAL;ANTT;RODOVIARIO          ;1;46;09-0039-00;3;CURITIBA (PR) - NAVEGANTES (SC);210,19;Vedetes;Frequência Mínima;Seccionado;Regional Sul;210,2
3222;CATARINENSE;JOINVILLE;CURITIBA (PR) - JOINVILLE (SC);CURITIBA - LITORAL SC;130,5;CONVENCIONAL;ANTT;RODOVIARIO          ;1;46;09-0012-00;3;CURITIBA (PR) - JOINVILLE (SC);130,5;Vedetes;Frequência Mínima;Seccionado;Regional Sul;130,5
3223;CATARINENSE;JOINVILLE;CURITIBA (PR) - JOINVILLE (SC);CURITIBA - LITORAL SC;129,5;CONVENCIONAL;ANTT;RODOVIARIO          ;1;46;09-0041-00;3;CURITIBA (PR) - JOINVILLE (SC);129,5;Vedetes;Normal;Seccionado;Regional Sul;129,5
3225;CATARINENSE;JOINVILLE;CURITIBA (PR) - SAO FRANCISCO DO SUL (SC);CURITIBA - LITORAL SC;175,5;CONVENCIONAL;ANTT;RODOVIARIO          ;1;46;09-0017-00;3;CURITIBA (PR) - SAO FRANCISCO DO SUL (SC);175,5;Vedetes;Frequência Mínima;Seccionado;Regional Sul;175,5
3227;CATARINENSE;BLUMENAU;CURITIBA (PR) - BLUMENAU (SC);CURITIBA - INTERIOR SC ;226,59;CONVENCIONAL;ANTT;RODOVIARIO          ;1;46;09-0008-00;3;CURITIBA (PR) - BLUMENAU (SC);226,59;Demais Mercados;Normal;Seccionado;Regional Sul;226,6
3228;CATARINENSE;BLUMENAU;CURITIBA (PR) - BLUMENAU (SC);CURITIBA - INTERIOR SC ;235,19;CONVENCIONAL;ANTT;RODOVIARIO          ;1;46;09-0015-00;3;CURITIBA (PR) - BLUMENAU (SC);235,19;Demais Mercados;Frequência Mínima;Seccionado;Regional Sul;235,2
3229;CATARINENSE;BLUMENAU;CURITIBA (PR) - BLUMENAU (SC);CURITIBA - INTERIOR SC ;220,09;CONVENCIONAL;ANTT;RODOVIARIO          ;1;46;09-0351-00;3;CURITIBA (PR) - BLUMENAU (SC);220,09;Demais Mercados;Normal;Seccionado;Regional Sul;220,1
3231;CATARINENSE;BLUMENAU;CURITIBA (PR) - BLUMENAU (SC);CURITIBA - INTERIOR SC ;243,09;CONVENCIONAL;ANTT;RODOVIARIO          ;1;46;09-0226-00;3;CURITIBA (PR) - BLUMENAU (SC);243,09;Demais Mercados;Frequência Mínima;Seccionado;Regional Sul;243,1
3233;CATARINENSE;CURITIBA;CURITIBA (PR) - BRUSQUE (SC);CURITIBA - INTERIOR SC ;243;CONVENCIONAL;ANTT;RODOVIARIO          ;1;46;09-0029-00;3;CURITIBA (PR) - BRUSQUE (SC);243;Demais Mercados;Frequência Mínima;Seccionado;Regional Sul;243
3234;CATARINENSE;BLUMENAU;CURITIBA (PR) - INDAIAL (SC);CURITIBA - INTERIOR SC ;228,69;CONVENCIONAL;ANTT;RODOVIARIO          ;1;46;09-0025-00;3;CURITIBA (PR) - INDAIAL (SC);228,69;Demais Mercados;Frequência Mínima;Seccionado;Regional Sul;228,7
3236;CATARINENSE;CURITIBA  ;CURITIBA (PR) - TAIO (SC);CURITIBA - INTERIOR SC ;360,6;CONVENCIONAL;ANTT;RODOVIARIO          ;1;46;09-0231-00;3;CURITIBA (PR) - TAIO (SC);360,6;Demais Mercados;Frequência Mínima;Seccionado;Regional Sul;360,6
3237;CATARINENSE;CURITIBA;CURITIBA (PR) - JARAGUA DO SUL (SC);CURITIBA - INTERIOR SC ;175,19;CONVENCIONAL;ANTT;RODOVIARIO          ;1;46;09-0016-00;3;CURITIBA (PR) - JARAGUA DO SUL (SC);175,19;Demais Mercados;Frequência Mínima;Seccionado;Regional Sul;175,2
3239;CATARINENSE;RIO DO SUL;CURITIBA (PR) - ITUPORANGA (SC);CURITIBA - INTERIOR SC ;321,5;CONVENCIONAL;ANTT;RODOVIARIO          ;1;46;09-0026-00;3;CURITIBA (PR) - ITUPORANGA (SC);321,5;Demais Mercados;Frequência Mínima;Seccionado;Regional Sul;321,5
3240;CATARINENSE;CURITIBA;CURITIBA (PR) - LAGES (SC);CURITIBA - INTERIOR SC ;371,1;CONVENCIONAL;ANTT;RODOVIARIO          ;1;46;09-0000-00;3;CURITIBA (PR) - LAGES (SC);371,1;Demais Mercados;Normal;Seccionado;Regional Sul;371,1
3247;CATARINENSE;CURITIBA;CURITIBA (PR) - SANTOS (SP);CURITIBA - ABC ;412,19;CONVENCIONAL;ANTT;RODOVIARIO          ;1;46;09-0006-00;3;CURITIBA (PR) - SANTOS (SP);412,19;Demais Mercados;Frequência Mínima;Seccionado;Regional Sul;412,2
3248;CATARINENSE;CURITIBA;CURITIBA (PR) - SAO CAETANO DO SUL (SP);CURITIBA - ABC ;483,79;CONVENCIONAL;ANTT;RODOVIARIO          ;1;46;09-0024-00;3;CURITIBA (PR) - SAO CAETANO DO SUL (SP);483,79;Demais Mercados;Frequência Mínima;Seccionado;Regional Sul;483,8
3249;CATARINENSE;CURITIBA;CURITIBA (PR) - SANTA MARIA (RS);CURITIBA - SANTA MARIA ;893,63;CONVENCIONAL;ANTT;RODOVIARIO          ;1;46;09-0005-00;3;CURITIBA (PR) - SANTA MARIA (RS);893,63;Demais Mercados;Normal;Seccionado;Regional Sul;893,64
3254;CATARINENSE;JOINVILLE;JOINVILLE (SC) - IJUI (RS);CURITIBA - SANTA MARIA ;833;CONVENCIONAL;ANTT;RODOVIARIO          ;1;46;16-0007-00;3;JOINVILLE (SC) - IJUI (RS);833;Demais Mercados;Normal;Seccionado;Regional Sul;833
3256;CATARINENSE;FOZ DO IGUACU;FOZ DO IGUACU (PR) - LAGES (SC);SC - FOZ;772,63;CONVENCIONAL;ANTT;RODOVIARIO          ;1;46;09-0223-00;3;FOZ DO IGUACU (PR) - LAGES (SC);772,63;Demais Mercados;Frequência Mínima;Seccionado;Regional Sul;772,63
3267;CATARINENSE;CURITIBA;CURITIBA (PR) - PORTO ALEGRE (RS);CURITIBA - PORTO ALEGRE;749,54;CONVENCIONAL;ANTT;RODOVIARIO          ;1;46;09-0043-00;3;CURITIBA (PR) - PORTO ALEGRE (RS);749,54;Demais Mercados;Frequência Mínima;Seccionado;Regional Sul;749,55
3268;CATARINENSE;FLORIANOPOLIS;FLORIANOPOLIS (SC) - CAMPINAS (SP);SP - LITORAL SC;803,85;CONVENCIONAL;ANTT;RODOVIARIO          ;1;46;16-0084-00;3;FLORIANOPOLIS (SC) - CAMPINAS (SP);803,85;Vedetes;Frequência Mínima;Seccionado;Regional Sul;803,85
3269;CATARINENSE;BALNEARIO CAMBORIU;BALNEARIO CAMBORIU (SC) - SAO PAULO (SP);SP - LITORAL SC;614,25;CONVENCIONAL;ANTT;RODOVIARIO          ;1;46;16-0066-00;3;BALNEARIO CAMBORIU (SC) - SAO PAULO (SP);614,25;Vedetes;Frequência Mínima;Seccionado;Regional Sul;614,25
3270;CATARINENSE;JOINVILLE;SAO PAULO (SP) - JOINVILLE (SC);SP - LITORAL SC;541,79;CONVENCIONAL;ANTT;RODOVIARIO          ;1;46;08-0002-00;3;SAO PAULO (SP) - JOINVILLE (SC);541,79;Vedetes;Normal;Seccionado;Regional Sul;541,8
3271;CATARINENSE;FOZ DO IGUACU;FLORIANOPOLIS (SC) - FOZ DO IGUACU (PR);SC - FOZ;970,39;CONVENCIONAL;ANTT;RODOVIARIO          ;1;46;16-0021-00;3;FLORIANOPOLIS (SC) - FOZ DO IGUACU (PR);970,39;Demais Mercados;Frequência Mínima;Seccionado;Regional Sul;970,4
3272;CATARINENSE;CURITIBA;CURITIBA (PR) - SANTA MARIA (RS);CURITIBA - SANTA MARIA ;1098,79;CONVENCIONAL;ANTT;RODOVIARIO          ;1;46;09-0233-00;3;CURITIBA (PR) - SANTA MARIA (RS);1098,79;Demais Mercados;Normal;Seccionado;Regional Sul;1098,79
3273;CATARINENSE;BALNEARIO CAMBORIU;BALNEARIO CAMBORIU (SC) - CURITIBA (PR);CURITIBA - LITORAL SC;224,09;CONVENCIONAL;ANTT;RODOVIARIO          ;1;46;16-0005-00;3;BALNEARIO CAMBORIU (SC) - CURITIBA (PR);224,09;Vedetes;Normal;Seccionado;Regional Sul;224,1
3274;CATARINENSE;CURITIBA  ;CURITIBA (PR) - RIO DO SUL (SC);CURITIBA - INTERIOR SC ;300,89;CONVENCIONAL;ANTT;RODOVIARIO          ;1;46;09-0014-00;3;CURITIBA (PR) - RIO DO SUL (SC);300,89;Demais Mercados;Normal;Seccionado;Regional Sul;300,9
3276;CATARINENSE;CURITIBA  ;CURITIBA (PR) - RIO DO SUL (SC);CURITIBA - INTERIOR SC ;307,5;CONVENCIONAL;ANTT;RODOVIARIO          ;1;46;09-0230-00;3;CURITIBA (PR) - RIO DO SUL (SC);307,5;Demais Mercados;Normal;Seccionado;Regional Sul;307,5
3277;CATARINENSE;FLORIANOPOLIS;FLORIANOPOLIS (SC) - SANTOS (SP);ABC LITORAL - SC ;688,85;CONVENCIONAL;ANTT;RODOVIARIO          ;1;46;16-0085-00;3;FLORIANOPOLIS (SC) - SANTOS (SP);688,85;Demais Mercados;Normal;Seccionado;Regional Sul;688,85
3279;CATARINENSE;CURITIBA;CURITIBA (PR) - SANTA MARIA (RS);CURITIBA - SANTA MARIA ;1051,55;CONVENCIONAL;ANTT;RODOVIARIO;1;46;9924500;3;CURITIBA (PR) - SANTA MARIA (RS);1051,55;Demais Mercados;Normal;Seccionado;Regional Sul;1051,55
3280;CATARINENSE;ITAJAI;PORTO ALEGRE (RS) - BALNEARIO CAMBORIU (SC);CURITIBA - PORTO ALEGRE;533;CONVENCIONAL;ANTT;RODOVIARIO          ;1;46;10-0001-00;3;PORTO ALEGRE (RS) - BALNEARIO CAMBORIU (SC);533;Demais Mercados;Normal;Seccionado;Regional Sul;533
3281;CATARINENSE;LAGES;LAGES (SC) - SAO PAULO (SP);SP - INTERIOR SC ;783,39;CONVENCIONAL;ANTT;RODOVIARIO          ;1;46;16-0006-00;3;LAGES (SC) - SAO PAULO (SP);783,39;Demais Mercados;Normal;Seccionado;Regional Sul;783,4
3282;CATARINENSE;CURITIBA;CURITIBA (PR) - FLORIANOPOLIS (SC) VIA ITJ-CMB;CURITIBA - LITORAL SC;297,14;CONVENCIONAL;ANTT;RODOVIARIO          ;1;46;09-0032-00;3;CURITIBA (PR) - FLORIANOPOLIS (SC) VIA ITJ-CMB;297,14;Vedetes;Normal;Seccionado;Regional Sul;297,15
3284;CATARINENSE;BALNEARIO CAMBORIU;BALNEARIO CAMBORIU (SC) - CURITIBA (PR);CURITIBA - LITORAL SC;226,5;CONVENCIONAL;ANTT;RODOVIARIO          ;1;46;16-0126-00;3;BALNEARIO CAMBORIU (SC) - CURITIBA (PR);226,5;Vedetes;Normal;Seccionado;Regional Sul;226,5
3285;CATARINENSE;ITAJAI;CURITIBA (PR) - ITAJAI (SC);CURITIBA - LITORAL SC;213;CONVENCIONAL;ANTT;RODOVIARIO          ;1;46;09-0354-00;3;CURITIBA (PR) - ITAJAI (SC);213;Vedetes;Normal;Seccionado;Regional Sul;213
3286;CATARINENSE;CURITIBA;CURITIBA (PR) - BRUSQUE (SC);CURITIBA - INTERIOR SC ;243;CONVENCIONAL;ANTT;RODOVIARIO          ;1;46;09-0360-00;3;CURITIBA (PR) - BRUSQUE (SC);243;Demais Mercados;Normal;Seccionado;Regional Sul;243
3287;CATARINENSE;CURITIBA;CURITIBA (PR) - JARAGUA DO SUL (SC);CURITIBA - INTERIOR SC ;175,3;CONVENCIONAL;ANTT;RODOVIARIO          ;1;46;09-0361-00;3;CURITIBA (PR) - JARAGUA DO SUL (SC);175,3;Demais Mercados;Frequência Mínima;Seccionado;Regional Sul;175,3
3288;CATARINENSE;FOZ DO IGUACU;FLORIANOPOLIS (SC) - CASCAVEL (PR);SC - FOZ;790,95;CONVENCIONAL;ANTT;RODOVIARIO          ;1;46;16-0133-00;3;FLORIANOPOLIS (SC) - CASCAVEL (PR);790,95;Demais Mercados;Normal;Seccionado;Regional Sul;790,95
3332;WEMOBI;WEMOBI;RIO DE JANEIRO (RJ) - SAO PAULO (SP);WEMOBI;472;COMFORT POP EXECUTIVO;ANTT;RODOVIARIO          ;1;46;07-0177-61;3;RIO DE JANEIRO (RJ) - SAO PAULO (SP);472;Demais Mercados;Normal;Seccionado;WEMOBI;472
3334;CATARINENSE;CURITIBA;CURITIBA (PR) - FLORIANOPOLIS (SC);CURITIBA - LITORAL SC;302,69;SEMILTO. DD;ANTT;RODOVIARIO          ;1;46;09-0357-31;3;CURITIBA (PR) - FLORIANOPOLIS (SC);302,69;Vedetes;Normal;Seccionado;Regional Sul;302,7
3344;CATARINENSE;ITAJAI;PORTO ALEGRE (RS) - BALNEARIO CAMBORIU (SC);CURITIBA - PORTO ALEGRE;533;SEMI LEITO;ANTT;RODOVIARIO          ;1;46;10-0001-31;3;PORTO ALEGRE (RS) - BALNEARIO CAMBORIU (SC);533;Demais Mercados;Normal;Seccionado;Regional Sul;533
3357;CATARINENSE;FLORIANOPOLIS;ARARANGUA (SC) - SAO PAULO (SP);SP - LITORAL SC;914,79;CONV. DD;ANTT;RODOVIARIO          ;1;46;16-0018-00;3;ARARANGUA (SC) - SAO PAULO (SP);914,79;Vedetes;Normal;Seccionado;Regional Sul;914,8
3375;CATARINENSE;BALNEARIO CAMBORIU;BALNEARIO CAMBORIU (SC) - SAO PAULO (SP);SP - LITORAL SC;614,25;CONV. DD;ANTT;RODOVIARIO          ;1;46;16-0066-00;3;BALNEARIO CAMBORIU (SC) - SAO PAULO (SP);614,25;Vedetes;Normal;Seccionado;Regional Sul;614,25
3387;CATARINENSE;BLUMENAU;BRUSQUE (SC) - SAO PAULO (SP);SP - INTERIOR SC ;667,7;CONV. DD;ANTT;RODOVIARIO          ;1;46;16-0002-00;3;BRUSQUE (SC) - SAO PAULO (SP);667,7;Demais Mercados;Normal;Seccionado;Regional Sul;667,7
3389;CATARINENSE;BLUMENAU;BRUSQUE (SC) - SAO PAULO (SP);SP - INTERIOR SC ;667,7;SEMILTO. DD;ANTT;RODOVIARIO          ;1;46;16-0002-31;3;BRUSQUE (SC) - SAO PAULO (SP);667,7;Demais Mercados;Normal;Seccionado;Regional Sul;667,7
3393;CATARINENSE;FLORIANOPOLIS;FLORIANOPOLIS (SC) - SAO PAULO (SP);SP - LITORAL SC;691,25;SEMILTO. DD;ANTT;RODOVIARIO          ;1;46;16-0091-30;3;FLORIANOPOLIS (SC) - SAO PAULO (SP);691,25;Vedetes;Normal;Seccionado;Regional Sul;691,25
3417;CATARINENSE;FLORIANOPOLIS;FLORIANOPOLIS (SC) - SAO PAULO (SP);SP - LITORAL SC;691,25;SEMILTO. DD;ANTT;RODOVIARIO          ;1;46;16-0091-30;3;FLORIANOPOLIS (SC) - SAO PAULO (SP);691,25;Vedetes;Normal;Seccionado;Regional Sul;691,25
3435;CATARINENSE;BLUMENAU;BLUMENAU (SC) - JOINVILLE (SC) (COMUM);FLORIANOPOLIS - CONCORDIA;116,13;CONVENCIONAL;DETER/SC;RODOVIARIO          ;1;46;711-0;3;BLUMENAU (SC) - JOINVILLE (SC) (COMUM);116,13;Demais Mercados;Normal;Seccionado;Regional Sul;116,13
3462;CATARINENSE;SÃO PAULO;RIO DE JANEIRO (RJ) - SAO PAULO (SP);SOROCABA - RIO;411;EXECUTIVO;ANTT;RODOVIARIO          ;1;46;07-0177-61;3;RIO DE JANEIRO (RJ) - SAO PAULO (SP);411;Vedetes;Normal;Direto;Regional Sul;411
3499;CATARINENSE;FLORIANOPOLIS;ARARANGUA (SC) - SAO PAULO (SP);SP - LITORAL SC;959,45;CONVENCIONAL;ANTT;RODOVIARIO          ;1;46;16-0072-00;3;ARARANGUA (SC) - SAO PAULO (SP);959,45;Vedetes;Frequência Mínima;Seccionado;Regional Sul;959,45
3504;CATARINENSE;FOZ DO IGUACU;FOZ DO IGUACU (PR) - RIO DE JANEIRO (RJ);FOZ - RIO DE JANEIRO;1430,5;CONVENCIONAL;ANTT;RODOVIARIO          ;1;46;09-0341-00;3;FOZ DO IGUACU (PR) - RIO DE JANEIRO (RJ);1430,5;Demais Mercados;Frequência Mínima;Seccionado;Regional Sul;1430,5
3516;CATARINENSE;FOZ DO IGUACU;FOZ DO IGUACU (PR) - BELO HORIZONTE (MG);BELO HORIZONTE - FOZ;1793,01;CONVENCIONAL;ANTT;RODOVIARIO          ;1;46;09-0338-00;3;FOZ DO IGUACU (PR) - BELO HORIZONTE (MG);1793,01;Demais Mercados;Frequência Mínima;Seccionado;Regional Sul;1793,01
3519;CATARINENSE;FOZ DO IGUACU;GUARAPUAVA (PR) - SAO PAULO (SP);FOZ - SAO PAULO;716,21;SEMILTO. DD;ANTT;RODOVIARIO          ;1;46;09-0531-30;3;GUARAPUAVA (PR) - SAO PAULO (SP);716,21;Demais Mercados;Normal;Seccionado;Regional Sul;716,21
3523;CATARINENSE;FOZ DO IGUACU;FOZ DO IGUACU (PR) - RIO DE JANEIRO (RJ);FOZ - RIO DE JANEIRO;1459,74;CONVENCIONAL;ANTT;RODOVIARIO          ;1;46;09-0335-00;3;FOZ DO IGUACU (PR) - RIO DE JANEIRO (RJ);1459,74;Demais Mercados;Frequência Mínima;Seccionado;Regional Sul;1459,74
3526;CATARINENSE;FOZ DO IGUACU;FOZ DO IGUACU (PR) - NITEROI (RJ) - VIA CAMPINAS;FOZ - RIO DE JANEIRO;1547,63;CONVENCIONAL;ANTT;RODOVIARIO          ;1;46;09-0379-00;3;FOZ DO IGUACU (PR) - NITEROI (RJ) - VIA CAMPINAS;1547,63;Demais Mercados;Normal;Seccionado;Regional Sul;1547,63
3527;CATARINENSE;FLORIANOPOLIS;FLORIANOPOLIS (SC) - CAMPINAS (SP);SP - LITORAL SC;767,14;SEMILTO. DD;ANTT;RODOVIARIO          ;1;46;16-0089-30;3;FLORIANOPOLIS (SC) - CAMPINAS (SP);767,14;Vedetes;Normal;Seccionado;Regional Sul;767,15
3535;CATARINENSE;MARINGA;CAMPO MOURAO (PR) - APARECIDA (SP);SAO PAULO - MARINGA;875,57;CONV. DD;ANTT;RODOVIARIO          ;1;46;09-0339-00;3;CAMPO MOURAO (PR) - APARECIDA (SP);875,57;Demais Mercados;Normal;Seccionado;Regional Sul;875,57
3549;CATARINENSE;MARINGA;MARINGA (PR) - SAO PAULO (SP);SAO PAULO - MARINGA;627;SEMILTO. DD;ANTT;RODOVIARIO          ;1;46;09-0328-30;3;MARINGA (PR) - SAO PAULO (SP);627;Demais Mercados;Normal;Seccionado;Regional Sul;627
3559;CATARINENSE;MARINGA;CAMPO MOURAO (PR) - APARECIDA (SP);SAO PAULO - MARINGA;875,57;SEMILTO. DD;ANTT;RODOVIARIO          ;1;46;09-0339-31;3;CAMPO MOURAO (PR) - APARECIDA (SP);875,57;Demais Mercados;Normal;Seccionado;Regional Sul;875,57
3565;CATARINENSE;FOZ DO IGUACU;FOZ DO IGUACU (PR) - CAMPOS DOS GOYTACAZES (RJ);FOZ - RIO DE JANEIRO;1708,86;CONVENCIONAL;ANTT;RODOVIARIO          ;1;46;09-0331-00;3;FOZ DO IGUACU (PR) - CAMPOS DOS GOYTACAZES (RJ);1708,86;Demais Mercados;Frequência Mínima;Seccionado;Regional Sul;1708,86
3567;CATARINENSE;FLORIANOPOLIS;ARARANGUA (SC) - CAMPINAS (SP);SP - LITORAL SC;1016,15;CONV. DD;ANTT;RODOVIARIO          ;1;46;16-0073-00;3;ARARANGUA (SC) - CAMPINAS (SP);1016,15;Vedetes;Normal;Seccionado;Regional Sul;1016,15
3569;CATARINENSE;FLORIANOPOLIS;ARARANGUA (SC) - SAO PAULO (SP);SP - LITORAL SC;915,79;SEMILTO. DD;ANTT;RODOVIARIO          ;1;46;16-0018-31;3;ARARANGUA (SC) - SAO PAULO (SP);915,79;Vedetes;Normal;Seccionado;Regional Sul;915,8
3571;CATARINENSE;BLUMENAU;JARAGUA DO SUL (SC) - BLUMENAU (SC);FLORIANOPOLIS - MAFRA;67,01;CONV. DD;DETER/SC;RODOVIARIO          ;1;46;476-0;3;JARAGUA DO SUL (SC) - BLUMENAU (SC);67,01;Vedetes;Normal;Seccionado;Regional Sul;67,01
3572;CATARINENSE;BLUMENAU;JARAGUA DO SUL (SC) - BLUMENAU (SC);FLORIANOPOLIS - MAFRA;67,01;CONV. DD;DETER/SC;RODOVIARIO          ;1;46;476-0;3;JARAGUA DO SUL (SC) - BLUMENAU (SC);67,01;Vedetes;Normal;Seccionado;Regional Sul;67,01
3573;CATARINENSE;CURITIBA;CURITIBA (PR) - SANTA MARIA (RS);CURITIBA - SANTA MARIA ;308,35;CONV. DD;ANTT;RODOVIARIO;1;46;09-9245-00;3;CURITIBA (PR) - SANTA MARIA (RS);308,35;Demais Mercados;Normal;Seccionado;Regional Sul;267,85
3575;CATARINENSE;CURITIBA;BALNEARIO CAMBORIU (SC) - PORTO ALEGRE (RS);CURITIBA - PORTO ALEGRE;536;SEMILTO. DD;ANTT;RODOVIARIO          ;1;46;10-0001-31;3;BALNEARIO CAMBORIU (SC) - PORTO ALEGRE (RS);536;Demais Mercados;Normal;Seccionado;Regional Sul;536
3577;CATARINENSE;BLUMENAU;JARAGUA DO SUL (SC) - BLUMENAU (SC);FLORIANOPOLIS - MAFRA;67,01;CONV. DD;DETER/SC;RODOVIARIO          ;1;46;476-0;3;JARAGUA DO SUL (SC) - BLUMENAU (SC);67,01;Vedetes;Normal;Seccionado;Regional Sul;67,01
3578;CATARINENSE;BLUMENAU;JARAGUA DO SUL (SC) - BLUMENAU (SC);FLORIANOPOLIS - MAFRA;67,01;CONV. DD;DETER/SC;RODOVIARIO          ;1;46;476-0;3;JARAGUA DO SUL (SC) - BLUMENAU (SC);67,01;Vedetes;Normal;Seccionado;Regional Sul;67,01
3579;CATARINENSE;CURITIBA;BLUMENAU (SC) - BALNEARIO CAMBORIU (SC);FLORIANOPOLIS - BLUMENAU;67,71;CONV. DD;DETER/SC;RODOVIARIO          ;1;46;251-0;3;BLUMENAU (SC) - BALNEARIO CAMBORIU (SC);67,71;Vedetes;Normal;Seccionado;Regional Sul;67,71
3580;CATARINENSE;CURITIBA;BLUMENAU (SC) - BALNEARIO CAMBORIU (SC);FLORIANOPOLIS - BLUMENAU;67,71;CONV. DD;DETER/SC;RODOVIARIO          ;1;46;251-0;3;BLUMENAU (SC) - BALNEARIO CAMBORIU (SC);67,71;Vedetes;Normal;Seccionado;Regional Sul;67,71
3581;CATARINENSE;CURITIBA;BALNEARIO CAMBORIU (SC) - PORTO ALEGRE (RS);CURITIBA - PORTO ALEGRE;536;CONV. DD;ANTT;RODOVIARIO          ;1;46;10-0001-00;3;BALNEARIO CAMBORIU (SC) - PORTO ALEGRE (RS);536;Demais Mercados;Normal;Seccionado;Regional Sul;536
3583;CATARINENSE;BALNEARIO CAMBORIU;CURITIBA (PR) - BALNEARIO CAMBORIU (SC);CURITIBA - LITORAL SC;224,69;CONVENCIONAL;ANTT;RODOVIARIO          ;1;46;09-0417-00;3;CURITIBA (PR) - BALNEARIO CAMBORIU (SC);224,69;Vedetes;Frequência Mínima;Seccionado;Regional Sul;224,72
3584;CATARINENSE;CURITIBA;BALNEARIO CAMBORIU (SC) - SANTA MARIA (RS);CURITIBA - SANTA MARIA ;934,5;SEMILTO. DD;ANTT;RODOVIARIO          ;1;46;16-0135-31;3;BALNEARIO CAMBORIU (SC) - SANTA MARIA (RS);934,5;Demais Mercados;Normal;Seccionado;Regional Sul;934,5
3586;CATARINENSE;CURITIBA;BALNEARIO CAMBORIU (SC) - SANTA MARIA (RS);CURITIBA - SANTA MARIA ;934,5;CONV. DD;ANTT;RODOVIARIO          ;1;46;16-0135-00;3;BALNEARIO CAMBORIU (SC) - SANTA MARIA (RS);934,5;Demais Mercados;Normal;Seccionado;Regional Sul;934,5
3588;CATARINENSE;FLORIANOPOLIS;ARARANGUA (SC) - SAO PAULO (SP);SP - LITORAL SC;915,79;CONV. DD;ANTT;RODOVIARIO          ;1;46;16-0018-00;3;ARARANGUA (SC) - SAO PAULO (SP);915,79;Vedetes;Normal;Seccionado;Regional Sul;915,8
3590;CATARINENSE;FLORIANOPOLIS;ARARANGUA (SC) - SAO PAULO (SP);SP - LITORAL SC;911,85;SEMILTO. DD;ANTT;RODOVIARIO          ;1;46;16-0071-30;3;ARARANGUA (SC) - SAO PAULO (SP);911,85;Vedetes;Normal;Seccionado;Regional Sul;911,85
3592;CATARINENSE;FLORIANOPOLIS;ARARANGUA (SC) - SAO PAULO (SP);SP - LITORAL SC;960,45;CONV. DD;ANTT;RODOVIARIO          ;1;46;16-0072-00;3;ARARANGUA (SC) - SAO PAULO (SP);960,45;Vedetes;Normal;Seccionado;Regional Sul;960,45
3598;CATARINENSE;FOZ DO IGUACU;GUARAPUAVA (PR) - SAO PAULO (SP);FOZ - SAO PAULO ;716,21;SEMILTO. DD;ANTT;RODOVIARIO          ;1;46;09-0333-30;3;GUARAPUAVA (PR) - SAO PAULO (SP);716,21;Demais Mercados;Normal;Seccionado;Regional Sul;716,21
3600;CATARINENSE;FLORIANOPOLIS;ARARANGUA (SC) - CAMPINAS (SP);SP - LITORAL SC;1016,15;CONV. DD;ANTT;RODOVIARIO          ;1;46;16-0073-00;3;ARARANGUA (SC) - CAMPINAS (SP);1016,15;Vedetes;Normal;Seccionado;Regional Sul;1016,15
3602;CATARINENSE;FLORIANOPOLIS;ARARANGUA (SC) - SAO PAULO (SP);SP - LITORAL SC;914,79;SEMILTO. DD;ANTT;RODOVIARIO          ;1;46;16-0018-31;3;ARARANGUA (SC) - SAO PAULO (SP);914,79;Vedetes;Normal;Seccionado;Regional Sul;914,8
3604;CATARINENSE;FLORIANOPOLIS;ARARANGUA (SC) - SAO PAULO (SP);SP - LITORAL SC;910,85;SEMILTO. DD;ANTT;RODOVIARIO          ;1;46;16-0071-30;3;ARARANGUA (SC) - SAO PAULO (SP);910,85;Vedetes;Normal;Seccionado;Regional Sul;910,85
3606;WEMOBI;WEMOBI;CURITIBA (PR) - SANTOS (SP);WEMOBI;416,6;COMFORT POP EXECUTIVO;ANTT;RODOVIARIO          ;1;46;09-0006-61;3;CURITIBA (PR) - SANTOS (SP);416,6;Demais Mercados;Normal;Seccionado;WEMOBI;416,5
3610;CATARINENSE;FOZ DO IGUACU;SAO PAULO (SP) - FOZ DO IGUACU (PR);FOZ - SAO PAULO ;1006,05;SEMILTO. DD;ANTT;RODOVIARIO          ;1;46;08-0194-30;3;SAO PAULO (SP) - FOZ DO IGUACU (PR);1006,05;Demais Mercados;Normal;Seccionado;Regional Sul;1006,05
3619;CATARINENSE;CURITIBA;CURITIBA (PR) - CRICIUMA (SC);CURITIBA - LITORAL SC;480,5;CONVENCIONAL;ANTT;RODOVIARIO          ;1;46;09-0034-00;3;CURITIBA (PR) - CRICIUMA (SC);480,5;Vedetes;Normal;Seccionado;Regional Sul;480,5
3620;CATARINENSE;FLORIANOPOLIS;ARARANGUA (SC) - SAO PAULO (SP);SP - LITORAL SC;959,45;CONV. DD;ANTT;RODOVIARIO          ;1;46;16-0072-00;3;ARARANGUA (SC) - SAO PAULO (SP);959,45;Vedetes;Normal;Seccionado;Regional Sul;959,45
3622;CATARINENSE;FLORIANOPOLIS;ARARANGUA (SC) - SAO PAULO (SP);SP - LITORAL SC;914,79;CONV. DD;ANTT;RODOVIARIO          ;1;46;16-0018-00;3;ARARANGUA (SC) - SAO PAULO (SP);914,79;Vedetes;Normal;Seccionado;Regional Sul;914,8
3624;CATARINENSE;CURITIBA;BALNEARIO CAMBORIU (SC) - SANTA MARIA (RS);CURITIBA - SANTA MARIA ;836,63;CONV. DD;ANTT;RODOVIARIO          ;1;46;16-0135-00;3;BALNEARIO CAMBORIU (SC) - SANTA MARIA (RS);836,63;Demais Mercados;Normal;Seccionado;Regional Sul;836,63
3655;CATARINENSE;CURITIBA;CURITIBA (PR) - PORTO ALEGRE (RS);CURITIBA - PORTO ALEGRE;1342,65;SEMILTO. DD;ANTT;RODOVIARIO          ;1;46;09-0218-30;3;CURITIBA (PR) - PORTO ALEGRE (RS);1342,65;Demais Mercados;Normal;Seccionado;Regional Sul;1342,65
3667;CATARINENSE;CURITIBA;CURITIBA (PR) - PORTO ALEGRE (RS);CURITIBA - PORTO ALEGRE;749,54;SEMILTO. DD;ANTT;RODOVIARIO          ;1;46;09-0043-31;3;CURITIBA (PR) - PORTO ALEGRE (RS);749,54;Demais Mercados;Normal;Seccionado;Regional Sul;749,55
3676;CATARINENSE;RIO DO SUL;RIO DO SUL (SC) - SAO PAULO (SP);SP - INTERIOR SC;720,2;CONV. DD;ANTT;RODOVIARIO          ;1;46;16-0008-00;3;RIO DO SUL (SC) - SAO PAULO (SP);720,2;Demais Mercados;Normal;Seccionado;Regional Sul;720,2
3678;CATARINENSE;RIO DO SUL;RIO DO SUL (SC) - SAO PAULO (SP);SP - INTERIOR SC;720,2;SEMILTO. DD;ANTT;RODOVIARIO          ;1;46;16-0008-31;3;RIO DO SUL (SC) - SAO PAULO (SP);720,2;Demais Mercados;Normal;Seccionado;Regional Sul;720,2
3685;CATARINENSE;BALNEARIO CAMBORIU;BALNEARIO CAMBORIU (SC) - CURITIBA (PR);CURITIBA - LITORAL SC;213;CONVENCIONAL;ANTT;RODOVIARIO          ;1;46;16-0153-00;3;BALNEARIO CAMBORIU (SC) - CURITIBA (PR);213;Vedetes;Normal;Seccionado;Regional Sul;213
3692;CATARINENSE;FOZ DO IGUACU;FOZ DO IGUACU (PR) - SAO PAULO (SP) (VIA PONTA GROSSA);FOZ - SAO PAULO ;1047,91;SEMILTO. DD;ANTT;RODOVIARIO          ;1;46;09-0424-30;3;FOZ DO IGUACU (PR) - SAO PAULO (SP) (VIA PONTA GROSSA);1047,91;Demais Mercados;Normal;Seccionado;Regional Sul;1047,91
3706;CATARINENSE;ITAJAI;BALNEARIO CAMBORIU (SC) - FLORIANOPOLIS (SC);FLORIANOPOLIS - JOINVILLE;17,69;CONVENCIONAL;DETER/SC;RODOVIARIO          ;1;46;169-0;3;BALNEARIO CAMBORIU (SC) - FLORIANOPOLIS (SC);17,69;Vedetes;Normal;Direto;Regional Sul;17,69
3707;CATARINENSE;ITAJAI;BALNEARIO CAMBORIU (SC) - FLORIANOPOLIS (SC);FLORIANOPOLIS - JOINVILLE;17,69;CONVENCIONAL;DETER/SC;RODOVIARIO          ;1;46;169-0;3;BALNEARIO CAMBORIU (SC) - FLORIANOPOLIS (SC);17,69;Vedetes;Normal;Seccionado;Regional Sul;17,69
3708;CATARINENSE;BALNEARIO CAMBORIU;BALNEARIO CAMBORIU (SC) - SAO PAULO (SP);SP - LITORAL SC;614,25;SEMILTO. DD;ANTT;RODOVIARIO          ;1;46;16-0066-31;3;BALNEARIO CAMBORIU (SC) - SAO PAULO (SP);614,25;Vedetes;Normal;Seccionado;Regional Sul;614,26
3710;WEMOBI;WEMOBI;CURITIBA (PR) - JOINVILLE (SC);WEMOBI;129,5;COMFORT EXECUTIVO;ANTT;RODOVIARIO          ;1;46;09-0520-60;3;CURITIBA (PR) - JOINVILLE (SC);129,5;Demais Mercados;Normal;Seccionado;WEMOBI;129,6
3749;WEMOBI;WEMOBI;APARECIDA (SP) - CAMPO MOURAO (PR);WEMOBI;875,57;COMFORT PLUS SEMI LEITO;ANTT;RODOVIARIO          ;0;46;09-0339-31;3;APARECIDA (SP) - CAMPO MOURAO (PR);875,57;Demais Mercados;Normal;Seccionado;WEMOBI;875,57
3753;CATARINENSE;CURITIBA;CURITIBA (PR) - PORTO ALEGRE (RS);CURITIBA - PORTO ALEGRE;749,55;SEMILTO. DD;ANTT;RODOVIARIO          ;1;46;09-0043-31;3;CURITIBA (PR) - PORTO ALEGRE (RS);749,55;Demais Mercados;Normal;Seccionado;Regional Sul;749,56
3755;CATARINENSE;CURITIBA;CURITIBA (PR) - FLORIANOPOLIS (SC);CURITIBA - LITORAL SC;297,14;CONV. DD - VAI DIRETO;ANTT;RODOVIARIO          ;1;46;09-0378-00;3;CURITIBA (PR) - FLORIANOPOLIS (SC);297,14;Vedetes;Normal;Direto;Regional Sul;297,15
3757;CATARINENSE;CURITIBA;CURITIBA (PR) - SANTA MARIA (RS);CURITIBA - SANTA MARIA ;1065,44;CONVENCIONAL;ANTT;RODOVIARIO          ;1;46;09-0397-00;3;CURITIBA (PR) - SANTA MARIA (RS);1065,44;Demais Mercados;Frequência Mínima;Seccionado;Regional Sul;1065,44
3768;CATARINENSE;CURITIBA;CURITIBA (PR) - FLORIANOPOLIS (SC) (VAI DIRETO);CURITIBA - LITORAL SC;297,14;SEMI LEITO - VAI DIRETO;ANTT;RODOVIARIO          ;1;46;09-0378-31;3;CURITIBA (PR) - FLORIANOPOLIS (SC) (VAI DIRETO);297,14;Vedetes;Normal;Direto;Regional Sul;297,15
3774;CATARINENSE;FOZ DO IGUACU;BALNEARIO CAMBORIU (SC) - SANTA MARIA (RS);CURITIBA - SANTA MARIA ;836,63;CONVENCIONAL;ANTT;RODOVIARIO          ;1;46;16-0135-00;3;BALNEARIO CAMBORIU (SC) - SANTA MARIA (RS);836,63;Demais Mercados;Frequência Mínima;Seccionado;Regional Sul;836,64
3788;WEMOBI;WEMOBI;FLORIANOPOLIS (SC) - SAO PAULO (SP);WEMOBI;691,25;COMFORT PLUS SEMI LEITO;ANTT;RODOVIARIO          ;0;46;16-0091-30;3;FLORIANOPOLIS (SC) - SAO PAULO (SP);691,25;Demais Mercados;Normal;Direto;WEMOBI;691,25
3797;WEMOBI;WEMOBI;RIO DE JANEIRO (RJ) - SAO PAULO (SP);WEMOBI;411;COMFORT POP EXECUTIVO;ANTT;RODOVIARIO          ;1;46;07-0177-61;3;RIO DE JANEIRO (RJ) - SAO PAULO (SP);411;Demais Mercados;Normal;Direto;WEMOBI;411
3802;CATARINENSE;JOINVILLE;JOINVILLE (SC) - FLORIANOPOLIS (SC) (COMUM);FLORIANOPOLIS - JOINVILLE;186,12;CONVENCIONAL;DETER/SC;RODOVIARIO          ;1;46;9-0;3;JOINVILLE (SC) - FLORIANOPOLIS (SC) (COMUM);186,12;Vedetes;Normal;Seccionado;Regional Sul;186,12
3803;CATARINENSE;JOINVILLE;JOINVILLE (SC) - FLORIANOPOLIS (SC);FLORIANOPOLIS - JOINVILLE;183,08;DIRETO;DETER/SC;RODOVIARIO          ;1;46;44570;3;JOINVILLE (SC) - FLORIANOPOLIS (SC);183,08;Vedetes;Normal;Seccionado;Regional Sul;183,08
3804;CATARINENSE;BLUMENAU;BLUMENAU (SC) - JOINVILLE (SC) (COMUM);FLORIANOPOLIS - BLUMENAU;110,95;CONVENCIONAL;DETER/SC;RODOVIARIO          ;1;46;10-0;3;BLUMENAU (SC) - JOINVILLE (SC) (COMUM);110,95;Demais Mercados;Normal;Seccionado;Regional Sul;110,96
3806;CATARINENSE;FLORIANOPOLIS;VIDEIRA (SC) - FLORIANOPOLIS (SC) (COMUM);FLORIANOPOLIS - CONCORDIA;433,1;CONVENCIONAL;DETER/SC;RODOVIARIO          ;1;46;12-0;3;VIDEIRA (SC) - FLORIANOPOLIS (SC) (COMUM);433,1;Vedetes;Normal;Seccionado;Regional Sul;433,1
3807;CATARINENSE;FLORIANOPOLIS;VIDEIRA (SC) - FLORIANOPOLIS (SC) (COMUM);FLORIANOPOLIS - CONCORDIA;479,26;CONVENCIONAL;DETER/SC;RODOVIARIO          ;1;46;44573;3;VIDEIRA (SC) - FLORIANOPOLIS (SC) (COMUM);479,26;Vedetes;Normal;Seccionado;Regional Sul;479,26
3808;CATARINENSE;BLUMENAU;BLUMENAU (SC) - FLORIANOPOLIS (SC) (COMUM);FLORIANOPOLIS - BLUMENAU;154,27;CONVENCIONAL;DETER/SC;RODOVIARIO          ;1;46;13-0;3;BLUMENAU (SC) - FLORIANOPOLIS (SC) (COMUM);154,27;Demais Mercados;Normal;Seccionado;Regional Sul;154,27
3809;CATARINENSE;BLUMENAU;AEROPORTO DE FLORIANOPOLIS (SC) - BLUMENAU (SC);FLORIANOPOLIS - BLUMENAU;166,59;CONVENCIONAL;DETER/SC;RODOVIARIO          ;1;46;44605;3;AEROPORTO DE FLORIANOPOLIS (SC) - BLUMENAU (SC);166,59;Demais Mercados;Normal;Seccionado;Regional Sul;166,6
3811;CATARINENSE;ITAJAI;ITAJAI (SC) - FLORIANOPOLIS (SC) (COMUM);FLORIANOPOLIS - JOINVILLE;98,04;CONVENCIONAL;DETER/SC;RODOVIARIO          ;1;46;45-0;3;ITAJAI (SC) - FLORIANOPOLIS (SC) (COMUM);98,04;Vedetes;Normal;Seccionado;Regional Sul;98,04
3812;CATARINENSE;ITAJAI;ITAJAI (SC) - FLORIANOPOLIS (SC);FLORIANOPOLIS - JOINVILLE;98,04;SEMIDIRETO;DETER/SC;RODOVIARIO          ;1;46;45-1;3;ITAJAI (SC) - FLORIANOPOLIS (SC);98,04;Vedetes;Normal;Seccionado;Regional Sul;98,04
3813;CATARINENSE;JOINVILLE;ITAJAI (SC) - JOINVILLE (SC) (COMUM);FLORIANOPOLIS - BLUMENAU;90;CONVENCIONAL;DETER/SC;RODOVIARIO          ;1;46;47-0;3;ITAJAI (SC) - JOINVILLE (SC) (COMUM);90;Vedetes;Normal;Seccionado;Regional Sul;90
3814;CATARINENSE;ITAJAI;BLUMENAU (SC) - CAMBORIU (SC) (COMUM);FLORIANOPOLIS - BLUMENAU;72,04;CONVENCIONAL;DETER/SC;RODOVIARIO          ;1;46;55-0;3;BLUMENAU (SC) - CAMBORIU (SC) (COMUM);72,04;Demais Mercados;Normal;Seccionado;Regional Sul;72,05
3818;CATARINENSE;JOINVILLE;ARMACAO (SC) - JOINVILLE (SC) (COMUM);FLORIANOPOLIS - JOINVILLE;76;CONVENCIONAL;DETER/SC;RODOVIARIO          ;1;46;62-0;3;ARMACAO (SC) - JOINVILLE (SC) (COMUM);76;Vedetes;Normal;Seccionado;Regional Sul;76
3821;CATARINENSE;LAGES;LAGES (SC) - JOINVILLE (SC) (COMUM);FLORIANOPOLIS - CONCORDIA;349,29;CONVENCIONAL;DETER/SC;RODOVIARIO          ;1;46;170-0;3;LAGES (SC) - JOINVILLE (SC) (COMUM);349,29;Vedetes;Normal;Seccionado;Regional Sul;349,3
3822;CATARINENSE;ITAJAI;BLUMENAU (SC) - BALNEARIO CAMBORIU (SC) (COMUM);FLORIANOPOLIS - BLUMENAU;67,71;CONVENCIONAL;DETER/SC;RODOVIARIO          ;1;46;251-0;3;BLUMENAU (SC) - BALNEARIO CAMBORIU (SC) (COMUM);67,71;Demais Mercados;Normal;Seccionado;Regional Sul;67,72
3823;CATARINENSE;RIO DO SUL;ITUPORANGA (SC) - BALNEARIO CAMBORIU (SC);FLORIANOPOLIS - CONCORDIA;197,38;CONVENCIONAL;DETER/SC;RODOVIARIO          ;1;46;255-0;3;ITUPORANGA (SC) - BALNEARIO CAMBORIU (SC);197,38;Demais Mercados;Normal;Seccionado;Regional Sul;197,39
3824;CATARINENSE;FLORIANOPOLIS;FLORIANOPOLIS (SC) - JARAGUA DO SUL (SC) (COMUM);FLORIANOPOLIS - MAFRA;218,93;CONVENCIONAL;DETER/SC;RODOVIARIO          ;1;46;264-0;3;FLORIANOPOLIS (SC) - JARAGUA DO SUL (SC) (COMUM);218,93;Vedetes;Normal;Seccionado;Regional Sul;218,93
3825;CATARINENSE;LAGES;OTACILIO COSTA (SC) - LAGES (SC) (COMUM);FLORIANOPOLIS - CONCORDIA;40,39;CONVENCIONAL;DETER/SC;RODOVIARIO          ;1;46;297-0;3;OTACILIO COSTA (SC) - LAGES (SC) (COMUM);40,39;Demais Mercados;Normal;Seccionado;Regional Sul;40,4
3826;CATARINENSE;FLORIANOPOLIS;MAFRA (SC) - FLORIANOPOLIS (SC) (COMUM);FLORIANOPOLIS - MAFRA;337,3;CONVENCIONAL;DETER/SC;RODOVIARIO          ;1;46;305-0;3;MAFRA (SC) - FLORIANOPOLIS (SC) (COMUM);337,3;Vedetes;Normal;Seccionado;Regional Sul;337,3
3828;CATARINENSE;LAGES;LAGES (SC) - BLUMENAU (SC) (COMUM);FLORIANOPOLIS - CONCORDIA;230,65;CONVENCIONAL;DETER/SC;RODOVIARIO          ;1;46;307-0;3;LAGES (SC) - BLUMENAU (SC) (COMUM);230,65;Demais Mercados;Normal;Seccionado;Regional Sul;230,65
3829;CATARINENSE;LAGES;LAGES (SC) - BALNEARIO CAMBORIU (SC) (COMUM);FLORIANOPOLIS - CONCORDIA;298,37;CONVENCIONAL;DETER/SC;RODOVIARIO          ;1;46;311-0;3;LAGES (SC) - BALNEARIO CAMBORIU (SC) (COMUM);298,37;Vedetes;Normal;Seccionado;Regional Sul;298,37
3834;CATARINENSE;BLUMENAU;RIO DO SUL (SC) - BLUMENAU (SC) (COMUM);FLORIANOPOLIS - CONCORDIA;101,67;CONVENCIONAL;DETER/SC;RODOVIARIO          ;1;46;345-0;3;RIO DO SUL (SC) - BLUMENAU (SC) (COMUM);101,67;Demais Mercados;Normal;Seccionado;Regional Sul;101,67
3836;CATARINENSE;BLUMENAU;TAIO (SC) - BLUMENAU (SC) (COMUM);FLORIANOPOLIS - MAFRA;171,03;CONVENCIONAL;DETER/SC;RODOVIARIO          ;1;46;394-0;3;TAIO (SC) - BLUMENAU (SC) (COMUM);171,03;Demais Mercados;Normal;Seccionado;Regional Sul;171,03
3839;CATARINENSE;FLORIANOPOLIS;TAIO (SC) - FLORIANOPOLIS (SC) (COMUM);FLORIANOPOLIS - MAFRA;303,75;CONVENCIONAL;DETER/SC;RODOVIARIO          ;1;46;479-1;3;TAIO (SC) - FLORIANOPOLIS (SC) (COMUM);303,75;Vedetes;Normal;Seccionado;Regional Sul;303,75
3842;CATARINENSE;BLUMENAU;BLUMENAU (SC) - FLORIANOPOLIS (SC) (COMUM);FLORIANOPOLIS - BLUMENAU;154,25;CONVENCIONAL;DETER/SC;RODOVIARIO          ;1;46;568-0;3;BLUMENAU (SC) - FLORIANOPOLIS (SC) (COMUM);154,25;Demais Mercados;Normal;Direto;Regional Sul;154,25
3844;CATARINENSE;FLORIANOPOLIS;FLORIANOPOLIS (SC) - JOINVILLE (SC) (COMUM);FLORIANOPOLIS - JOINVILLE;186,12;CONVENCIONAL;DETER/SC;RODOVIARIO          ;1;46;569-0;3;FLORIANOPOLIS (SC) - JOINVILLE (SC) (COMUM);186,12;Vedetes;Normal;Seccionado;Regional Sul;186,12
3845;CATARINENSE;BLUMENAU;BLUMENAU (SC) - JOINVILLE (SC) (COMUM);FLORIANOPOLIS - BLUMENAU;116,13;CONVENCIONAL;DETER/SC;RODOVIARIO          ;1;46;596-0;3;BLUMENAU (SC) - JOINVILLE (SC) (COMUM);116,13;Demais Mercados;Normal;Seccionado;Regional Sul;116,13
3846;CATARINENSE;JOINVILLE;RIO DO SUL (SC) - JOINVILLE (SC) (COMUM);FLORIANOPOLIS - MAFRA;192,24;CONVENCIONAL;DETER/SC;RODOVIARIO          ;1;46;597-0;3;RIO DO SUL (SC) - JOINVILLE (SC) (COMUM);192,24;Demais Mercados;Normal;Seccionado;Regional Sul;192,24
3847;CATARINENSE;ITAJAI;PICARRAS (SC) - ITAJAI (SC) (COMUM);FLORIANOPOLIS - BLUMENAU;27,85;CONVENCIONAL;DETER/SC;RODOVIARIO          ;1;46;598-0;3;PICARRAS (SC) - ITAJAI (SC) (COMUM);27,85;Vedetes;Normal;Seccionado;Regional Sul;27,86
3848;CATARINENSE;BLUMENAU;PICARRAS (SC) - BLUMENAU (SC) (COMUM);FLORIANOPOLIS - BLUMENAU;88;CONVENCIONAL;DETER/SC;RODOVIARIO          ;1;46;599-0;3;PICARRAS (SC) - BLUMENAU (SC) (COMUM);88;Demais Mercados;Normal;Seccionado;Regional Sul;88
3849;CATARINENSE;BLUMENAU;PICARRAS (SC) - BLUMENAU (SC) (COMUM);FLORIANOPOLIS - BLUMENAU;87,15;CONVENCIONAL;DETER/SC;RODOVIARIO          ;1;46;599-1;3;PICARRAS (SC) - BLUMENAU (SC) (COMUM);87,15;Demais Mercados;Normal;Seccionado;Regional Sul;87,15
3851;CATARINENSE;JOINVILLE;BARRA VELHA (SC) - JOINVILLE (SC) (COMUM);FLORIANOPOLIS - JOINVILLE;49;CONVENCIONAL;DETER/SC;RODOVIARIO          ;1;46;636-0;3;BARRA VELHA (SC) - JOINVILLE (SC) (COMUM);49;Vedetes;Normal;Seccionado;Regional Sul;49
3853;CATARINENSE;JOINVILLE;JOINVILLE (SC) - FLORIANOPOLIS (SC);FLORIANOPOLIS - JOINVILLE;183,08;SEMIDIRETO;DETER/SC;RODOVIARIO          ;1;46;686-0;3;JOINVILLE (SC) - FLORIANOPOLIS (SC);183,08;Vedetes;Normal;Seccionado;Regional Sul;183,08
3854;CATARINENSE;BLUMENAU;BLUMENAU (SC) - FLORIANOPOLIS (SC);FLORIANOPOLIS - BLUMENAU;154,25;SEMIDIRETO;DETER/SC;RODOVIARIO          ;1;46;687-0;3;BLUMENAU (SC) - FLORIANOPOLIS (SC);154,25;Demais Mercados;Normal;Seccionado;Regional Sul;154,26
3855;CATARINENSE;FLORIANOPOLIS;FLORIANOPOLIS (SC) - JARAGUA DO SUL (SC);FLORIANOPOLIS - MAFRA;185,91;SEMIDIRETO;DETER/SC;RODOVIARIO          ;1;46;688-0;3;FLORIANOPOLIS (SC) - JARAGUA DO SUL (SC);185,91;Vedetes;Normal;Seccionado;Regional Sul;185,91
3857;CATARINENSE;FLORIANOPOLIS;CONCORDIA (SC) - JOINVILLE (SC) (COMUM);FLORIANOPOLIS - CONCORDIA;534,85;CONVENCIONAL;DETER/SC;RODOVIARIO          ;1;46;711-0;3;CONCORDIA (SC) - JOINVILLE (SC) (COMUM);534,85;Vedetes;Normal;Seccionado;Regional Sul;534,85
3858;CATARINENSE;LAGES;OTACILIO COSTA (SC) - FLORIANOPOLIS (SC);FLORIANOPOLIS - CONCORDIA;340,11;CONVENCIONAL;DETER/SC;RODOVIARIO          ;1;46;726-0;3;OTACILIO COSTA (SC) - FLORIANOPOLIS (SC);340,11;Vedetes;Normal;Seccionado;Regional Sul;340,11
3859;CATARINENSE;BLUMENAU;MAFRA (SC) - BLUMENAU (SC) (COMUM);BLUMENAU - MAFRA;183,49;CONVENCIONAL;DETER/SC;RODOVIARIO          ;1;46;730-0;3;MAFRA (SC) - BLUMENAU (SC) (COMUM);183,49;Demais Mercados;Normal;Seccionado;Regional Sul;183,49
3861;CATARINENSE;RIO DO SUL;RIO DO SUL (SC) - SAO BENTO DO SUL (SC);BLUMENAU - MAFRA;206,91;CONVENCIONAL;DETER/SC;RODOVIARIO          ;1;46;810-0;3;RIO DO SUL (SC) - SAO BENTO DO SUL (SC);206,91;Demais Mercados;Normal;Seccionado;Regional Sul;206,91
3864;CATARINENSE;LAGES;LAGES (SC) - BLUMENAU / BLUMENAU - FLORIANOPOLIS (SC);FLORIANOPOLIS - CONCORDIA;384,91;CONVENCIONAL;DETER/SC;RODOVIARIO          ;1;46;307-0 13-0;3;LAGES (SC) - BLUMENAU / BLUMENAU - FLORIANOPOLIS (SC);384,91;Vedetes;Normal;Seccionado;Regional Sul;384,91
3892;WEMOBI;WEMOBI;RIO DE JANEIRO (RJ) - SAO PAULO (SP);WEMOBI;452;COMFORT POP EXECUTIVO;ANTT;RODOVIARIO          ;1;46;07-0177-61;3;RIO DE JANEIRO (RJ) - SAO PAULO (SP);452;Demais Mercados;Normal;Direto;WEMOBI;452
3949;CATARINENSE;BALNEARIO CAMBORIU;BALNEARIO CAMBORIU (SC) - CURITIBA (PR);CURITIBA - LITORAL SC;224,09;CONVENCIONAL;ANTT;RODOVIARIO          ;1;46;16-0004-00;3;BALNEARIO CAMBORIU (SC) - CURITIBA (PR);224,09;Vedetes;Normal;Seccionado;Regional Sul;224,1
3954;CATARINENSE;CURITIBA;CURITIBA (PR) - SANTA MARIA (RS);CURITIBA - SANTA MARIA ;1045,14;CONV. DD;ANTT;RODOVIARIO          ;1;46;09-0397-00;3;CURITIBA (PR) - SANTA MARIA (RS);1045,14;Demais Mercados;Normal;Seccionado;Regional Sul;1045,14
3958;CATARINENSE;CURITIBA;CURITIBA (PR) - FLORIANOPOLIS (SC) DIRETO;CURITIBA - LITORAL SC;297,14;CONVENCIONAL;ANTT;RODOVIARIO          ;1;46;09-0378-00;3;CURITIBA (PR) - FLORIANOPOLIS (SC) DIRETO;297,14;Vedetes;Frequência Mínima;Seccionado;Regional Sul;297,15
3960;CATARINENSE;CURITIBA;BALNEARIO CAMBORIU (SC) - SANTA MARIA (RS);CURITIBA - SANTA MARIA ;792,44;CONV. DD;ANTT;RODOVIARIO          ;1;46;16-0135-00;3;BALNEARIO CAMBORIU (SC) - SANTA MARIA (RS);792,44;Demais Mercados;Normal;Seccionado;Regional Sul;792,44
3994;CATARINENSE;FLORIANOPOLIS;BOMBINHAS (SC) - BLUMENAU (SC);CURITIBA - LITORAL SC;105,25;CONVENCIONAL;DETER/SC;RODOVIARIO;1;46;665-0;3;BOMBINHAS (SC) - BLUMENAU (SC);105,25;;;;Regional Sul;105,25
4101;EXPRESSO;EXPRESSO DO SUL;SAO PAULO (SP) - RIO DE JANEIRO (RJ);SAO PAULO - RIO DE JANEIRO;433,8;EXECUTIVO;ANTT;RODOVIARIO          ;1;46;08-0097-61;4;SAO PAULO (SP) - RIO DE JANEIRO (RJ);433,8;Vedetes;Normal;Direto;Regional SP - ANTT;433,8
4102;WEMOBI;WEMOBI;CURITIBA (PR) - FLORIANOPOLIS (SC);WEMOBI;302,69;POP;ANTT;RODOVIARIO          ;1;46;9023561;4;CURITIBA (PR) - FLORIANOPOLIS (SC);302,69;Demais Mercados;Normal;Direto;WEMOBI;302,7
4104;EXPRESSO;EXPRESSO DO SUL;CURITIBA (PR) - FLORIANOPOLIS (SC) DIRETO;OUTROS MERCADOS;302,69;CONVENCIONAL;ANTT;RODOVIARIO          ;1;46;09-0235-00;4;CURITIBA (PR) - FLORIANOPOLIS (SC) DIRETO;302,69;Demais Mercados;Frequência Mínima;Direto;Regional SP - ANTT;302,7
4105;EXPRESSO;EXPRESSO DO SUL;SAO PAULO (SP) - RIO DE JANEIRO (RJ);SAO PAULO - RIO DE JANEIRO;433,8;EXECUTIVO;ANTT;RODOVIARIO          ;1;46;08-0097-61;4;SAO PAULO (SP) - RIO DE JANEIRO (RJ);433,8;Vedetes;Normal;Direto;Regional SP - ANTT;433,8
4106;EXPRESSO;EXPRESSO DO SUL;SAO PAULO (SP) - RIO DE JANEIRO (RJ);SAO PAULO - RIO DE JANEIRO;433,8;CONVENCIONAL;ANTT;RODOVIARIO          ;1;46;08-0097-00;4;SAO PAULO (SP) - RIO DE JANEIRO (RJ);433,8;Vedetes;Frequência Mínima;Direto;Regional SP - ANTT;433,8
4133;EXPRESSO;EXPRESSO DO SUL;BALNEARIO CAMBORIU (SC) - SAO PAULO (SP);OUTROS MERCADOS;636,39;CONVENCIONAL;ANTT;RODOVIARIO          ;1;46;16-0065-00;4;BALNEARIO CAMBORIU (SC) - SAO PAULO (SP);636,39;Demais Mercados;Frequência Mínima;Direto;Regional SP - ANTT;636,4
4134;EXPRESSO;EXPRESSO DO SUL;CURITIBA (PR) - SANTA CECILIA (SC);OUTROS MERCADOS;251,19;CONVENCIONAL;ANTT;RODOVIARIO          ;1;46;09-0236-00;4;CURITIBA (PR) - SANTA CECILIA (SC);251,19;Demais Mercados;Normal;Seccionado;Regional SP - ANTT;251,2
4140;EXPRESSO;EXPRESSO DO SUL;SAO PAULO (SP) - RIO DE JANEIRO (RJ);SAO PAULO - RIO DE JANEIRO;433,8;SEMI LEITO;ANTT;RODOVIARIO          ;1;46;08-0097-00;4;SAO PAULO (SP) - RIO DE JANEIRO (RJ);433,8;Demais Mercados;Normal;Seccionado;Regional SP - ANTT;433,8
4142;EXPRESSO;EXPRESSO DO SUL;SAO PAULO (SP) - RIO DE JANEIRO (RJ);SAO PAULO - RIO DE JANEIRO;433,8;SEMILTO. DD;ANTT;RODOVIARIO          ;1;46;08-0097-31;4;SAO PAULO (SP) - RIO DE JANEIRO (RJ);433,8;Vedetes;Normal;Direto;Regional SP - ANTT;433,8
4151;WEMOBI;WEMOBI;CURITIBA (PR) - FLORIANOPOLIS (SC);WEMOBI;0;COMFORT EXECUTIVO;ANTT;RODOVIARIO          ;0;46;09-0235-61;4;CURITIBA (PR) - FLORIANOPOLIS (SC);0;Demais Mercados;Normal;Direto;WEMOBI;302,7
4195;EXPRESSO;EXPRESSO DO SUL;CURITIBA (PR) - FLORIANOPOLIS (SC) DIRETO;OUTROS MERCADOS;302,69;EXECUTIVO;ANTT;RODOVIARIO          ;1;46;09-0235-61;4;CURITIBA (PR) - FLORIANOPOLIS (SC) DIRETO;302,69;Demais Mercados;Normal;Direto;Regional SP - ANTT;302,7
4201;WEMOBI;WEMOBI;CURITIBA (PR) - FLORIANOPOLIS (SC);WEMOBI;302,69;COMFORT EXECUTIVO;ANTT;RODOVIARIO          ;1;46;9023561;4;CURITIBA (PR) - FLORIANOPOLIS (SC);302,69;Demais Mercados;Normal;Direto;WEMOBI;302,7
4246;EXPRESSO;EXPRESSO DO SUL;SAO PAULO (SP) - RIO DE JANEIRO (RJ);SAO PAULO - RIO DE JANEIRO;434,8;CONVENCIONAL;ANTT;RODOVIARIO          ;1;46;08-0097-00;4;SAO PAULO (SP) - RIO DE JANEIRO (RJ);434,8;Vedetes;Normal;Direto;Regional SP - ANTT;434,8
4436;EXPRESSO;EXPRESSO DO SUL;EMBU DAS ARTES (SP) - RIO DE JANEIRO (RJ);SAO PAULO - RIO DE JANEIRO;433,8;EXECUTIVO;ANTT;RODOVIARIO          ;1;46;8009761;4;EMBU DAS ARTES (SP) - RIO DE JANEIRO (RJ);433,8;Vedetes;Normal;Direto;Regional SP - ANTT;433,8
4729;EXPRESSO;EXPRESSO DO SUL;SAO PAULO (SP) - RIO DE JANEIRO (RJ);SAO PAULO - RIO DE JANEIRO;433,8;CONV. DD;ANTT;RODOVIARIO          ;1;46;08-0097-00;4;SAO PAULO (SP) - RIO DE JANEIRO (RJ);433,8;Vedetes;Normal;Direto;Regional SP - ANTT;433,8
4731;EXPRESSO;EXPRESSO DO SUL;EMBU DAS ARTES (SP) - RIO DE JANEIRO (RJ);SAO PAULO - RIO DE JANEIRO;433,8;CONV. DD;ANTT;RODOVIARIO          ;1;46;08-0097-00;4;EMBU DAS ARTES (SP) - RIO DE JANEIRO (RJ);433,8;Vedetes;Normal;Direto;Regional SP - ANTT;433,8
4836;EXPRESSO;EXPRESSO DO SUL;EMBU DAS ARTES (SP) - RIO DE JANEIRO (RJ);SAO PAULO - RIO DE JANEIRO;433,8;CONVENCIONAL;ANTT;RODOVIARIO          ;1;46;08-0097-00;4;EMBU DAS ARTES (SP) - RIO DE JANEIRO (RJ);433,8;Vedetes;Normal;Direto;Regional SP - ANTT;433,8
4852;WEMOBI;WEMOBI;CURITIBA (PR) - FLORIANOPOLIS (SC);WEMOBI;302,7;COMFORT POP EXECUTIVO;ANTT;RODOVIARIO          ;1;46;09-0235-61;4;CURITIBA (PR) - FLORIANOPOLIS (SC);302,7;Demais Mercados;Normal;Direto;WEMOBI;302,7
6057;RAPIDO;SAO PAULO;RIBEIRAO PRETO (SP) - SAO PAULO (SP);RAPIDO R. PRETO;319;CONVENCIONAL;ARTESP;RODOVIARIO          ;1;46;6267-01;6;RIBEIRAO PRETO (SP) - SAO PAULO (SP);319;Demais Mercados;Normal;Direto;Regional SP - Interior;319
6066;RAPIDO;SAO PAULO;SERTAOZINHO (SP) - SAO PAULO (SP);RAPIDO R. PRETO;342;CONVENCIONAL;ARTESP;RODOVIARIO          ;1;46;6267-02;6;SERTAOZINHO (SP) - SAO PAULO (SP);342;Demais Mercados;Normal;Seccionado;Regional SP - Interior;342
7002;COMETA;CAMPINAS;SAO PAULO (SP) - CAMPINAS (SP) (VIA ANHANGUERA);SAO PAULO - CAMPINAS - POCOS ;104;CONVENCIONAL;ARTESP;RODOVIARIO          ;1;46;728;7;SAO PAULO (SP) - CAMPINAS (SP) (VIA ANHANGUERA);104;Demais Mercados;Normal;Direto;Regional SP - Curtas;104
7003;COMETA;JUNDIAI;SAO PAULO (SP) - JUNDIAI (SP) (VIA ANHANGUERA);SAO PAULO - JUNDIAI;59;CONVENCIONAL;ARTESP;RODOVIARIO          ;1;46;1088-01;7;SAO PAULO (SP) - JUNDIAI (SP) (VIA ANHANGUERA);59;Demais Mercados;Normal;Direto;Regional SP - Curtas;59
7006;COMETA;POCOS DE CALDAS;SAO PAULO (SP) - AGUAS DA PRATA (SP);SAO PAULO - CAMPINAS - POCOS ;247;CONVENCIONAL;ARTESP;RODOVIARIO          ;1;46;770;7;SAO PAULO (SP) - AGUAS DA PRATA (SP);247;Demais Mercados;Normal;Seccionado;Regional SP - Curtas;247
7009;COMETA;RIBEIRAO PRETO;RIBEIRAO PRETO (SP) - PRAIA GRANDE (SP);INTERIOR SP - BAIXADA SANTISTA;443,75;LITORANEO;ARTESP;RODOVIARIO          ;1;46;9253;7;RIBEIRAO PRETO (SP) - PRAIA GRANDE (SP);443,75;Demais Mercados;Normal;Seccionado;Regional SP - Interior;443,75
7012;COMETA;ITAPETININGA;SAO PAULO (SP) - TATUI (SP);SAO PAULO - ITAPETININGA;140,8;CONVENCIONAL;ARTESP;RODOVIARIO          ;1;46;6142-01;7;SAO PAULO (SP) - TATUI (SP);140,8;Demais Mercados;Normal;Seccionado;Regional SP - Curtas;140,8
7014;COMETA;SOROCABA;SAO PAULO (SP) - SOROCABA (SP);SAO PAULO - SOROCABA;94,79;CONVENCIONAL;ARTESP;RODOVIARIO          ;1;46;607;7;SAO PAULO (SP) - SOROCABA (SP);94,79;Demais Mercados;Normal;Seccionado;Regional SP - Curtas;94,8
7020;COMETA;SAO JOSE DO RIO PRETO;CAMPINAS (SP) - SAO JOSE DO RIO PRETO (SP);CAMPINAS - INTERIOR SP;357;CONVENCIONAL;ARTESP;RODOVIARIO          ;1;46;7095-01;7;CAMPINAS (SP) - SAO JOSE DO RIO PRETO (SP);357;Demais Mercados;Normal;Seccionado;Regional SP - Interior;357
7021;COMETA;SAO JOSE DO RIO PRETO;SAO PAULO (SP) - SAO JOSE DO RIO PRETO (SP);SAO PAULO - SAO JOSE DO RIO PRETO;435;CONVENCIONAL;ARTESP;RODOVIARIO          ;1;46;1384-03;7;SAO PAULO (SP) - SAO JOSE DO RIO PRETO (SP);435;Vedetes;Normal;Seccionado;Regional SP - Interior;435
7022;COMETA;ARARAQUARA;SAO PAULO (SP) - ARARAQUARA (SP);SAO PAULO - ARARAQUARA;278;CONVENCIONAL;ARTESP;RODOVIARIO          ;1;46;6858-01;7;SAO PAULO (SP) - ARARAQUARA (SP);278;Vedetes;Normal;Seccionado;Regional SP - Interior;278
7023;COMETA;SAO JOSE DO RIO PRETO;SAO PAULO (SP) - CATANDUVA (SP);SAO PAULO - SAO JOSE DO RIO PRETO;435;CONVENCIONAL;ARTESP;RODOVIARIO          ;1;46;7903-01;7;SAO PAULO (SP) - CATANDUVA (SP);435;Vedetes;Normal;Seccionado;Regional SP - Interior;435
7025;COMETA;CURITIBA;SAO PAULO (SP) - CURITIBA (PR);SAO PAULO - CURITIBA;431,1;CONVENCIONAL;ANTT;RODOVIARIO          ;1;46;08-0062-00;7;SAO PAULO (SP) - CURITIBA (PR);431,1;Vedetes;Frequência Mínima;Seccionado;Regional SP - ANTT;431,1
7026;COMETA;SOROCABA;BARRA FUNDA (SP) - SOROCABA (SP) (ECONOMICO);SAO PAULO - SOROCABA;94,79;CONVENCIONAL;ARTESP;RODOVIARIO          ;1;46;607;7;BARRA FUNDA (SP) - SOROCABA (SP) (ECONOMICO);94,79;Demais Mercados;Normal;Seccionado;Regional SP - Curtas;92,8
7027;COMETA;JUIZ DE FORA;SAO PAULO (SP) - JUIZ DE FORA (MG);SAO PAULO - SUL DE MINAS;513,7;CONVENCIONAL;ANTT;RODOVIARIO          ;1;46;08-0063-00;7;SAO PAULO (SP) - JUIZ DE FORA (MG);513,7;Demais Mercados;Frequência Mínima;Seccionado;Regional SP - ANTT;513,7
7028;COMETA;JUIZ DE FORA;JUIZ DE FORA (MG) - SAO PAULO (SP);SAO PAULO - SUL DE MINAS;495,61;CONVENCIONAL;ANTT;RODOVIARIO          ;1;46;06-0316-00;7;JUIZ DE FORA (MG) - SAO PAULO (SP);495,61;Demais Mercados;Frequência Mínima;Seccionado;Regional SP - ANTT;495,61
7029;COMETA;BELO HORIZONTE;SAO PAULO (SP) - BELO HORIZONTE (MG);SAO PAULO - BELO HORIZONTE;595,1;CONVENCIONAL;ANTT;RODOVIARIO          ;1;46;08-0056-00;7;SAO PAULO (SP) - BELO HORIZONTE (MG);595,1;Vedetes;Frequência Mínima;Seccionado;Regional SP - ANTT;595,1
7030;COMETA;BELO HORIZONTE;BELO HORIZONTE (MG) - RIO DE JANEIRO (RJ);BELO HORIZONTE - RIO DE JANEIRO;442,3;CONVENCIONAL;ANTT;RODOVIARIO          ;1;46;06-0305-00;7;BELO HORIZONTE (MG) - RIO DE JANEIRO (RJ);442,3;Vedetes;Frequência Mínima;Seccionado;Regional SP - ANTT;442,3
7031;COMETA;POCOS DE CALDAS;POCOS DE CALDAS (MG) - RIO DE JANEIRO (RJ);INTERIOR SP MG - RIO DE JANEIRO;484,8;CONVENCIONAL;ANTT;RODOVIARIO          ;1;46;06-0306-00;7;POCOS DE CALDAS (MG) - RIO DE JANEIRO (RJ);484,8;Demais Mercados;Frequência Mínima;Seccionado;Regional SP - ANTT;484,8
7032;COMETA;CAMPINAS;CAMPINAS (SP) - RIO DE JANEIRO (RJ);INTERIOR SP MG - RIO DE JANEIRO;503,69;CONVENCIONAL;ANTT;RODOVIARIO          ;1;46;08-0044-00;7;CAMPINAS (SP) - RIO DE JANEIRO (RJ);503,69;Demais Mercados;Frequência Mínima;Seccionado;Regional SP - ANTT;503,7
7035;COMETA;BELO HORIZONTE;BELO HORIZONTE (MG) - CURITIBA (PR);SAO PAULO - BELO HORIZONTE;1015,96;CONVENCIONAL;ANTT;RODOVIARIO          ;1;46;06-0304-00;7;BELO HORIZONTE (MG) - CURITIBA (PR);1015,96;Vedetes;Frequência Mínima;Seccionado;Regional SP - ANTT;1015,96
7036;COMETA;JUIZ DE FORA;SAO PAULO (SP) - JUIZ DE FORA (MG) DIRETO;SAO PAULO - SUL DE MINAS;505,19;EXECUTIVO;ANTT;RODOVIARIO          ;1;46;08-0064-60;7;SAO PAULO (SP) - JUIZ DE FORA (MG) DIRETO;505,19;Demais Mercados;Normal;Seccionado;Regional SP - ANTT;505,19
7037;COMETA;BELO HORIZONTE;SANTOS (SP) - BELO HORIZONTE (MG);SAO PAULO - BELO HORIZONTE;739,39;CONVENCIONAL;ANTT;RODOVIARIO          ;1;46;08-0049-00;7;SANTOS (SP) - BELO HORIZONTE (MG);739,39;Vedetes;Normal;Seccionado;Regional SP - ANTT;739,4
7038;COMETA;CAMPINAS;PIRACICABA (SP) - RIO DE JANEIRO (RJ);INTERIOR SP MG - RIO DE JANEIRO;558,89;CONVENCIONAL;ANTT;RODOVIARIO          ;1;46;08-0047-00;7;PIRACICABA (SP) - RIO DE JANEIRO (RJ);558,89;Demais Mercados;Frequência Mínima;Seccionado;Regional SP - ANTT;558,9
7045;COMETA;JUIZ DE FORA;JUIZ DE FORA (MG) - SANTOS (SP);SAO PAULO - SUL DE MINAS;504,93;CONVENCIONAL;ANTT;RODOVIARIO          ;1;46;06-0315-00;7;JUIZ DE FORA (MG) - SANTOS (SP);504,93;Demais Mercados;Normal;Seccionado;Regional SP - ANTT;504,93
7046;COMETA;BELO HORIZONTE;SOROCABA (SP) - BELO HORIZONTE (MG);SAO PAULO - BELO HORIZONTE;684,07;CONVENCIONAL;ANTT;RODOVIARIO          ;1;46;08-0069-00;7;SOROCABA (SP) - BELO HORIZONTE (MG);684,07;Vedetes;Frequência Mínima;Seccionado;Regional SP - ANTT;684,07
7047;COMETA;JUIZ DE FORA;SAO PAULO (SP) - JUIZ DE FORA (MG) (VIA. M. BARBOSA);SAO PAULO - SUL DE MINAS;520,29;CONVENCIONAL;ANTT;RODOVIARIO          ;1;46;08-0065-00;7;SAO PAULO (SP) - JUIZ DE FORA (MG) (VIA. M. BARBOSA);520,29;Demais Mercados;Normal;Seccionado;Regional SP - ANTT;520,3
7048;COMETA;BELO HORIZONTE;BELO HORIZONTE (MG) - RIO DE JANEIRO (RJ);BELO HORIZONTE - RIO DE JANEIRO;442,3;EXECUTIVO;ANTT;RODOVIARIO          ;1;46;06-0305-61;7;BELO HORIZONTE (MG) - RIO DE JANEIRO (RJ);442,3;Vedetes;Normal;Seccionado;Regional SP - ANTT;442,3
7053;COMETA;BELO HORIZONTE;SAO PAULO (SP) - BELO HORIZONTE (MG);SAO PAULO - BELO HORIZONTE;595,1;EXECUTIVO;ANTT;RODOVIARIO          ;1;46;08-0056-61;7;SAO PAULO (SP) - BELO HORIZONTE (MG);595,1;Vedetes;Normal;Seccionado;Regional SP - ANTT;595,1
7055;COMETA;RIBEIRAO PRETO;ABC (SP) - RIBEIRAO PRETO (SP);SAO PAULO - RIBEIRAO PRETO;341;CONVENCIONAL;ARTESP;RODOVIARIO          ;1;46;6376;7;ABC (SP) - RIBEIRAO PRETO (SP);341;Vedetes;Normal;Seccionado;Regional SP - Interior;341
7056;COMETA;RIBEIRAO PRETO;CAMPINAS (SP) - SERTAOZINHO (SP);CAMPINAS - INTERIOR SP;248;CONVENCIONAL;ARTESP;RODOVIARIO          ;1;46;9189;7;CAMPINAS (SP) - SERTAOZINHO (SP);248;Demais Mercados;Normal;Seccionado;Regional SP - Interior;248
7057;COMETA;BELO HORIZONTE;SAO PAULO (SP) - BELO HORIZONTE (MG);SAO PAULO - BELO HORIZONTE;590,5;CONVENCIONAL;ANTT;RODOVIARIO          ;1;46;08-0056-00;7;SAO PAULO (SP) - BELO HORIZONTE (MG);590,5;Vedetes;Normal;Seccionado;Regional SP - ANTT;590,5
7058;COMETA;BELO HORIZONTE;EMBU DAS ARTES (SP) - BELO HORIZONTE (MG);SAO PAULO - BELO HORIZONTE;595,1;CONVENCIONAL;ANTT;RODOVIARIO          ;1;46;08-0056-00;7;EMBU DAS ARTES (SP) - BELO HORIZONTE (MG);595,1;Vedetes;Normal;Seccionado;Regional SP - ANTT;595,1
7060;COMETA;SAO JOSE DO RIO PRETO;SAO JOSE DO RIO PRETO (SP) - PRAIA GRANDE (SP);INTERIOR SP - BAIXADA SANTISTA;536,2;LITORANEO;ARTESP;RODOVIARIO          ;1;46;9414-01;7;SAO JOSE DO RIO PRETO (SP) - PRAIA GRANDE (SP);536,2;Demais Mercados;Normal;Seccionado;Regional SP - Interior;536,2
7061;COMETA;CAMPINAS;SAO PAULO (SP) - CAMPINAS (SP) (VIA BANDEIRANTES);SAO PAULO - CAMPINAS - POCOS ;104;CONVENCIONAL;ARTESP;RODOVIARIO          ;1;46;9413;7;SAO PAULO (SP) - CAMPINAS (SP) (VIA BANDEIRANTES);104;Demais Mercados;Normal;Seccionado;Regional SP - Curtas;104
7062;COMETA;SAO JOSE DO RIO PRETO;SAO PAULO (SP) - SAO JOSE DO RIO PRETO (SP);SAO PAULO - SAO JOSE DO RIO PRETO;435;CONVENCIONAL;ARTESP;RODOVIARIO          ;1;46;1384-01;7;SAO PAULO (SP) - SAO JOSE DO RIO PRETO (SP);435;Vedetes;Normal;Seccionado;Regional SP - Interior;435
7063;COMETA;SAO JOSE DO RIO PRETO;SAO PAULO (SP) - SAO JOSE DO RIO PRETO (SP);SAO PAULO - SAO JOSE DO RIO PRETO;435;CONVENCIONAL;ARTESP;RODOVIARIO          ;1;46;1384-03;7;SAO PAULO (SP) - SAO JOSE DO RIO PRETO (SP);435;Vedetes;Normal;Seccionado;Regional SP - Interior;435
7065;COMETA;JUNDIAI;SAO PAULO (SP) - JUNDIAI (SP) (VIA BANDEIRANTES);SAO PAULO - JUNDIAI;59;CONVENCIONAL;ARTESP;RODOVIARIO          ;1;46;1088-02;7;SAO PAULO (SP) - JUNDIAI (SP) (VIA BANDEIRANTES);59;Demais Mercados;Normal;Seccionado;Regional SP - Curtas;59
7066;COMETA;ARARAQUARA;SAO PAULO (SP) - ARARAQUARA (SP);SAO PAULO - ARARAQUARA;278;CONV. P1;ARTESP;RODOVIARIO;1;46;6858A-1;7;SAO PAULO (SP) - ARARAQUARA (SP);278;;;;Regional SP - Interior;278
7068;COMETA;CAMPINAS;CAMPINAS (SP) - PRAIA GRANDE (SP);INTERIOR SP - BAIXADA SANTISTA;228,75;LITORANEO;ARTESP;RODOVIARIO          ;1;46;7011-01;7;CAMPINAS (SP) - PRAIA GRANDE (SP);228,75;Demais Mercados;Normal;Seccionado;Regional SP - Curtas;228,75
7071;COMETA;SAO JOSE DO RIO PRETO;SAO PAULO (SP) - SAO JOSE DO RIO PRETO (SP);SAO PAULO - SAO JOSE DO RIO PRETO;435;CONVENCIONAL;ARTESP;RODOVIARIO          ;1;46;1384-03;7;SAO PAULO (SP) - SAO JOSE DO RIO PRETO (SP);435;Vedetes;Normal;Seccionado;Regional SP - Interior;435
7072;COMETA;POCOS DE CALDAS;AGUAS DA PRATA (SP) - POCOS DE CALDAS (MG);SAO PAULO - CAMPINAS - POCOS ;32;CONVENCIONAL;ANTT;RODOVIARIO          ;1;46;08-0192-00;7;AGUAS DA PRATA (SP) - POCOS DE CALDAS (MG);32;Demais Mercados;Frequência Mínima;Seccionado;Regional SP - Curtas;32
7073;COMETA;SAO JOSE DO RIO PRETO;SAO PAULO (SP) - SAO JOSE DO RIO PRETO (SP);SAO PAULO - SAO JOSE DO RIO PRETO;472,5;CONVENCIONAL;ARTESP;RODOVIARIO          ;1;46;1384-02;7;SAO PAULO (SP) - SAO JOSE DO RIO PRETO (SP);472,5;Vedetes;Normal;Seccionado;Regional SP - Interior;472,5
7074;COMETA;SOROCABA;SANTO ANDRE (SP) - SOROCABA (SP);SAO PAULO - SOROCABA;119,15;CONVENCIONAL;ARTESP;RODOVIARIO          ;1;46;607;7;SANTO ANDRE (SP) - SOROCABA (SP);119,15;Demais Mercados;Normal;Seccionado;Regional SP - Curtas;119,15
7075;COMETA;JUIZ DE FORA;PIRACICABA(SP) - JUIZ DE FORA (MG);OUTROS MERCADOS;604,7;CONVENCIONAL;ANTT;RODOVIARIO          ;1;46;08-0046-00;7;PIRACICABA(SP) - JUIZ DE FORA (MG);604,7;Demais Mercados;Frequência Mínima;Seccionado;Regional SP - ANTT;604,7
7076;COMETA;JUIZ DE FORA;RIBEIRAO PRETO (SP) - JUIZ DE FORA (MG);OUTROS MERCADOS;634,2;CONVENCIONAL;ANTT;RODOVIARIO          ;1;46;08-0048-00;7;RIBEIRAO PRETO (SP) - JUIZ DE FORA (MG);634,2;Demais Mercados;Frequência Mínima;Seccionado;Regional SP - ANTT;634,2
7077;COMETA;JUIZ DE FORA;SAO JOSE DO RIO PRETO (SP) - JUIZ DE FORA (MG);OUTROS MERCADOS;825,2;CONVENCIONAL;ANTT;RODOVIARIO          ;1;46;08-0051-00;7;SAO JOSE DO RIO PRETO (SP) - JUIZ DE FORA (MG);825,2;Demais Mercados;Frequência Mínima;Seccionado;Regional SP - ANTT;825,2
7078;COMETA;CURITIBA;JUNDIAI (SP) - CURITIBA (PR);SAO PAULO - CURITIBA;461,45;CONVENCIONAL;ANTT;RODOVIARIO          ;1;46;08-0045-00;7;JUNDIAI (SP) - CURITIBA (PR);461,45;Vedetes;Frequência Mínima;Seccionado;Regional SP - ANTT;461,46
7080;COMETA;VOLTA REDONDA;VOLTA REDONDA (RJ) - SAO PAULO (SP);SAO PAULO - VALE DO PARAIBA;316,89;CONVENCIONAL;ANTT;RODOVIARIO          ;1;46;07-0074-00;7;VOLTA REDONDA (RJ) - SAO PAULO (SP);316,89;Demais Mercados;Frequência Mínima;Seccionado;Regional SP - ANTT;316,9
7081;COMETA;VOLTA REDONDA;VOLTA REDONDA (RJ) - DIADEMA (SP);SAO PAULO - VALE DO PARAIBA;329,16;CONVENCIONAL;ANTT;RODOVIARIO          ;1;46;07-0076-00;7;VOLTA REDONDA (RJ) - DIADEMA (SP);329,16;Demais Mercados;Frequência Mínima;Seccionado;Regional SP - ANTT;329,16
7082;COMETA;CAXAMBU;SAO PAULO (SP) - SAO LOURENCO (MG);SAO PAULO - SUL DE MINAS;293,89;CONVENCIONAL;ANTT;RODOVIARIO          ;1;46;08-0068-00;7;SAO PAULO (SP) - SAO LOURENCO (MG);293,89;Demais Mercados;Frequência Mínima;Seccionado;Regional SP - ANTT;293,9
7083;COMETA;CAXAMBU;SAO PAULO (SP) - CAXAMBU (MG);SAO PAULO - SUL DE MINAS;302,6;CONVENCIONAL;ANTT;RODOVIARIO          ;1;46;08-0058-00;7;SAO PAULO (SP) - CAXAMBU (MG);302,6;Demais Mercados;Normal;Seccionado;Regional SP - ANTT;302,6
7085;COMETA;CAXAMBU;SAO PAULO (SP) - CONCEICAO DO RIO VERDE (MG);SAO PAULO - SUL DE MINAS;331;CONVENCIONAL;ANTT;RODOVIARIO          ;1;46;08-0060-00;7;SAO PAULO (SP) - CONCEICAO DO RIO VERDE (MG);331;Demais Mercados;Frequência Mínima;Seccionado;Regional SP - ANTT;331
7086;COMETA;CAXAMBU;SAO PAULO (SP) - CAXAMBU (MG) VIA SOLEDADE DE MINAS;SAO PAULO - SUL DE MINAS;320,1;CONVENCIONAL;ANTT;RODOVIARIO          ;1;46;08-0059-00;7;SAO PAULO (SP) - CAXAMBU (MG) VIA SOLEDADE DE MINAS;320,1;Demais Mercados;Frequência Mínima;Seccionado;Regional SP - ANTT;320,1
7088;COMETA;CAXAMBU;SAO PAULO (SP) - CRUZILIA (MG);SAO PAULO - SUL DE MINAS;326,1;CONVENCIONAL;ANTT;RODOVIARIO          ;1;46;08-0061-00;7;SAO PAULO (SP) - CRUZILIA (MG);326,1;Demais Mercados;Frequência Mínima;Seccionado;Regional SP - ANTT;326,1
7089;COMETA;CAXAMBU;SAO PAULO (SP) - ANDRELANDIA (MG);SAO PAULO - SUL DE MINAS;385,89;CONVENCIONAL;ANTT;RODOVIARIO          ;1;46;08-0055-00;7;SAO PAULO (SP) - ANDRELANDIA (MG);385,89;Demais Mercados;Frequência Mínima;Seccionado;Regional SP - ANTT;385,9
7091;COMETA;VOLTA REDONDA;VOLTA REDONDA (RJ) - SAO PAULO (SP);SAO PAULO - VALE DO PARAIBA;316,89;EXECUTIVO;ANTT;RODOVIARIO          ;1;46;07-0074-61;7;VOLTA REDONDA (RJ) - SAO PAULO (SP);316,89;Demais Mercados;Normal;Seccionado;Regional SP - ANTT;316,9
7095;COMETA;FRANCA;SAO PAULO (SP) (BRAS) - FRANCA (SP) (ESTACAO ROD);SAO PAULO - FRANCA;418;CONVENCIONAL;ARTESP;RODOVIARIO          ;1;46;0828-01;7;SAO PAULO (SP) (BRAS) - FRANCA (SP) (ESTACAO ROD);418;Vedetes;Normal;Seccionado;Regional SP - Interior;418
7096;COMETA;POCOS DE CALDAS;ABC (SP) - AGUAS DA PRATA (SP);SAO PAULO - CAMPINAS - POCOS ;269;CONVENCIONAL;ARTESP;RODOVIARIO          ;1;46;0770-01;7;ABC (SP) - AGUAS DA PRATA (SP);269;Demais Mercados;Normal;Seccionado;Regional SP - Curtas;269
7099;COMETA;SOROCABA;SAO MIGUEL ARCANJO (SP) - SAO PAULO (SP);SAO PAULO - SOROCABA;192;CONVENCIONAL;ARTESP;RODOVIARIO          ;1;46;24;7;SAO MIGUEL ARCANJO (SP) - SAO PAULO (SP);192;Demais Mercados;Normal;Seccionado;Regional SP - Curtas;192
7111;COMETA;ITAPETININGA;SAO PAULO (B) (SP) - ITAPETININGA (SP);SAO PAULO - ITAPETININGA;182;CONVENCIONAL;ARTESP;RODOVIARIO          ;1;46;8545;7;SAO PAULO (B) (SP) - ITAPETININGA (SP);182;Demais Mercados;Normal;Seccionado;Regional SP - Curtas;182
7128;COMETA;JUIZ DE FORA;SAO PAULO (SP) - JUIZ DE FORA (MG);SAO PAULO - SUL DE MINAS;513,7;EXECUTIVO;ANTT;RODOVIARIO          ;1;46;08-0063-61;7;SAO PAULO (SP) - JUIZ DE FORA (MG);513,7;Demais Mercados;Normal;Seccionado;Regional SP - ANTT;513,7
7131;COMETA;POCOS DE CALDAS;POCOS DE CALDAS (MG) - RIO DE JANEIRO (RJ);INTERIOR SP MG - RIO DE JANEIRO;484,8;EXECUTIVO;ANTT;RODOVIARIO          ;1;46;06-0306-61;7;POCOS DE CALDAS (MG) - RIO DE JANEIRO (RJ);484,8;Demais Mercados;Normal;Seccionado;Regional SP - ANTT;484,8
7133;COMETA;ITAPETININGA;SAO PAULO (SP) - ITAPETININGA (SP);SAO PAULO - ITAPETININGA;182;EXECUTIVO;ARTESP;RODOVIARIO          ;1;46;737;7;SAO PAULO (SP) - ITAPETININGA (SP);182;Demais Mercados;Normal;Seccionado;Regional SP - Curtas;182
7141;COMETA;CURITIBA;SAO PAULO (SP) - CURITIBA (PR);SAO PAULO - CURITIBA;431,1;EXECUTIVO;ANTT;RODOVIARIO          ;1;46;08-0062-61;7;SAO PAULO (SP) - CURITIBA (PR);431,1;Vedetes;Normal;Seccionado;Regional SP - ANTT;431,1
7145;COMETA;JUIZ DE FORA;JUIZ DE FORA (MG) - SANTOS (SP);SAO PAULO - SUL DE MINAS;570,73;EXECUTIVO;ANTT;RODOVIARIO          ;1;46;06-0315-61;7;JUIZ DE FORA (MG) - SANTOS (SP);570,73;Demais Mercados;Normal;Seccionado;Regional SP - ANTT;570,73
7148;COMETA;CAMPINAS;PIRACICABA (SP) - RIO DE JANEIRO (RJ);INTERIOR SP MG - RIO DE JANEIRO;558,89;EXECUTIVO;ANTT;RODOVIARIO          ;1;46;08-0047-61;7;PIRACICABA (SP) - RIO DE JANEIRO (RJ);558,89;Demais Mercados;Normal;Seccionado;Regional SP - ANTT;558,9
7149;COMETA;BELO HORIZONTE;BELO HORIZONTE (MG) - RIO DE JANEIRO (RJ);BELO HORIZONTE - RIO DE JANEIRO;442,3;EXEC GTV;ANTT;RODOVIARIO          ;1;46;06-0305-61;7;BELO HORIZONTE (MG) - RIO DE JANEIRO (RJ);442,3;Vedetes;Normal;Seccionado;Regional SP - ANTT;442,3
7151;COMETA;SAO JOSE DO RIO PRETO;SAO PAULO (SP) - SAO JOSE DO RIO PRETO (SP);SAO PAULO - SAO JOSE DO RIO PRETO;435;EXECUTIVO;ARTESP;RODOVIARIO          ;1;46;1384-05;7;SAO PAULO (SP) - SAO JOSE DO RIO PRETO (SP);435;Vedetes;Normal;Seccionado;Regional SP - Interior;435
7152;COMETA;RIBEIRAO PRETO;SAO PAULO (SP) (BRAS) - RIBEIRAO PRETO (SP) (MINI ROD);SAO PAULO - RIBEIRAO PRETO;315;CONVENCIONAL;ARTESP;RODOVIARIO          ;1;46;6376;7;SAO PAULO (SP) (BRAS) - RIBEIRAO PRETO (SP) (MINI ROD);315;Vedetes;Normal;Seccionado;Regional SP - Interior;315
7155;COMETA;CAMPINAS;CAMPINAS (SP) - RIO DE JANEIRO (RJ);INTERIOR SP MG - RIO DE JANEIRO;503,69;EXECUTIVO;ANTT;RODOVIARIO          ;1;46;08-0044-61;7;CAMPINAS (SP) - RIO DE JANEIRO (RJ);503,69;Demais Mercados;Normal;Seccionado;Regional SP - ANTT;503,7
7159;COMETA;BELO HORIZONTE;SAO PAULO (SP) - BELO HORIZONTE (MG);SAO PAULO - BELO HORIZONTE;595,1;SEMILEITO PREMIUM;ANTT;RODOVIARIO          ;1;46;08-0056-31;7;SAO PAULO (SP) - BELO HORIZONTE (MG);595,1;Vedetes;Normal;Seccionado;Regional SP - ANTT;595,1
7160;COMETA;SAO JOSE DO RIO PRETO;SAO PAULO (SP) - SAO JOSE DO RIO PRETO (SP);SAO PAULO - SAO JOSE DO RIO PRETO;435;EXEC GTV;ARTESP;RODOVIARIO          ;1;46;1384-05;7;SAO PAULO (SP) - SAO JOSE DO RIO PRETO (SP);435;Vedetes;Normal;Seccionado;Regional SP - Interior;435
7161;COMETA;BELO HORIZONTE;BELO HORIZONTE (MG) - CURITIBA (PR);SAO PAULO - BELO HORIZONTE;1015,96;CONVENCIONAL;ANTT;RODOVIARIO          ;1;46;06-0304-00;7;BELO HORIZONTE (MG) - CURITIBA (PR);1015,96;Vedetes;Normal;Seccionado;Regional SP - ANTT;1015,96
7162;COMETA;BELO HORIZONTE;BETIM (MG) - RIO DE JANEIRO (RJ);BELO HORIZONTE - RIO DE JANEIRO;442,3;EXECUTIVO;ANTT;RODOVIARIO          ;1;46;06-0305-61;7;BETIM (MG) - RIO DE JANEIRO (RJ);442,3;Vedetes;Normal;Seccionado;Regional SP - ANTT;442,3
7163;COMETA;SAO JOSE DO RIO PRETO;SAO PAULO (SP) (BRAS) - SAO JOSE DO RIO PRETO (SP) (SALAVIP);SAO PAULO - SAO JOSE DO RIO PRETO;435;CONVENCIONAL;ARTESP;RODOVIARIO          ;1;46;1384-03;7;SAO PAULO (SP) (BRAS) - SAO JOSE DO RIO PRETO (SP) (SALAVIP);435;Vedetes;Normal;Seccionado;Regional SP - Interior;435
7165;COMETA;JUNDIAI;SAO PAULO (SP) - JUNDIAI (SP) - VIA BARRA FUNDA;SAO PAULO - JUNDIAI;59;CONVENCIONAL;ARTESP;RODOVIARIO          ;1;46;1088-03;7;SAO PAULO (SP) - JUNDIAI (SP) - VIA BARRA FUNDA;59;Demais Mercados;Normal;Seccionado;Regional SP - Curtas;59
7168;COMETA;CAMPINAS;SAO PAULO (SP) - CAMPINAS (SP) (TRT-OURO VERDE);SAO PAULO - CAMPINAS - POCOS ;104;CONVENCIONAL;ARTESP;RODOVIARIO          ;1;46;9413;7;SAO PAULO (SP) - CAMPINAS (SP) (TRT-OURO VERDE);104;Demais Mercados;Normal;Seccionado;Regional SP - Curtas;104
7169;COMETA;BELO HORIZONTE;SAO PAULO (SP) - BELO HORIZONTE (MG) VIA CAMPINAS;SAO PAULO - BELO HORIZONTE;689;EXECUTIVO;ANTT;RODOVIARIO          ;1;46;08-0057-61;7;SAO PAULO (SP) - BELO HORIZONTE (MG) VIA CAMPINAS;689;Vedetes;Normal;Seccionado;Regional SP - ANTT;689
7171;COMETA;BELO HORIZONTE;BELO HORIZONTE (MG) - RIO DE JANEIRO (RJ) (VIA CAMPO GRANDE);BELO HORIZONTE - RIO DE JANEIRO;442,3;EXECUTIVO;ANTT;RODOVIARIO          ;1;46;06-0305-61;7;BELO HORIZONTE (MG) - RIO DE JANEIRO (RJ) (VIA CAMPO GRANDE);442,3;Vedetes;Normal;Seccionado;Regional SP - ANTT;442,3
7172;COMETA;CAMPINAS;CAMPINAS (SP) - RIO DE JANEIRO (RJ);INTERIOR SP MG - RIO DE JANEIRO;503,69;EXECUTIVO;ANTT;RODOVIARIO          ;1;46;08-0044-61;7;CAMPINAS (SP) - RIO DE JANEIRO (RJ);503,69;Demais Mercados;Normal;Seccionado;Regional SP - ANTT;503,7
7174;COMETA;CURITIBA;SAO PAULO (SP) - CURITIBA (PR);SAO PAULO - CURITIBA;431,1;SEMILEITO PREMIUM;ANTT;RODOVIARIO          ;1;46;08-0062-31;7;SAO PAULO (SP) - CURITIBA (PR);431,1;Vedetes;Normal;Seccionado;Regional SP - ANTT;431,1
7176;COMETA;JUNDIAI;SAO BERNARDO (SP) - JUNDIAI (SP) VIA TBF;SAO PAULO - JUNDIAI;91;CONVENCIONAL;ARTESP;RODOVIARIO          ;1;46;770;7;SAO BERNARDO (SP) - JUNDIAI (SP) VIA TBF;91;Demais Mercados;Normal;Seccionado;Regional SP - Curtas;91
7177;COMETA;BELO HORIZONTE;SANTOS (SP) - BELO HORIZONTE (MG);SAO PAULO - BELO HORIZONTE;739,39;EXECUTIVO;ANTT;RODOVIARIO          ;1;46;08-0049-61;7;SANTOS (SP) - BELO HORIZONTE (MG);739,39;Vedetes;Normal;Seccionado;Regional SP - ANTT;739,4
7178;COMETA;CURITIBA;JUNDIAI (SP) - CURITIBA (PR);SAO PAULO - CURITIBA;461,45;EXECUTIVO;ANTT;RODOVIARIO          ;1;46;08-0045-61;7;JUNDIAI (SP) - CURITIBA (PR);461,45;Vedetes;Normal;Seccionado;Regional SP - ANTT;461,46
7179;COMETA;VOLTA REDONDA;VOLTA REDONDA (RJ) - DIADEMA (SP);SAO PAULO - VALE DO PARAIBA;329,16;EXECUTIVO;ANTT;RODOVIARIO          ;1;46;07-0076-61;7;VOLTA REDONDA (RJ) - DIADEMA (SP);329,16;Demais Mercados;Normal;Seccionado;Regional SP - ANTT;329,16
7180;COMETA;VOLTA REDONDA;VOLTA REDONDA (RJ) - SAO PAULO (SP);SAO PAULO - VALE DO PARAIBA;316,89;EXECUTIVO;ANTT;RODOVIARIO          ;1;46;07-0074-61;7;VOLTA REDONDA (RJ) - SAO PAULO (SP);316,89;Demais Mercados;Normal;Seccionado;Regional SP - ANTT;316,9
7182;COMETA;CAXAMBU;SAO PAULO (SP) - SAO LOURENCO (MG);SAO PAULO - SUL DE MINAS;293,89;EXECUTIVO;ANTT;RODOVIARIO          ;1;46;08-0068-61;7;SAO PAULO (SP) - SAO LOURENCO (MG);293,89;Demais Mercados;Normal;Seccionado;Regional SP - ANTT;293,9
7185;COMETA;CAXAMBU;SAO PAULO (SP) - CONCEICAO DO RIO VERDE (MG);SAO PAULO - SUL DE MINAS;331;EXECUTIVO;ANTT;RODOVIARIO          ;1;46;08-0060-61;7;SAO PAULO (SP) - CONCEICAO DO RIO VERDE (MG);331;Demais Mercados;Normal;Seccionado;Regional SP - ANTT;331
7186;COMETA;CAXAMBU;SAO PAULO (SP) - CAXAMBU (MG) VIA SOLEDADE DE MINAS;SAO PAULO - SUL DE MINAS;320,1;EXECUTIVO;ANTT;RODOVIARIO          ;1;46;08-0059-61;7;SAO PAULO (SP) - CAXAMBU (MG) VIA SOLEDADE DE MINAS;320,1;Demais Mercados;Normal;Seccionado;Regional SP - ANTT;320,1
7188;COMETA;FRANCA;ABC (SP) - FRANCA (SP);SAO PAULO - FRANCA;440;CONVENCIONAL;ARTESP;RODOVIARIO          ;1;46;0828-03;7;ABC (SP) - FRANCA (SP);440;Vedetes;Normal;Seccionado;Regional SP - Interior;440
7189;COMETA;CAXAMBU;SAO PAULO (SP) - ANDRELANDIA (MG);SAO PAULO - SUL DE MINAS;385,89;EXECUTIVO;ANTT;RODOVIARIO          ;1;46;08-0055-61;7;SAO PAULO (SP) - ANDRELANDIA (MG);385,89;Demais Mercados;Normal;Seccionado;Regional SP - ANTT;385,9
7190;COMETA;CAXAMBU;ANDRELANDIA (MG) - SAO PAULO (SP);SAO PAULO - SUL DE MINAS;365,49;CONVENCIONAL;ANTT;RODOVIARIO          ;1;46;06-0308-00;7;ANDRELANDIA (MG) - SAO PAULO (SP);365,49;Demais Mercados;Frequência Mínima;Seccionado;Regional SP - ANTT;365,49
7191;COMETA;JUIZ DE FORA;JUIZ DE FORA (MG) - SAO PAULO (SP);SAO PAULO - SUL DE MINAS;495,6;SEMILEITO PREMIUM;ANTT;RODOVIARIO          ;1;46;06-0316-31;7;JUIZ DE FORA (MG) - SAO PAULO (SP);495,6;Demais Mercados;Normal;Seccionado;Regional SP - ANTT;495,6
7197;COMETA;VOLTA REDONDA;VOLTA REDONDA (RJ) - SAO PAULO (SP);SAO PAULO - VALE DO PARAIBA;316,89;SEMILEITO PREMIUM;ANTT;RODOVIARIO          ;1;46;07-0074-31;7;VOLTA REDONDA (RJ) - SAO PAULO (SP);316,89;Demais Mercados;Normal;Seccionado;Regional SP - ANTT;316,9
7199;COMETA;CURITIBA;SAO PAULO (CNX) (SP) - CAMPINAS (SP);SAO PAULO - CURITIBA;104;CONVENCIONAL;ARTESP;RODOVIARIO          ;1;46;9413-01;7;SAO PAULO (CNX) (SP) - CAMPINAS (SP);104;Vedetes;Normal;Seccionado;Regional SP - ANTT;104
7202;COMETA;BELO HORIZONTE;BELO HORIZONTE (MG) - RIO DE JANEIRO (RJ) (VIA CAMPO GRANDE);BELO HORIZONTE - RIO DE JANEIRO;442,3;EXECUTIVO;ANTT;RODOVIARIO          ;1;46;06-0305-61;7;BELO HORIZONTE (MG) - RIO DE JANEIRO (RJ) (VIA CAMPO GRANDE);442,3;Vedetes;Normal;Seccionado;Regional SP - ANTT;442,3
7203;COMETA;CAXAMBU;SAO PAULO (SP) - CAXAMBU (MG);SAO PAULO - SUL DE MINAS;302,6;EXECUTIVO;ANTT;RODOVIARIO          ;1;46;08-0058-61;7;SAO PAULO (SP) - CAXAMBU (MG);302,6;Demais Mercados;Normal;Seccionado;Regional SP - ANTT;302,6
7205;COMETA;ARARAQUARA;SAO PAULO (SP) - ARARAQUARA (SP);SAO PAULO - ARARAQUARA;278;EXECUTIVO;ARTESP;RODOVIARIO;1;46;6858-01;7;SAO PAULO (SP) - ARARAQUARA (SP);278;Vedetes;Normal;Seccionado;Regional SP - Interior;278
7208;COMETA;CAXAMBU;SAO PAULO (SP) - CRUZILIA (MG);SAO PAULO - SUL DE MINAS;326,1;EXECUTIVO;ANTT;RODOVIARIO          ;1;46;08-0061-61;7;SAO PAULO (SP) - CRUZILIA (MG);326,1;Demais Mercados;Normal;Seccionado;Regional SP - ANTT;326,1
7212;WEMOBI;WEMOBI;SAO PAULO (SP) - FRANCA (SP);WEMOBI;421;POP;ARTESP;RODOVIARIO          ;1;46;0828A-1;7;SAO PAULO (SP) - FRANCA (SP);421;Demais Mercados;Normal;Seccionado;WEMOBI;421
7214;WEMOBI;WEMOBI;SAO PAULO (SP) - RIBEIRAO PRETO (SP);WEMOBI;329;POP;ARTESP;RODOVIARIO          ;1;46;6376A-1;7;SAO PAULO (SP) - RIBEIRAO PRETO (SP);329;Demais Mercados;Normal;Seccionado;WEMOBI;329
7215;COMETA;SOROCABA;SOROCABA (SP) - MONGAGUA (SP);INTERIOR SP - BAIXADA SANTISTA;243,05;LITORANEO;ARTESP;RODOVIARIO          ;1;46;0016-01;7;SOROCABA (SP) - MONGAGUA (SP);243,05;Demais Mercados;Normal;Seccionado;Regional SP - Curtas;243,05
7217;COMETA;JUIZ DE FORA;SAO PAULO (SP) - JUIZ DE FORA (MG);SAO PAULO - SUL DE MINAS;513,7;CONVENCIONAL;ANTT;RODOVIARIO          ;1;46;08-0063-00;7;SAO PAULO (SP) - JUIZ DE FORA (MG);513,7;Demais Mercados;Normal;Seccionado;Regional SP - ANTT;513,7
7218;COMETA;SOROCABA;OSASCO (SP) - SOROCABA (SP) (VIA SAO ROQUE);SAO PAULO - SOROCABA;91,5;CONVENCIONAL;ARTESP;RODOVIARIO          ;1;46;0607-03;7;OSASCO (SP) - SOROCABA (SP) (VIA SAO ROQUE);91,5;Demais Mercados;Normal;Seccionado;Regional SP - Curtas;91,5
7228;COMETA;VOLTA REDONDA;VOLTA REDONDA (RJ) - DIADEMA (SP) DD 50 PISO UNICO;SAO PAULO - VALE DO PARAIBA;329,16;CONV. DD;ANTT;RODOVIARIO          ;1;46;07-0076-00;7;VOLTA REDONDA (RJ) - DIADEMA (SP) DD 50 PISO UNICO;329,16;Demais Mercados;Normal;Seccionado;Regional SP - ANTT;329,16
7250;COMETA;JUIZ DE FORA;SAO PAULO (SP) - JUIZ DE FORA (MG);SAO PAULO - SUL DE MINAS;505,19;EXECUTIVO;ANTT;RODOVIARIO          ;1;46;08-0064-60;7;SAO PAULO (SP) - JUIZ DE FORA (MG);505,19;Demais Mercados;Normal;Seccionado;Regional SP - ANTT;505,19
7252;COMETA;JUIZ DE FORA;JUIZ DE FORA (MG) - SAO PAULO (SP);SAO PAULO - SUL DE MINAS;491,19;EXECUTIVO;ANTT;RODOVIARIO          ;1;46;06-0316-61;7;JUIZ DE FORA (MG) - SAO PAULO (SP);491,19;Demais Mercados;Normal;Seccionado;Regional SP - ANTT;491,19
7261;COMETA;SOROCABA;GUARULHOS (SP) - SOROCABA (SP);SAO PAULO - SOROCABA;126,5;CONVENCIONAL;ARTESP;RODOVIARIO;1;46;8523;7;GUARULHOS (SP) - SOROCABA (SP);126,5;Demais Mercados;Normal;Seccionado;Regional SP - Curtas;126,5
7263;COMETA;BELO HORIZONTE;SAO PAULO (SP) - BELO HORIZONTE (MG);SAO PAULO - BELO HORIZONTE;595,1;CONV. DD;ANTT;RODOVIARIO          ;1;46;08-0056-00;7;SAO PAULO (SP) - BELO HORIZONTE (MG);595,1;Vedetes;Normal;Seccionado;Regional SP - ANTT;595,1
7269;COMETA;SAO JOSE DO RIO PRETO;SAO PAULO (SP) (BRAS) - SAO JOSE DO RIO PRETO (SP) (SALAVIP);SAO PAULO - SAO JOSE DO RIO PRETO;435;EXECUTIVO;ARTESP;RODOVIARIO          ;1;46;1384-03;7;SAO PAULO (SP) (BRAS) - SAO JOSE DO RIO PRETO (SP) (SALAVIP);435;Vedetes;Normal;Seccionado;Regional SP - Interior;435
7271;COMETA;FRANCA;CAMPINAS (SP) - FRANCA (SP);CAMPINAS - INTERIOR SP;324;CONV. P1;ARTESP;RODOVIARIO;1;46;7051A-1;7;CAMPINAS (SP) - FRANCA (SP);324;;;;Regional SP - Interior;324
7278;COMETA;SANTOS;SAO PAULO (SP) - PRAIA GRANDE (SP) (VILA MIRIM);GRANDE SAO PAULO - BAIXADA SANTISTA;97,4;LITORANEO C/AR;ARTESP;RODOVIARIO          ;1;46;5233-01;7;SAO PAULO (SP) - PRAIA GRANDE (SP) (VILA MIRIM);97,4;Demais Mercados;Normal;Seccionado;Regional SP - Curtas;97,4
7282;COMETA;BELO HORIZONTE;BELO HORIZONTE (MG) - RIO DE JANEIRO (RJ);BELO HORIZONTE - RIO DE JANEIRO;442,3;SEMILEITO PREMIUM;ANTT;RODOVIARIO          ;1;46;06-0305-31;7;BELO HORIZONTE (MG) - RIO DE JANEIRO (RJ);442,3;Vedetes;Normal;Seccionado;Regional SP - ANTT;442,3
7285;COMETA;CAXAMBU;CONCEICAO DO RIO VERDE (MG) - SAO PAULO (SP);SAO PAULO - SUL DE MINAS;363,99;CONVENCIONAL;ANTT;RODOVIARIO          ;1;46;06-0314-00;7;CONCEICAO DO RIO VERDE (MG) - SAO PAULO (SP);363,99;Demais Mercados;Frequência Mínima;Seccionado;Regional SP - ANTT;363,99
7308;COMETA;SANTOS;APARECIDA (SP) - PRAIA GRANDE (SP);SAO PAULO - VALE DO PARAIBA;300,1;LITORANEO;ARTESP;RODOVIARIO          ;1;46;9541-01;7;APARECIDA (SP) - PRAIA GRANDE (SP);300,1;Demais Mercados;Normal;Seccionado;Regional SP - Curtas;300,1
7310;COMETA;SANTOS;SAO PAULO (SP) - PRAIA GRANDE (SP) (VILA MIRIM);GRANDE SAO PAULO - BAIXADA SANTISTA;97,4;LITORANEO;ARTESP;RODOVIARIO          ;1;46;5233-01;7;SAO PAULO (SP) - PRAIA GRANDE (SP) (VILA MIRIM);97,4;Demais Mercados;Normal;Seccionado;Regional SP - Curtas;97,4
7315;COMETA;SAO JOSE DO RIO PRETO;RIOLANDIA (SP) - SAO PAULO (SP);SAO PAULO - SAO JOSE DO RIO PRETO;601,79;CONVENCIONAL;ARTESP;RODOVIARIO          ;1;46;124;7;RIOLANDIA (SP) - SAO PAULO (SP);601,79;Vedetes;Normal;Seccionado;Regional SP - Interior;601,8
7321;COMETA;SANTOS;GUARULHOS ROD (SP) - SANTOS-PONTA PRAIA (SP);GRANDE SAO PAULO - BAIXADA SANTISTA;112;LITORANEO;ARTESP;RODOVIARIO          ;1;46;8633-04;7;GUARULHOS ROD (SP) - SANTOS-PONTA PRAIA (SP);112;Demais Mercados;Normal;Seccionado;Regional SP - Curtas;112
7322;COMETA;SANTOS;GUARULHOS AEROPORTO (SP) - SANTOS-PORTO (SP);GRANDE SAO PAULO - BAIXADA SANTISTA;97,5;LITORANEO;ARTESP;RODOVIARIO          ;1;46;8633;7;GUARULHOS AEROPORTO (SP) - SANTOS-PORTO (SP);97,5;Demais Mercados;Normal;Seccionado;Regional SP - Curtas;97,5
7330;COMETA;SANTOS;SAO PAULO - PRAIA GRANDE  (PROMOCIONAL);GRANDE SAO PAULO - BAIXADA SANTISTA;97,4;LITORANEO;ARTESP;RODOVIARIO          ;1;46;5233;7;SAO PAULO - PRAIA GRANDE  (PROMOCIONAL);97,4;Demais Mercados;Normal;Seccionado;Regional SP - Curtas;97,4
7335;COMETA;BELO HORIZONTE;BELO HORIZONTE (MG) - CURITIBA (PR);SAO PAULO - BELO HORIZONTE;1015,96;EXECUTIVO;ANTT;RODOVIARIO          ;1;46;06-0304-61;7;BELO HORIZONTE (MG) - CURITIBA (PR);1015,96;Vedetes;Normal;Seccionado;Regional SP - ANTT;1015,96
7340;COMETA;JUIZ DE FORA;JUIZ DE FORA (MG) - SAO PAULO (SP);SAO PAULO - SUL DE MINAS;495,6;SEMILEITO PREMIUM;ANTT;RODOVIARIO          ;1;46;06-0316-31;7;JUIZ DE FORA (MG) - SAO PAULO (SP);495,6;Demais Mercados;Normal;Seccionado;Regional SP - ANTT;495,6
7341;COMETA;RIBEIRAO PRETO;SAO PAULO (SP) - RIBEIRAO PRETO (SP);SAO PAULO - RIBEIRAO PRETO;319;EXECUTIVO;ARTESP;RODOVIARIO          ;1;46;6376;7;SAO PAULO (SP) - RIBEIRAO PRETO (SP);319;Vedetes;Normal;Seccionado;Regional SP - Interior;319
7342;COMETA;SANTOS;MOGI DAS CRUZES (SP)-SANTOS-SAO VICENTE (SP) (SBC-MOGI);GRANDE SAO PAULO - BAIXADA SANTISTA;69;CONVENCIONAL;ARTESP;RODOVIARIO          ;1;46;6492-02;7;MOGI DAS CRUZES (SP)-SANTOS-SAO VICENTE (SP) (SBC-MOGI);69;Demais Mercados;Normal;Seccionado;Regional SP - Curtas;69
7343;COMETA;SANTOS;MOGI DAS CRUZES (SP)-SANTOS-SAO VICENTE (SP) (PGD-MAUA);GRANDE SAO PAULO - BAIXADA SANTISTA;96,59;LITORANEO;ARTESP;RODOVIARIO          ;1;46;6492-03;7;MOGI DAS CRUZES (SP)-SANTOS-SAO VICENTE (SP) (PGD-MAUA);96,59;Demais Mercados;Normal;Seccionado;Regional SP - Curtas;96,6
7345;COMETA;SANTOS;SAO JOSE DOS CAMPOS (SP) - PRAIA GRANDE (SP);GRANDE SAO PAULO - BAIXADA SANTISTA;212,9;LITORANEO;ARTESP;RODOVIARIO          ;1;46;9608-01;7;SAO JOSE DOS CAMPOS (SP) - PRAIA GRANDE (SP);212,9;Demais Mercados;Normal;Seccionado;Regional SP - Curtas;212,9
7350;COMETA;SOROCABA;SOROCABA (SP) - MONGAGUA (SP);INTERIOR SP - BAIXADA SANTISTA;225,59;LITORANEO;ARTESP;RODOVIARIO          ;1;46;0016-02;7;SOROCABA (SP) - MONGAGUA (SP);225,59;Demais Mercados;Normal;Seccionado;Regional SP - Curtas;225,6
7352;COMETA;LORENA;SAO PAULO (SP) - LORENA (SP) (VIA AYRTON SENNA);SAO PAULO - VALE DO PARAIBA;195,55;CONVENCIONAL;ARTESP;RODOVIARIO          ;1;46;4443-02;7;SAO PAULO (SP) - LORENA (SP) (VIA AYRTON SENNA);195,55;Demais Mercados;Normal;Seccionado;Regional SP - Curtas;195,55
7354;COMETA;SAO JOSE DO RIO PRETO;CAMPINAS (SP) - SAO JOSE DO RIO PRETO (SP);CAMPINAS - INTERIOR SP;357;CONVENCIONAL;ARTESP;RODOVIARIO          ;1;46;7095-02;7;CAMPINAS (SP) - SAO JOSE DO RIO PRETO (SP);357;Demais Mercados;Normal;Seccionado;Regional SP - Interior;357
7356;COMETA;ITAPETININGA;SAO PAULO (SP) - ITAPETININGA (SP) (VIA RAPOSO TAVARES);SAO PAULO - ITAPETININGA;184,3;CONVENCIONAL;ARTESP;RODOVIARIO          ;1;46;8545-04;7;SAO PAULO (SP) - ITAPETININGA (SP) (VIA RAPOSO TAVARES);184,3;Demais Mercados;Normal;Seccionado;Regional SP - Curtas;184,3
7357;COMETA;SANTOS;MOGI DAS CRUZES (SP) - PRAIA GRANDE (SP);GRANDE SAO PAULO - BAIXADA SANTISTA;43,5;CONVENCIONAL;ARTESP;RODOVIARIO          ;1;46;6492;7;MOGI DAS CRUZES (SP) - PRAIA GRANDE (SP);43,5;Demais Mercados;Normal;Seccionado;Regional SP - Curtas;43,5
7358;COMETA;SANTOS;RIBEIRAO PIRES (SP) - GUARUJA (SP);GRANDE SAO PAULO - BAIXADA SANTISTA;88;LITORANEO;ARTESP;RODOVIARIO          ;1;46;8065-01;7;RIBEIRAO PIRES (SP) - GUARUJA (SP);88;Demais Mercados;Normal;Seccionado;Regional SP - Curtas;88
7360;COMETA;BELO HORIZONTE;SANTOS (SP) - BELO HORIZONTE (MG);SAO PAULO - BELO HORIZONTE;677,1;CONVENCIONAL;ANTT;RODOVIARIO          ;1;46;08-0049-00;7;SANTOS (SP) - BELO HORIZONTE (MG);677,1;Vedetes;Normal;Seccionado;Regional SP - ANTT;677,1
7361;COMETA;BELO HORIZONTE;SANTOS (SP) - BELO HORIZONTE (MG);SAO PAULO - BELO HORIZONTE;677,1;EXECUTIVO;ANTT;RODOVIARIO          ;1;46;08-0049-61;7;SANTOS (SP) - BELO HORIZONTE (MG);677,1;Vedetes;Normal;Seccionado;Regional SP - ANTT;677,1
7362;COMETA;JUIZ DE FORA;JUIZ DE FORA (MG) - SAO VICENTE (SP);SAO PAULO - SUL DE MINAS;558,59;CONVENCIONAL;ANTT;RODOVIARIO          ;1;46;06-0315-00;7;JUIZ DE FORA (MG) - SAO VICENTE (SP);558,59;Demais Mercados;Frequência Mínima;Seccionado;Regional SP - ANTT;558,59
7363;COMETA;JUIZ DE FORA;JUIZ DE FORA (MG) - SAO VICENTE (SP);SAO PAULO - SUL DE MINAS;597,37;EXECUTIVO;ANTT;RODOVIARIO          ;1;46;06-0315-61;7;JUIZ DE FORA (MG) - SAO VICENTE (SP);597,37;Demais Mercados;Normal;Seccionado;Regional SP - ANTT;597,37
7373;COMETA;BELO HORIZONTE;BELO HORIZONTE (MG) - RIO DE JANEIRO (RJ);BELO HORIZONTE - RIO DE JANEIRO;442,3;CONV. DD;ANTT;RODOVIARIO          ;1;46;06-0305-00;7;BELO HORIZONTE (MG) - RIO DE JANEIRO (RJ);442,3;Vedetes;Normal;Seccionado;Regional SP - ANTT;442,3
7375;COMETA;BELO HORIZONTE;SANTOS (SP) - BELO HORIZONTE (MG);SAO PAULO - BELO HORIZONTE;677,1;CONV. DD;ANTT;RODOVIARIO          ;1;46;08-0049-00;7;SANTOS (SP) - BELO HORIZONTE (MG);677,1;Vedetes;Normal;Seccionado;Regional SP - ANTT;677,1
7377;COMETA;BELO HORIZONTE;SANTOS (SP) - BELO HORIZONTE (MG);SAO PAULO - BELO HORIZONTE;677,1;EXEC. DD;ANTT;RODOVIARIO          ;1;46;08-0049-61;7;SANTOS (SP) - BELO HORIZONTE (MG);677,1;Vedetes;Normal;Seccionado;Regional SP - ANTT;677,1
7379;COMETA;VOLTA REDONDA;VOLTA REDONDA (RJ) - SAO PAULO (SP);SAO PAULO - VALE DO PARAIBA ;316,89;CONV. DD;ANTT;RODOVIARIO          ;1;46;07-0074-00;7;VOLTA REDONDA (RJ) - SAO PAULO (SP);316,89;Demais Mercados;Normal;Seccionado;Regional SP - ANTT;316,9
7384;COMETA;CURITIBA;SAO PAULO (SP) - CURITIBA (PR);SAO PAULO - CURITIBA;431,1;SEMILEITO PREMIUM;ANTT;RODOVIARIO          ;1;46;08-0062-31;7;SAO PAULO (SP) - CURITIBA (PR);431,1;Vedetes;Normal;Seccionado;Regional SP - ANTT;431,1
7385;COMETA;CURITIBA;GUARULHOS (SP) - CURITIBA (PR);SAO PAULO - CURITIBA;431,1;CONVENCIONAL;ANTT;RODOVIARIO          ;1;46;08-0062-00;7;GUARULHOS (SP) - CURITIBA (PR);431,1;Vedetes;Normal;Seccionado;Regional SP - ANTT;431,1
7386;COMETA;CURITIBA;GUARULHOS (SP) - CURITIBA (PR);SAO PAULO - CURITIBA;431,1;EXECUTIVO;ANTT;RODOVIARIO          ;1;46;08-0062-61;7;GUARULHOS (SP) - CURITIBA (PR);431,1;Vedetes;Normal;Seccionado;Regional SP - ANTT;431,1
7387;COMETA;BELO HORIZONTE;SAO PAULO (SP) - BELO HORIZONTE (MG);SAO PAULO - BELO HORIZONTE ;595,1;SEMILTO. DD;ANTT;RODOVIARIO          ;1;46;08-0056-31;7;SAO PAULO (SP) - BELO HORIZONTE (MG);595,1;Vedetes;Normal;Seccionado;Regional SP - ANTT;595,1
7390;COMETA;CURITIBA;SAO PAULO (SP) - CURITIBA (PR);SAO PAULO - CURITIBA;420;CONV. DD;ANTT;RODOVIARIO          ;1;46;08-0062-00;7;SAO PAULO (SP) - CURITIBA (PR);420;Vedetes;Normal;Seccionado;Regional SP - ANTT;420
7392;COMETA;BELO HORIZONTE;CAMPINAS (SP) - BELO HORIZONTE (MG) (VIA CONTAGEM);SAO PAULO - BELO HORIZONTE;525,7;CONVENCIONAL;ANTT;RODOVIARIO          ;1;46;08-0207-00;7;CAMPINAS (SP) - BELO HORIZONTE (MG) (VIA CONTAGEM);525,7;Vedetes;Frequência Mínima;Seccionado;Regional SP - ANTT;525,7
7411;COMETA;JUIZ DE FORA;JUIZ DE FORA (MG) - APARECIDA (SP);SAO PAULO - SUL DE MINAS ;327,6;CONVENCIONAL;ANTT;RODOVIARIO          ;1;46;06-0442-00;7;JUIZ DE FORA (MG) - APARECIDA (SP);327,6;Demais Mercados;Normal;Seccionado;Regional SP - ANTT;327,6
7413;COMETA;ITAPETININGA;SAO PAULO (SP) - ITAPETININGA (SP);SAO PAULO - ITAPETININGA;182,09;CONVENCIONAL;ARTESP;RODOVIARIO          ;1;46;0737-03;7;SAO PAULO (SP) - ITAPETININGA (SP);182,09;Demais Mercados;Normal;Seccionado;Regional SP - Curtas;182,1
7418;COMETA;RIBEIRAO PRETO;ABC (SP) - RIBEIRAO PRETO (SP);SAO PAULO - RIBEIRAO PRETO;319;CONV. DD;ARTESP;RODOVIARIO          ;1;46;6376-02;7;ABC (SP) - RIBEIRAO PRETO (SP);319;Vedetes;Normal;Seccionado;Regional SP - Interior;319
7425;COMETA;CURITIBA;SAO BERNARDO DO CAMPO (SP) - CURITIBA (PR);SAO PAULO - CURITIBA;431,1;CONVENCIONAL;ANTT;RODOVIARIO          ;1;46;08-0062-00;7;SAO BERNARDO DO CAMPO (SP) - CURITIBA (PR);431,1;Vedetes;Normal;Seccionado;Regional SP - ANTT;431,1
7429;COMETA;FRANCA;SAO PAULO (SP) (BRAS) - FRANCA (SP);SAO PAULO - FRANCA;418;CONVENCIONAL;ARTESP;RODOVIARIO          ;1;46;0828-01;7;SAO PAULO (SP) (BRAS) - FRANCA (SP);418;Vedetes;Normal;Seccionado;Regional SP - Interior;418
7430;COMETA;BELO HORIZONTE;SOROCABA (SP) - BELO HORIZONTE (RJ) (VIA CAMPINAS);SAO PAULO - BELO HORIZONTE;624,1;CONVENCIONAL;ANTT;RODOVIARIO          ;1;46;08-0211-00;7;SOROCABA (SP) - BELO HORIZONTE (RJ) (VIA CAMPINAS);624,1;Vedetes;Frequência Mínima;Seccionado;Regional SP - ANTT;624,1
7431;COMETA;BELO HORIZONTE;SOROCABA (SP) - BELO HORIZONTE (MG) (VIA CAMPINAS);SAO PAULO - BELO HORIZONTE;624,1;EXECUTIVO;ANTT;RODOVIARIO          ;1;46;08-0211-61;7;SOROCABA (SP) - BELO HORIZONTE (MG) (VIA CAMPINAS);624,1;Vedetes;Normal;Seccionado;Regional SP - ANTT;624,1
7433;COMETA;ITAPETININGA;SAO PAULO (SP) - ITAPETININGA (SP) (SANTUARIO MAE DE DEUS);SAO PAULO - ITAPETININGA;184,3;CONVENCIONAL;ARTESP;RODOVIARIO          ;1;46;854A-1;7;SAO PAULO (SP) - ITAPETININGA (SP) (SANTUARIO MAE DE DEUS);184,3;Demais Mercados;Normal;Seccionado;Regional SP - Curtas;184,3
7445;COMETA;RIBEIRAO PRETO;ABC (SP) - RIBEIRAO PRETO (SP);SAO PAULO - RIBEIRAO PRETO;319;EXECUTIVO;ARTESP;RODOVIARIO;1;46;6376-02;7;ABC (SP) - RIBEIRAO PRETO (SP);319;Vedetes;Normal;Seccionado;Regional SP - Interior;319
7449;COMETA;CURITIBA;SAO PAULO (SP) - CURITIBA (PR);SAO PAULO - CURITIBA;431,1;EXECUTIVO;ANTT;RODOVIARIO          ;1;46;08-0062-61;7;SAO PAULO (SP) - CURITIBA (PR);431,1;Vedetes;Normal;Seccionado;Regional SP - ANTT;431,1
7450;WEMOBI;WEMOBI;SAO PAULO (SP) - RIBEIRAO PRETO (SP);WEMOBI;319;COMFORT EXECUTIVO;ARTESP;RODOVIARIO          ;1;46;6376;7;SAO PAULO (SP) - RIBEIRAO PRETO (SP);319;Demais Mercados;Normal;Seccionado;WEMOBI;331
7452;WEMOBI;WEMOBI;SAO PAULO (SP) - SAO JOSE DO RIO PRETO (SP);WEMOBI;435;COMFORT EXECUTIVO;ARTESP;RODOVIARIO          ;1;46;1384;7;SAO PAULO (SP) - SAO JOSE DO RIO PRETO (SP);435;Demais Mercados;Normal;Seccionado;WEMOBI;435
7453;WEMOBI;WEMOBI;SAO PAULO (SP) - SAO JOSE DO RIO PRETO (SP);WEMOBI;435;COMFORT EXECUTIVO;ARTESP;RODOVIARIO          ;1;46;1384;7;SAO PAULO (SP) - SAO JOSE DO RIO PRETO (SP);435;Demais Mercados;Normal;Seccionado;WEMOBI;435
7454;COMETA;BELO HORIZONTE;BETIM (MG) - RIO DE JANEIRO (RJ);BELO HORIZONTE - RIO DE JANEIRO;442,3;SEMILEITO PREMIUM;ANTT;RODOVIARIO          ;1;46;06-0305-31;7;BETIM (MG) - RIO DE JANEIRO (RJ);442,3;Vedetes;Normal;Seccionado;Regional SP - ANTT;442,3
7456;COMETA;SOROCABA;SAO PAULO (SP) - SOROCABA (SP);SAO PAULO - SOROCABA;114,3;CONVENCIONAL;ARTESP;RODOVIARIO          ;1;46;8523;7;SAO PAULO (SP) - SOROCABA (SP);114,3;Demais Mercados;Normal;Seccionado;Regional SP - Curtas;114,3
7458;WEMOBI;WEMOBI;SAO PAULO (SP) - CURITIBA (PR);WEMOBI;431,1;PREMIUM;ANTT;RODOVIARIO          ;1;46;8006241;7;SAO PAULO (SP) - CURITIBA (PR);431,1;Demais Mercados;Normal;Seccionado;WEMOBI;431,1
7461;COMETA;BELO HORIZONTE;BELO HORIZONTE (MG) - CURITIBA (PR);SAO PAULO - BELO HORIZONTE;1015,96;CONV. DD;ANTT;RODOVIARIO          ;1;46;06-0304-00;7;BELO HORIZONTE (MG) - CURITIBA (PR);1015,96;Vedetes;Normal;Seccionado;Regional SP - ANTT;1015,96
7465;COMETA;JUNDIAI;SAO PAULO (SP) - JUNDIAI (SP) (VIA BANDEIRANTES);SAO PAULO - JUNDIAI;71;CONVENCIONAL;ARTESP;RODOVIARIO          ;1;46;1088-02;7;SAO PAULO (SP) - JUNDIAI (SP) (VIA BANDEIRANTES);71;Demais Mercados;Normal;Seccionado;Regional SP - Curtas;71
7468;WEMOBI;WEMOBI;CAMPINAS (SP) - RIO DE JANEIRO (RJ);WEMOBI;0;PREMIUM;ANTT;RODOVIARIO          ;0;46;08-0340-41;7;CAMPINAS (SP) - RIO DE JANEIRO (RJ);0;Demais Mercados;Normal;Seccionado;WEMOBI;406,6
7475;COMETA;VOLTA REDONDA;VOLTA REDONDA (RJ) - SAO PAULO (SP);SAO PAULO - VALE DO PARAIBA;316,89;EXEC GTV;ANTT;RODOVIARIO          ;1;46;7007461;7;VOLTA REDONDA (RJ) - SAO PAULO (SP);316,89;Demais Mercados;Normal;Seccionado;Regional SP - ANTT;316,9
7492;COMETA;BELO HORIZONTE;CAMPINAS (SP) - BELO HORIZONTE (MG) (VIA CONTAGEM);SAO PAULO - BELO HORIZONTE;525,7;EXECUTIVO;ANTT;RODOVIARIO          ;1;46;08-0207-61;7;CAMPINAS (SP) - BELO HORIZONTE (MG) (VIA CONTAGEM);525,7;Vedetes;Normal;Seccionado;Regional SP - ANTT;521,7
7504;COMETA;BELO HORIZONTE;SAO PAULO (SP) - BELO HORIZONTE (MG) VIA CAMPINAS;SAO PAULO - BELO HORIZONTE;689;SEMILEITO PREMIUM;ANTT;RODOVIARIO          ;1;46;08-0057-31;7;SAO PAULO (SP) - BELO HORIZONTE (MG) VIA CAMPINAS;689;Vedetes;Normal;Seccionado;Regional SP - ANTT;689
7505;COMETA;JUIZ DE FORA;SAO PAULO (SP) - JUIZ DE FORA (MG);SAO PAULO - SUL DE MINAS;513,7;SEMILEITO PREMIUM;ANTT;RODOVIARIO          ;1;46;08-0063-31;7;SAO PAULO (SP) - JUIZ DE FORA (MG);513,7;Demais Mercados;Normal;Seccionado;Regional SP - ANTT;513,7
7512;COMETA;SAO JOSE DO RIO PRETO;SAO PAULO (SP) - SAO JOSE DO RIO PRETO (SP);SAO PAULO - SAO JOSE DO RIO PRETO;435;CONV. DD;ARTESP;RODOVIARIO;1;46;1384B-1;7;SAO PAULO (SP) - SAO JOSE DO RIO PRETO (SP);435;Vedetes;Normal;Seccionado;Regional SP - Interior;435
7513;COMETA;SAO JOSE DO RIO PRETO;SAO PAULO (SP) - SAO JOSE DO RIO PRETO (SP);SAO PAULO - SAO JOSE DO RIO PRETO;435;EXEC. DD;ARTESP;RODOVIARIO;1;46;1384B-1;7;SAO PAULO (SP) - SAO JOSE DO RIO PRETO (SP);435;Vedetes;Normal;Seccionado;Regional SP - Interior;435
7516;COMETA;SAO JOSE DO RIO PRETO;SAO PAULO (SP) - SAO JOSE DO RIO PRETO (SP);SAO PAULO - SAO JOSE DO RIO PRETO;472,5;CONV. DD;ARTESP;RODOVIARIO;1;46;1384B-2;7;SAO PAULO (SP) - SAO JOSE DO RIO PRETO (SP);472,5;Vedetes;Normal;Seccionado;Regional SP - Interior;472,5
7517;COMETA;SAO JOSE DO RIO PRETO;SAO PAULO (SP) - SAO JOSE DO RIO PRETO (SP);SAO PAULO - SAO JOSE DO RIO PRETO;472,5;EXEC. DD;ARTESP;RODOVIARIO;1;46;1384B-2;7;SAO PAULO (SP) - SAO JOSE DO RIO PRETO (SP);472,5;Vedetes;Normal;Seccionado;Regional SP - Interior;472,5
7520;COMETA;SAO JOSE DO RIO PRETO;RIOLANDIA (SP) - SAO PAULO (SP);SAO PAULO - SAO JOSE DO RIO PRETO;612,79;CONVENCIONAL;ARTESP;RODOVIARIO          ;1;46;0124A-1;7;RIOLANDIA (SP) - SAO PAULO (SP);612,79;Vedetes;Normal;Seccionado;Regional SP - Interior;612,8
7521;COMETA;BELO HORIZONTE;BELO HORIZONTE (MG) - CURITIBA (PR);SAO PAULO - BELO HORIZONTE;1015,96;SEMILEITO PREMIUM;ANTT;RODOVIARIO          ;1;46;06-0304-31;7;BELO HORIZONTE (MG) - CURITIBA (PR);1015,96;Vedetes;Normal;Seccionado;Regional SP - ANTT;1015,96
7523;COMETA;BELO HORIZONTE;BELO HORIZONTE (MG) - SOROCABA (SP);SAO PAULO - BELO HORIZONTE;680,89;SEMILEITO PREMIUM;ANTT;RODOVIARIO          ;1;46;06-0309-31;7;BELO HORIZONTE (MG) - SOROCABA (SP);680,89;Vedetes;Normal;Seccionado;Regional SP - ANTT;680,9
7525;COMETA;BELO HORIZONTE;SANTOS (SP) - BELO HORIZONTE (MG);SAO PAULO - BELO HORIZONTE;677,1;CONV. DD;ANTT;RODOVIARIO          ;1;46;08-0049-00;7;SANTOS (SP) - BELO HORIZONTE (MG);677,1;Vedetes;Normal;Seccionado;Regional SP - ANTT;677,1
7527;COMETA;BELO HORIZONTE;SAO PAULO (SP) - BELO HORIZONTE (MG);SAO PAULO - BELO HORIZONTE;595,1;EXECUTIVO;ANTT;RODOVIARIO          ;1;46;8005661;7;SAO PAULO (SP) - BELO HORIZONTE (MG);595,1;Vedetes;Normal;Seccionado;Regional SP - ANTT;595,1
7528;COMETA;BELO HORIZONTE;SANTOS (SP) - BELO HORIZONTE (MG);SAO PAULO - BELO HORIZONTE;677,1;EXEC. DD;ANTT;RODOVIARIO          ;1;46;08-0049-61;7;SANTOS (SP) - BELO HORIZONTE (MG);677,1;Vedetes;Normal;Seccionado;Regional SP - ANTT;677,1
7537;COMETA;BELO HORIZONTE;SANTOS (SP) - BELO HORIZONTE (MG);SAO PAULO - BELO HORIZONTE;677,11;CONVENCIONAL;ANTT;RODOVIARIO;1;46;08-0049-00;7;SANTOS (SP) - BELO HORIZONTE (MG);677,11;Vedetes;Frequência Mínima;Seccionado;Regional SP - ANTT;677,11
7538;COMETA;BELO HORIZONTE;SANTOS (SP) - BELO HORIZONTE (MG);SAO PAULO - BELO HORIZONTE;677,11;EXECUTIVO;ANTT;RODOVIARIO          ;1;46;08-0049-61;7;SANTOS (SP) - BELO HORIZONTE (MG);677,11;Vedetes;Normal;Seccionado;Regional SP - ANTT;677,11
7540;COMETA;SANTOS;SAO PAULO (SP) - PRAIA GRANDE (SP) (TUDE BASTOS);GRANDE SAO PAULO - BAIXADA SANTISTA;97,4;LITORANEO;ARTESP;RODOVIARIO;1;46;5233-01;7;SAO PAULO (SP) - PRAIA GRANDE (SP) (TUDE BASTOS);97,4;Demais Mercados;Normal;Seccionado;Regional SP - Curtas;97,4
7541;COMETA;BELO HORIZONTE;EMBU DAS ARTES (SP) - BELO HORIZONTE (MG);SAO PAULO - BELO HORIZONTE;595,1;CONV. DD;ANTT;RODOVIARIO          ;1;46;08-0056-00;7;EMBU DAS ARTES (SP) - BELO HORIZONTE (MG);595,1;Vedetes;Normal;Seccionado;Regional SP - ANTT;595,1
7543;COMETA;SANTOS;SANTO ANDRE (SP) - GUARUJA (SP);GRANDE SAO PAULO - BAIXADA SANTISTA;69,7;LITORANEO;ARTESP;RODOVIARIO          ;1;46;8065;7;SANTO ANDRE (SP) - GUARUJA (SP);69,7;Demais Mercados;Normal;Seccionado;Regional SP - Curtas;69,7
7544;COMETA;BELO HORIZONTE;CAMPINAS (SP) - BELO HORIZONTE (MG) (VIA CONTAGEM);SAO PAULO - BELO HORIZONTE;521,7;CONV. DD;ANTT;RODOVIARIO;1;46;8020700;7;CAMPINAS (SP) - BELO HORIZONTE (MG) (VIA CONTAGEM);521,7;Vedetes;Normal;Seccionado;Regional SP - ANTT;521,7
7547;COMETA;BELO HORIZONTE;SAO PAULO (SP) - BELO HORIZONTE (MG);SAO PAULO - BELO HORIZONTE;596,1;CONVENCIONAL;ANTT;RODOVIARIO;1;46;08-0056-00;7;SAO PAULO (SP) - BELO HORIZONTE (MG);596,1;Vedetes;Normal;Seccionado;Regional SP - ANTT;596,1
7550;WEMOBI;WEMOBI;SAO PAULO (SP) - CURITIBA (PR);WEMOBI;431,21;COMFORT POP EXECUTIVO;ANTT;RODOVIARIO          ;0;46;08-0062-61;7;SAO PAULO (SP) - CURITIBA (PR);431,21;Demais Mercados;Normal;Seccionado;WEMOBI;431,21
7554;WEMOBI;WEMOBI;SAO PAULO (SP) - BELO HORIZONTE (MG);WEMOBI;595,1;COMFORT POP EXECUTIVO;ANTT;RODOVIARIO          ;0;46;08-0056-61;7;SAO PAULO (SP) - BELO HORIZONTE (MG);595,1;Demais Mercados;Normal;Seccionado;WEMOBI;595,1
7557;WEMOBI;WEMOBI;JUIZ DE FORA (MG) - SAO PAULO (SP);WEMOBI;513,7;COMFORT POP EXECUTIVO;ANTT;RODOVIARIO          ;0;46;06-0316-61;7;JUIZ DE FORA (MG) - SAO PAULO (SP);513,7;Demais Mercados;Normal;Seccionado;WEMOBI;471,79
7558;WEMOBI;WEMOBI;SAO PAULO (SP) - FRANCA (SP);WEMOBI;418;COMFORT EXECUTIVO;ARTESP;RODOVIARIO          ;0;46;828-01;7;SAO PAULO (SP) - FRANCA (SP);418;Demais Mercados;Normal;Seccionado;WEMOBI;421
7562;WEMOBI;WEMOBI;CAMPINAS (SP) - RIO DE JANEIRO (RJ);WEMOBI;503,7;COMFORT POP EXECUTIVO;ANTT;RODOVIARIO;1;46;08-0340-60;7;CAMPINAS (SP) - RIO DE JANEIRO (RJ);503,7;Demais Mercados;Normal;Seccionado;WEMOBI;406,6
7563;COMETA;BELO HORIZONTE;SAO PAULO (SP) - BELO HORIZONTE (MG);SAO PAULO - BELO HORIZONTE;595,11;EXECUTIVO;ANTT;RODOVIARIO          ;1;46;08-0056-61;7;SAO PAULO (SP) - BELO HORIZONTE (MG);595,11;Vedetes;Normal;Seccionado;Regional SP - ANTT;595,11
7565;COMETA;JUNDIAI;SAO PAULO TBF (SP) - JUNDIAI (SP);SAO PAULO - JUNDIAI;71;CONVENCIONAL;ARTESP;RODOVIARIO          ;1;46;1088-02;7;SAO PAULO TBF (SP) - JUNDIAI (SP);71;Demais Mercados;Normal;Seccionado;Regional SP - Curtas;71
7566;COMETA;BELO HORIZONTE;CAMPINAS (SP) - BELO HORIZONTE (MG) (VIA CONTAGEM);SAO PAULO - BELO HORIZONTE;521,7;SEMILEITO PREMIUM;ANTT;RODOVIARIO;1;46;8020731;7;CAMPINAS (SP) - BELO HORIZONTE (MG) (VIA CONTAGEM);521,7;Vedetes;Normal;Seccionado;Regional SP - ANTT;521,7
7593;COMETA;BELO HORIZONTE;SOROCABA (SP) - BELO HORIZONTE (MG) VIA CAMPINAS;SAO PAULO - BELO HORIZONTE;624,1;CONV. DD;ANTT;RODOVIARIO          ;1;46;08-0211-00;7;SOROCABA (SP) - BELO HORIZONTE (MG) VIA CAMPINAS;624,1;Vedetes;Normal;Seccionado;Regional SP - ANTT;624,1
7594;COMETA;BELO HORIZONTE;SOROCABA (SP) - BELO HORIZONTE (MG) VIA CAMPINAS;SAO PAULO - BELO HORIZONTE;624,1;SEMILEITO PREMIUM;ANTT;RODOVIARIO          ;1;46;08-0211-31;7;SOROCABA (SP) - BELO HORIZONTE (MG) VIA CAMPINAS;624,1;Vedetes;Normal;Seccionado;Regional SP - ANTT;624,1
7595;COMETA;CAMPINAS;CAMPINAS (SP) - RIO DE JANEIRO (RJ);INTERIOR SP MG - RIO DE JANEIRO;503,69;CONV. DD;ANTT;RODOVIARIO          ;1;46;08-0044-00;7;CAMPINAS (SP) - RIO DE JANEIRO (RJ);503,69;Demais Mercados;Normal;Seccionado;Regional SP - ANTT;503,7
7596;COMETA;CAMPINAS;CAMPINAS (SP) - RIO DE JANEIRO (RJ);INTERIOR SP MG - RIO DE JANEIRO;503,69;EXEC GTV;ANTT;RODOVIARIO          ;1;46;08-0044-61;7;CAMPINAS (SP) - RIO DE JANEIRO (RJ);503,69;Demais Mercados;Normal;Seccionado;Regional SP - ANTT;503,7
7618;COMETA;BELO HORIZONTE;BELO HORIZONTE (MG) - CURITIBA (PR);SAO PAULO - BELO HORIZONTE;1015,96;EXEC. DD;ANTT;RODOVIARIO          ;1;46;06-0304-61;7;BELO HORIZONTE (MG) - CURITIBA (PR);1015,96;Vedetes;Normal;Seccionado;Regional SP - ANTT;1015,96
7625;COMETA;BELO HORIZONTE;BELO HORIZONTE (MG) - CURITIBA (PR);SAO PAULO - BELO HORIZONTE;985;CONV. DD;ANTT;RODOVIARIO          ;1;46;06-0304-00;7;BELO HORIZONTE (MG) - CURITIBA (PR);985;Vedetes;Normal;Seccionado;Regional SP - ANTT;985
7626;COMETA;BELO HORIZONTE;SOROCABA (SP) - BELO HORIZONTE (MG);SAO PAULO - BELO HORIZONTE;684,7;CONV. DD;ANTT;RODOVIARIO          ;1;46;08-0069-00;7;SOROCABA (SP) - BELO HORIZONTE (MG);684,7;Vedetes;Normal;Seccionado;Regional SP - ANTT;684,7
7637;COMETA;VOLTA REDONDA;VOLTA REDONDA (RJ) - SAO PAULO (SP) (VAI DIRETO);SAO PAULO - VALE DO PARAIBA;316,89;SEMI LEITO - VAI DIRETO;ANTT;RODOVIARIO          ;1;46;07-0074-31;7;VOLTA REDONDA (RJ) - SAO PAULO (SP) (VAI DIRETO);316,89;Demais Mercados;Normal;Seccionado;Regional SP - ANTT;316,9
7649;COMETA;RIBEIRAO PRETO;FRANCA (SP) - PRAIA GRANDE (SP);INTERIOR SP - BAIXADA SANTISTA;536,29;EXECUTIVO;ARTESP;RODOVIARIO          ;1;46;925,3;7;FRANCA (SP) - PRAIA GRANDE (SP);536,29;Demais Mercados;Normal;Seccionado;Regional SP - Interior;536,3
7650;COMETA;ARARAQUARA;SAO PAULO (SP) - ARARAQUARA (SP);SAO PAULO - ARARAQUARA;278;CONV. DD;ARTESP;RODOVIARIO          ;1;46;6858;7;SAO PAULO (SP) - ARARAQUARA (SP);278;Vedetes;Normal;Seccionado;Regional SP - Interior;278
7654;COMETA;BELO HORIZONTE;SOROCABA (SP) - BELO HORIZONTE (MG) (VIA CAMPINAS);SAO PAULO - BELO HORIZONTE;624,1;EXEC. DD;ANTT;RODOVIARIO          ;1;46;08-0211-61;7;SOROCABA (SP) - BELO HORIZONTE (MG) (VIA CAMPINAS);624,1;Vedetes;Normal;Seccionado;Regional SP - ANTT;624,1
7656;COMETA;JUIZ DE FORA;JUIZ DE FORA (MG) - OSASCO (SP);SAO PAULO - SUL DE MINAS;491,19;CONV. DD;ANTT;RODOVIARIO          ;1;46;06-0316-00;7;JUIZ DE FORA (MG) - OSASCO (SP);491,19;Demais Mercados;Normal;Seccionado;Regional SP - ANTT;491,19
7670;COMETA;BELO HORIZONTE;SAO PAULO (SP) - BELO HORIZONTE (MG);SAO PAULO - BELO HORIZONTE;595,1;CONV. DD;ANTT;RODOVIARIO          ;1;46;08-0056-00;7;SAO PAULO (SP) - BELO HORIZONTE (MG);595,1;Vedetes;Normal;Seccionado;Regional SP - ANTT;595,1
7683;COMETA;CAXAMBU;CAXAMBU (MG) - SAO PAULO (SP);SAO PAULO - SUL DE MINAS;297,58;EXECUTIVO;ANTT;RODOVIARIO          ;1;46;06-056160;7;CAXAMBU (MG) - SAO PAULO (SP);297,58;Demais Mercados;Normal;Seccionado;Regional SP - ANTT;297,59
7686;COMETA;SANTOS;MOGI DAS CRUZES (SP) - PRAIA GRANDE (SP);GRANDE SAO PAULO - BAIXADA SANTISTA;147,4;LITORANEO;ARTESP;RODOVIARIO          ;1;46;6492A-2;7;MOGI DAS CRUZES (SP) - PRAIA GRANDE (SP);147,4;Vedetes;Normal;Seccionado;Regional SP - Curtas;147,4
7688;COMETA;SANTOS;SAO PAULO (SP) - SANTOS (SP);GRANDE SAO PAULO - BAIXADA SANTISTA;65,7;LITORANEO;ARTESP;RODOVIARIO          ;1;46;6839A-2;7;SAO PAULO (SP) - SANTOS (SP);65,7;Demais Mercados;Normal;Seccionado;Regional SP - Curtas;65,7
7705;COMETA;JUIZ DE FORA;JUIZ DE FORA (MG) - SAO PAULO (SP);SAO PAULO - SUL DE MINAS;471,88;EXEC. DD;ANTT;RODOVIARIO          ;1;46;06-0416-61;7;JUIZ DE FORA (MG) - SAO PAULO (SP);471,88;Demais Mercados;Normal;Seccionado;Regional SP - ANTT;471,89
7706;COMETA;VOLTA REDONDA;VOLTA REDONDA (RJ) - DIADEMA (SP);SAO PAULO - VALE DO PARAIBA;329,16;SEMILEITO PREMIUM;ANTT;RODOVIARIO          ;1;46;07-0076-31;7;VOLTA REDONDA (RJ) - DIADEMA (SP);329,16;Demais Mercados;Normal;Seccionado;Regional SP - ANTT;329,16
7708;COMETA;VOLTA REDONDA;VOLTA REDONDA (RJ) - DIADEMA (SP);SAO PAULO - VALE DO PARAIBA;329,16;CONV. DD;ANTT;RODOVIARIO          ;1;46;07-0076-00;7;VOLTA REDONDA (RJ) - DIADEMA (SP);329,16;Demais Mercados;Normal;Seccionado;Regional SP - ANTT;329,16
7732;COMETA;CAMPINAS;PIRACICABA (SP) - RIO DE JANEIRO (RJ);INTERIOR SP MG - RIO DE JANEIRO;558,89;CONV. DD;ANTT;RODOVIARIO          ;1;46;08-0047-00;7;PIRACICABA (SP) - RIO DE JANEIRO (RJ);558,89;Demais Mercados;Normal;Seccionado;Regional SP - ANTT;558,9
7734;COMETA;CAMPINAS;PIRACICABA (SP) - RIO DE JANEIRO (RJ);INTERIOR SP MG - RIO DE JANEIRO;558,89;EXEC. DD;ANTT;RODOVIARIO          ;1;46;08-0047-61;7;PIRACICABA (SP) - RIO DE JANEIRO (RJ);558,89;Demais Mercados;Normal;Seccionado;Regional SP - ANTT;558,9
7735;COMETA;CURITIBA;SAO PAULO (SP) - CURITIBA (PR);SAO PAULO - CURITIBA;431,1;SEMILEITO PREMIUM;ANTT;RODOVIARIO          ;1;46;08-0062-31;7;SAO PAULO (SP) - CURITIBA (PR);431,1;Vedetes;Normal;Seccionado;Regional SP - ANTT;431,1
7742;WEMOBI;WEMOBI;BELO HORIZONTE (MG) - RIO DE JANEIRO (RJ);WEMOBI;442,1;COMFORT PLUS SEMI LEITO;ANTT;RODOVIARIO;1;46;06-0305-31;7;BELO HORIZONTE (MG) - RIO DE JANEIRO (RJ);442,1;Demais Mercados;Normal;Seccionado;WEMOBI;442,1
7744;WEMOBI;WEMOBI;SAO PAULO (SP) - BELO HORIZONTE (MG);WEMOBI;595,1;COMFORT PLUS SEMI LEITO;ANTT;RODOVIARIO;1;46;08-0056-31;7;SAO PAULO (SP) - BELO HORIZONTE (MG);595,1;Demais Mercados;Normal;Seccionado;WEMOBI;595,1
7745;COMETA;RIBEIRAO PRETO;SAO PAULO (SP) - RIBEIRAO PRETO (SP);SAO PAULO - RIBEIRAO PRETO;319;EXECUTIVO;ARTESP;RODOVIARIO          ;1;46;6376;7;SAO PAULO (SP) - RIBEIRAO PRETO (SP);319;Vedetes;Normal;Seccionado;Regional SP - Interior;319
7746;COMETA;FRANCA;SAO PAULO (SP) - FRANCA (SP);SAO PAULO - FRANCA;418;EXECUTIVO;ARTESP;RODOVIARIO          ;1;46;0828-01;7;SAO PAULO (SP) - FRANCA (SP);418;Vedetes;Normal;Seccionado;Regional SP - Interior;418
7749;WEMOBI;WEMOBI;SAO PAULO (SP) - BELO HORIZONTE (MG);WEMOBI;595,1;COMFORT PLUS SEMI LEITO;ANTT;RODOVIARIO          ;1;46;08-0056-31;7;SAO PAULO (SP) - BELO HORIZONTE (MG);595,1;Demais Mercados;Normal;Seccionado;WEMOBI;595,1
7753;COMETA;JUIZ DE FORA;SAO PAULO (SP) - JUIZ DE FORA (MG);SAO PAULO - SUL DE MINAS;513,71;CONV. DD;ANTT;RODOVIARIO          ;1;46;08-0063-00;7;SAO PAULO (SP) - JUIZ DE FORA (MG);513,71;Demais Mercados;Normal;Seccionado;Regional SP - ANTT;513,71
7838;COMETA;SAO JOSE DO RIO PRETO;SAO PAULO (SP) - SAO JOSE DO RIO PRETO (SP);SAO PAULO - SAO JOSE DO RIO PRETO;435;CONVENCIONAL;ARTESP;RODOVIARIO          ;1;46;1384-03;7;SAO PAULO (SP) - SAO JOSE DO RIO PRETO (SP);435;Vedetes;Normal;Seccionado;Regional SP - Interior;435
7839;COMETA;JUIZ DE FORA;JUIZ DE FORA (MG) - SAO PAULO (SP);SAO PAULO - SUL DE MINAS;491,19;EXECUTIVO;ANTT;RODOVIARIO          ;1;46;06-0316-61;7;JUIZ DE FORA (MG) - SAO PAULO (SP);491,19;Demais Mercados;Normal;Seccionado;Regional SP - ANTT;491,19
2061;1001;ITAPERUNA;RIO DE JANEIRO (RJ) - NOVA FRIBURGO (RJ);RIO - FRIB/REG.SERRANA;140;EXECUTIVO;DETRO/RJ;RODOVIARIO          ;1;46;;2;RIO DE JANEIRO (RJ) - NOVA FRIBURGO (RJ);140;Demais Mercados;Normal;Seccionado;Regional Rio;140
2642;1001;SAO PAULO;NOVA FRIBURGO (RJ) - CASTELO (RJ);CASTELO-LAGOS/FRIBURGO;144;S/WC - CONV.C/AR;ANTT;RODOVIARIO          ;1;46;;2;NOVA FRIBURGO (RJ) - CASTELO (RJ);144;Demais Mercados;Normal;Seccionado;Regional Rio;144
2062;1001;CABO FRIO;RIO DE JANEIRO (RJ) - ARRAIAL DO CABO (RJ) (VIA NIT-P.SECA);RIO - REG.LAGOS;141,9;EXECUTIVO;DETRO/RJ;RODOVIARIO          ;1;46;;2;RIO DE JANEIRO (RJ) - ARRAIAL DO CABO (RJ) (VIA NIT-P.SECA);141,9;Vedetes;Normal;Seccionado;Regional Rio;141,9
3991;CATARINENSE;BLUMENAU;FLORIANOPOLIS (SC) - BLUMENAU (SC);FLORIANOPOLIS - CONCORDIA;154,25;CONVENCIONAL;DETER/SC;RODOVIARIO          ;1;46;;3;FLORIANOPOLIS (SC) - BLUMENAU (SC);154,25;Demais Mercados;Normal;Seccionado;Regional Sul;154,26
3993;CATARINENSE;JOINVILLE;JOINVILLE (SC) - CONCORDIA (SC);FLORIANOPOLIS - CONCORDIA;534,85;CONVENCIONAL;DETER/SC;RODOVIARIO          ;1;46;;3;JOINVILLE (SC) - CONCORDIA (SC);534,85;;;;Regional Sul;534,85
7395;COMETA;BELO HORIZONTE;SANTOS (SP) - BELO HORIZONTE (MG);SAO PAULO - BELO HORIZONTE;677,11;SEMILEITO PREMIUM;ANTT;RODOVIARIO          ;1;46;8004931;7;SANTOS (SP) - BELO HORIZONTE (MG);677,11;Vedetes;Normal;Seccionado;Regional SP - ANTT;677,11
3107;CATARINENSE;FLORIANOPOLIS;ARARANGUA (SC) - SAO PAULO (SP);SP - LITORAL SC;903,23;SEMILTO. DD;ANTT;RODOVIARIO          ;1;46;16021530;3;ARARANGUA (SC) - SAO PAULO (SP);903,23;Vedetes;Normal;Seccionado;Regional Sul;903,23
30011;CATARINENSE;BLUMENAU;CURITIBA (PR) - BLUMENAU (SC);CURITIBA - INTERIOR SC ;244;CONVENCIONAL;ANTT;RODOVIARIO          ;1;46;9057000;3;CURITIBA (PR) - BLUMENAU (SC);244;;;;Regional Sul;244
30019;CATARINENSE;SÃO PAULO;RIO DE JANEIRO (RJ) - SAO PAULO (SP);SOROCABA - RIO ;412;EXECUTIVO;ANTT;RODOVIARIO          ;1;46;7017761;3;RIO DE JANEIRO (RJ) - SAO PAULO (SP);412;;;;Regional Sul;412
30020;CATARINENSE;MARINGA;MARINGA (PR) - SAO PAULO (SP);SAO PAULO - MARINGA;627;EXECUTIVO;ANTT;RODOVIARIO          ;1;46;9032861;3;MARINGA (PR) - SAO PAULO (SP);627;Demais Mercados;Normal;Seccionado;Regional Sul;627
30023;CATARINENSE;FLORIANOPOLIS;FLORIANOPOLIS (SC) - SAO PAULO (SP);SP - LITORAL SC;700;EXECUTIVO;ANTT;RODOVIARIO          ;1;46;16021361;3;FLORIANOPOLIS (SC) - SAO PAULO (SP);700;;;;Regional Sul;700
2093;1001;MARUI;RIO DE JANEIRO (RJ) - S.PEDRO ALDEIA (RJ) (MANILHA-ARARUAMA);NITEROI - ARAR/SAQ PROM.;145,3;S/WC - CONV.C/AR;DETRO/RJ;URBANO              ;1;46;2093;2;RIO DE JANEIRO (RJ) - S.PEDRO ALDEIA (RJ) (MANILHA-ARARUAMA);145,3;;;;Regional Rio;
30021;CATARINENSE;FLORIANOPOLIS;FLORIANOPOLIS (SC) - SAO PAULO (SP);SP - LITORAL SC;700;SEMI LEITO;ANTT;RODOVIARIO          ;1;46;16021330;3;FLORIANOPOLIS (SC) - SAO PAULO (SP);700;;;;Regional Sul;700
30024;CATARINENSE;FLORIANOPOLIS;FLORIANOPOLIS (SC) - SAO PAULO (SP);SP - LITORAL SC;691,25;SEMILTO. DD;ANTT;RODOVIARIO          ;1;46;16021630;3;FLORIANOPOLIS (SC) - SAO PAULO (SP);691,25;;;;Regional Sul;691,25
70023;COMETA;RIBEIRAO PRETO;FRANCA (SP) - PRAIA GRANDE (SP);INTERIOR SP - BAIXADA SANTISTA;536,29;LITORANEO;ARTESP;RODOVIARIO          ;1;46;9253A-1;7;FRANCA (SP) - PRAIA GRANDE (SP);536,29;;;;Regional SP - Interior;536,29
7344;COMETA;SANTOS;SAO PAULO (SP) - PRAIA GRANDE (SP) (SOLEMAR);GRANDE SAO PAULO - BAIXADA SANTISTA;104;LITORANEO;ARTESP;RODOVIARIO          ;1;46;9534A-1;7;SAO PAULO (SP) - PRAIA GRANDE (SP) (SOLEMAR);104;;;;Regional SP - Curtas;104
2783;1001;ITAPERUNA;PIRAPETINGA (MG) - RIO DE JANEIRO (RJ);RIO - PIRAPETINGA/ITAPERUNA;226,3;CONVENCIONAL;ANTT;RODOVIARIO          ;1;46;6035200;2;PIRAPETINGA (MG) - RIO DE JANEIRO (RJ);226,3;;;;Regional Rio;226,3
2767;1001;ITAPERUNA;PIRAPETINGA (MG) - RIO DE JANEIRO (RJ);RIO - PIRAPETINGA/ITAPERUNA;226,3;CONVENCIONAL;ANTT;RODOVIARIO          ;1;46;6035200;2;PIRAPETINGA (MG) - RIO DE JANEIRO (RJ);226,3;;;;Regional Rio;226,3
30018;CATARINENSE;FLORIANOPOLIS;BALNEARIO CAMBORIU - SC - JARAGUA DO SUL (SC);FLORIANOPOLIS - MAFRA;131,66;CONV. DD;DETER/SC;RODOVIARIO          ;1;46;264-1;3;BALNEARIO CAMBORIU - SC - JARAGUA DO SUL (SC);131,66;;;;Regional Sul;131,66
70022;COMETA;JUIZ DE FORA;JUIZ DE FORA (MG) - SAO VICENTE (SP);SAO PAULO - SUL DE MINAS;558,59;EXECUTIVO;ANTT;RODOVIARIO          ;1;46;6031561;7;JUIZ DE FORA (MG) - SAO VICENTE (SP);558,59;;;;Regional SP - ANTT;558,59
30026;CATARINENSE;CURITIBA;BALNEARIO CAMBORIU (SC) - SAO LEOPOLDO (RS) VIA POA;CURITIBA - SANTA MARIA;541,13;SEMILTO. DD;ANTT;RODOVIARIO          ;1;46;16013831;3;BALNEARIO CAMBORIU (SC) - SAO LEOPOLDO (RS) VIA POA;541,13;;;;Regional Sul;541,13
2089;1001;MARUI;NITEROI (RJ) - ARARUAMA (RJ) (VIA SERRA);NITEROI - ARAR/SAQ PROM.;99;CONVENCIONAL;DETRO/RJ;SELETIVO;1;46;2089;2;NITEROI (RJ) - ARARUAMA (RJ) (VIA SERRA);99;Demais Mercados;Normal;Seccionado;Regional Rio;
2094;1001;CABO FRIO;RIO DE JANEIRO (RJ) - CABO FRIO (RJ) (VIA NITEROI-ARARUAMA);RIO - REG.LAGOS;163,9;EXECUTIVO;DETRO/RJ;RODOVIARIO          ;1;46;2094;2;RIO DE JANEIRO (RJ) - CABO FRIO (RJ) (VIA NITEROI-ARARUAMA);163,9;;;;Regional Rio;163,9
2095;1001;ITAPERUNA;RIO DE JANEIRO (RJ) - ITAPERUNA (RJ) (NIT-S.A.PADUA-MIRACEMA;RIO - PIRAPETINGA/ITAPERUNA;258,75;CONVENCIONAL;DETRO/RJ;RODOVIARIO;1;46;2095;2;RIO DE JANEIRO (RJ) - ITAPERUNA (RJ) (NIT-S.A.PADUA-MIRACEMA;258,75;;;;Regional Rio;258,76
2096;1001;ITAPERUNA;RIO DE JANEIRO (RJ) - ITAPERUNA (RJ) (NIT-FRIBURGO-MIRACEMA);RIO - PIRAPETINGA/ITAPERUNA;356,44;CONVENCIONAL;DETRO/RJ;RODOVIARIO;1;46;2096;2;RIO DE JANEIRO (RJ) - ITAPERUNA (RJ) (NIT-FRIBURGO-MIRACEMA);356,44;;;;Regional Rio;356,45
20004;1001;SAO PAULO;NITEROI (RJ) - SAO BERNARDO DO CAMPO (SP);SP - NIT/CPS/MAC/FRIB/CBF;470,89;SEMILTO. DD;ANTT;RODOVIARIO          ;1;46;7009431;2;NITEROI (RJ) - SAO BERNARDO DO CAMPO (SP);470,89;;;;Regional Rio;470,9
20006;1001;SAO PAULO;NITEROI (RJ) - SAO BERNARDO DO CAMPO (SP);SP - NIT/CPS/MAC/FRIB/CBF;470,89;CONV. DD;ANTT;RODOVIARIO          ;1;46;7009400;2;NITEROI (RJ) - SAO BERNARDO DO CAMPO (SP);470,89;;;;Regional Rio;470,9
20008;1001;SAO PAULO;NITEROI (RJ) - SAO BERNARDO DO CAMPO (SP);SP - NIT/CPS/MAC/FRIB/CBF;470,89;EXEC. DD;ANTT;RODOVIARIO          ;1;46;7009400;2;NITEROI (RJ) - SAO BERNARDO DO CAMPO (SP);470,89;;;;Regional Rio;470,9
30036;CATARINENSE;FLORIANOPOLIS;FLORIANOPOLIS (SC) - CAMPINAS (SP);SP - LITORAL SC;803,86;CONV. DD;ANTT;RODOVIARIO          ;1;46;16008400;3;FLORIANOPOLIS (SC) - CAMPINAS (SP);803,86;;;;Regional Sul;803,86
30038;CATARINENSE;FLORIANOPOLIS;FLORIANOPOLIS (SC) - SAO PAULO (SP);SP - LITORAL SC;691,25;EXEC. DD;ANTT;RODOVIARIO          ;1;46;16009361;3;FLORIANOPOLIS (SC) - SAO PAULO (SP);691,25;;;;Regional Sul;691,25
30044;CATARINENSE;CURITIBA;CURITIBA (PR) - FLORIANOPOLIS (SC);CURITIBA - LITORAL SC;287,14;EXEC. DD;ANTT;RODOVIARIO          ;1;46;9053361;3;CURITIBA (PR) - FLORIANOPOLIS (SC);287,14;;;;Regional Sul;287,14
30046;CATARINENSE;CURITIBA;CURITIBA (PR) - FLORIANOPOLIS (SC);CURITIBA - LITORAL SC;287,14;CONV. DD;ANTT;RODOVIARIO          ;1;46;9053300;3;CURITIBA (PR) - FLORIANOPOLIS (SC);287,14;;;;Regional Sul;287,14
30048;CATARINENSE;CURITIBA;CURITIBA (PR) - FLORIANOPOLIS (SC);CURITIBA - LITORAL SC;287,14;SEMILTO. DD;ANTT;RODOVIARIO          ;1;46;9053331;3;CURITIBA (PR) - FLORIANOPOLIS (SC);287,14;;;;Regional Sul;287,14
30050;CATARINENSE;CURITIBA;CURITIBA (PR) - FLORIANOPOLIS (SC);CURITIBA - LITORAL SC;302,7;EXEC. DD;ANTT;RODOVIARIO          ;1;46;9000261;3;CURITIBA (PR) - FLORIANOPOLIS (SC);302,7;;;;Regional Sul;302,8
30040;CATARINENSE;BALNEARIO CAMBORIU;CURITIBA (PR) - BALNEARIO CAMBORIU (SC);CURITIBA - LITORAL SC;224,71;CONV. DD;ANTT;RODOVIARIO          ;1;46;9041700;3;CURITIBA (PR) - BALNEARIO CAMBORIU (SC);224,71;;;;Regional Sul;224,71
30042;CATARINENSE;BALNEARIO CAMBORIU;CURITIBA (PR) - BALNEARIO CAMBORIU (SC);CURITIBA - LITORAL SC;224,71;SEMILTO. DD;ANTT;RODOVIARIO          ;1;46;9041731;3;CURITIBA (PR) - BALNEARIO CAMBORIU (SC);224,71;;;;Regional Sul;224,71
70052;COMETA;SAO JOSE DO RIO PRETO;SAO PAULO (SP) - SAO JOSE DO RIO PRETO (SP);SAO PAULO - SAO JOSE DO RIO PRETO;472,5;EXEC GTV;ARTESP;RODOVIARIO          ;1;46;1384L-1;7;SAO PAULO (SP) - SAO JOSE DO RIO PRETO (SP);472,5;;;;Regional SP - Interior;472,5
70050;COMETA;SAO JOSE DO RIO PRETO;SAO PAULO (SP) - SAO JOSE DO RIO PRETO (SP);SAO PAULO - SAO JOSE DO RIO PRETO;472,5;CONV. GTV;ARTESP;RODOVIARIO          ;1;46;1384L-1;7;SAO PAULO (SP) - SAO JOSE DO RIO PRETO (SP);472,5;;;;Regional SP - Interior;472,5
70054;COMETA;CAMPINAS;PIRACICABA (SP) - RIO DE JANEIRO (RJ);INTERIOR SP MG - RIO DE JANEIRO;558,89;SEMILTO. DD;ANTT;RODOVIARIO          ;1;46;8004731;7;PIRACICABA (SP) - RIO DE JANEIRO (RJ);558,89;;;;Regional SP - ANTT;558,9
70056;COMETA;SAO JOSE DO RIO PRETO;SAO PAULO (SP) - SAO JOSE DO RIO PRETO (SP);SAO PAULO - SAO JOSE DO RIO PRETO;435;CONV. GTV;ARTESP;RODOVIARIO          ;1;46;1384L-1;7;SAO PAULO (SP) - SAO JOSE DO RIO PRETO (SP);435;;;;Regional SP - Interior;435
70058;COMETA;POCOS DE CALDAS;SAO PAULO (SP) - POCOS DE CALDAS (MG);SAO PAULO - CAMPINAS - POCOS;268,5;EXECUTIVO;ANTT;RODOVIARIO          ;1;46;8036461;7;SAO PAULO (SP) - POCOS DE CALDAS (MG);268,5;;;;Regional SP - Curtas;268,5
70059;COMETA;BELO HORIZONTE;BETIM (MG) - RIO DE JANEIRO (RJ);BELO HORIZONTE - RIO DE JANEIRO;442,31;CONVENCIONAL;ANTT;RODOVIARIO          ;1;46;6030500;7;BETIM (MG) - RIO DE JANEIRO (RJ);442,31;;;;Regional SP - ANTT;442,3
30053;CATARINENSE;FLORIANOPOLIS;FLORIANOPOLIS (SC) - JOINVILLE (SC);FLORIANOPOLIS - JOINVILLE;186,12;CONVENCIONAL;DETER/SC;RODOVIARIO          ;1;46;20063508;3;FLORIANOPOLIS (SC) - JOINVILLE (SC);186,12;Vedetes;Normal;Seccionado;Regional Sul;186,12
30054;CATARINENSE;BLUMENAU;CURITIBA (PR) - FOZ DO IGUACU (PR);SC - FOZ;640;CONV. DD;DER/PR;RODOVIARIO          ;1;46;20063508;3;CURITIBA (PR) - FOZ DO IGUACU (PR);640;;;;Regional Sul;640
70062;COMETA;BELO HORIZONTE;SOROCABA (SP) - BELO HORIZONTE (MG);SAO PAULO - BELO HORIZONTE;684,07;EXECUTIVO;ANTT;RODOVIARIO          ;1;46;8006961;7;SOROCABA (SP) - BELO HORIZONTE (MG);684,07;;;;Regional SP - ANTT;684,07
2683;1001;FRIBURGO;NOVA FRIBURGO - CACHOEIRAS DE MACACU - RJ;REG SERRANA;42,21;S/WC - CONV.C/AR;DETRO/RJ;URBANO              ;1;46;2683;2;NOVA FRIBURGO - CACHOEIRAS DE MACACU - RJ;42,21;;;;Regional Rio;
2267;MACAENSE;UNAMAR;MACAE - CABO FRIO CONV;ATE 100 KM MACAE SELETIVO - MAC;87,5;CONVENCIONAL;DETRO/RJ;SELETIVO            ;1;46;2267;2;MACAE - CABO FRIO CONV;87,5;;;;MACAENSE;
2097;1001;CABO FRIO;RIO DE JANEIRO (RJ) - BUZIOS (RJ);RIO - REG.LAGOS;175;CONV. DD;DETRO/RJ;RODOVIARIO          ;1;46;2097;2;RIO DE JANEIRO (RJ) - BUZIOS (RJ);175;;;;Regional Rio;175
30084;CATARINENSE;FOZ DO IGUACU;FOZ DO IGUACU (PR) - SAO PAULO (SP) - RECORTE GRP;FOZ - SAO PAULO;670;SEMILTO. DD;ANTT;RODOVIARIO          ;1;46;9042430;3;FOZ DO IGUACU (PR) - SAO PAULO (SP) - RECORTE GRP;670;Demais Mercados;Normal;Seccionado;Regional Sul;670
20018;1001;SAO PAULO;NITEROI (RJ) - SAO PAULO (SP);SP - NIT/CPS/MAC/FRIB/CBF;445,6;CONV. DD;ANTT;RODOVIARIO          ;1;46;7009500;2;NITEROI (RJ) - SAO PAULO (SP);445,6;;;;Regional Rio;445,6
30057;CATARINENSE;FLORIANOPOLIS;BALNEARIO CAMBORIU (SC) - ITAJAI (SC);CURITIBA - SANTA MARIA;11,5;CONVENCIONAL;DETER/SC;RODOVIARIO          ;1;46;264-2;3;BALNEARIO CAMBORIU (SC) - ITAJAI (SC);11,5;;;;Regional Sul;11,5
2139;1001;CABO FRIO;AEROPORTO GALEAO (RJ) - BUZIOS (RJ);RIO - REG.LAGOS;190,5;CONV. C/AR;DETRO/RJ;RODOVIARIO          ;1;46;2139;2;AEROPORTO GALEAO (RJ) - BUZIOS (RJ);190,5;;;;Regional Rio;190,5
2787;1001;ITAPERUNA;PIRAPETINGA (MG) - SAO FIDELIS (RJ);RIO - PIRAPETINGA/ITAPERUNA;95,09;CONVENCIONAL;ANTT;RODOVIARIO          ;1;46;6033800;2;PIRAPETINGA (MG) - SAO FIDELIS (RJ);95,09;;;;Regional Rio;95,1
3209;CATARINENSE;CURITIBA;CURITIBA (PR) - FLORIANOPOLIS (SC);CURITIBA - LITORAL SC;302,69;CONVENCIONAL;ANTT;RODOVIARIO          ;1;46;9000300;3;CURITIBA (PR) - FLORIANOPOLIS (SC);302,69;;;;Regional Sul;302,7
3210;CATARINENSE;CURITIBA;CURITIBA (PR) - FLORIANOPOLIS (SC);CURITIBA - LITORAL SC;302,69;CONVENCIONAL;ANTT;RODOVIARIO          ;1;46;9000400;3;CURITIBA (PR) - FLORIANOPOLIS (SC);302,69;;;;Regional Sul;302,7
3213;CATARINENSE;CURITIBA;CURITIBA (PR) - FLORIANOPOLIS (SC);CURITIBA - LITORAL SC;297,75;CONVENCIONAL;ANTT;RODOVIARIO          ;1;46;9004400;3;CURITIBA (PR) - FLORIANOPOLIS (SC);297,75;;;;Regional Sul;297,75
3266;CATARINENSE;CURITIBA;CURITIBA (PR) - SANTA MARIA (RS);CURITIBA - SANTA MARIA ;1051,55;CONVENCIONAL;ANTT;RODOVIARIO          ;1;46;9924500;3;CURITIBA (PR) - SANTA MARIA (RS);1051,55;;;;Regional Sul;1051,55
3275;CATARINENSE;CURITIBA  ;CURITIBA (PR) - RIO DO SUL (SC);CURITIBA - INTERIOR SC ;301,5;CONVENCIONAL;ANTT;RODOVIARIO          ;1;46;9022900;3;CURITIBA (PR) - RIO DO SUL (SC);301,5;;;;Regional Sul;301,5
3521;CATARINENSE;FOZ DO IGUACU;LONDRINA (PR) - SAO PAULO (SP);FOZ - SAO PAULO ;531,5;CONVENCIONAL;ANTT;RODOVIARIO          ;1;46;9032700;3;LONDRINA (PR) - SAO PAULO (SP);531,5;;;;Regional Sul;531,5
3731;CATARINENSE;JOINVILLE;ITAJAI (SC) - JOINVILLE (SC) (COMUM);CURITIBA - LITORAL SC;91;CONVENCIONAL;DETER/SC;RODOVIARIO          ;1;46;47-0;3;ITAJAI (SC) - JOINVILLE (SC) (COMUM);91;;;;Regional Sul;91
3732;CATARINENSE;FLORIANOPOLIS;ITAJAI (SC) - FLORIANOPOLIS (SC) (COMUM);CURITIBA - LITORAL SC;99,04;CONVENCIONAL;DETER/SC;RODOVIARIO          ;1;46;45-0;3;ITAJAI (SC) - FLORIANOPOLIS (SC) (COMUM);99,04;;;;Regional Sul;99,04
7098;COMETA;CAXAMBU;SAO PAULO (SP) - ANDRELANDIA (MG)-1;SAO PAULO - SUL DE MINAS;413,56;CONVENCIONAL;ANTT;RODOVIARIO          ;1;46;8005500;7;SAO PAULO (SP) - ANDRELANDIA (MG)-1;413,56;;;;Regional SP - ANTT;413,57
7146;COMETA;BELO HORIZONTE;SOROCABA (SP) - BELO HORIZONTE (MG);SAO PAULO - BELO HORIZONTE;582,39;EXECUTIVO;ANTT;RODOVIARIO          ;1;46;8006961;7;SOROCABA (SP) - BELO HORIZONTE (MG);582,39;;;;Regional SP - ANTT;582,4
7198;COMETA;CAXAMBU;SAO PAULO (SP) - ANDRELANDIA (MG)-1 EXE;SAO PAULO - SUL DE MINAS;413,56;EXECUTIVO;ANTT;RODOVIARIO          ;1;46;8005561;7;SAO PAULO (SP) - ANDRELANDIA (MG)-1 EXE;413,56;;;;Regional SP - ANTT;413,57
7209;COMETA;SOROCABA;SAO PAULO (SP) - SOROCABA (SP) (PROL. GUARULHOS);SAO PAULO - SOROCABA;120;CONVENCIONAL;ARTESP;RODOVIARIO          ;1;46;8523B-1;7;SAO PAULO (SP) - SOROCABA (SP) (PROL. GUARULHOS);120;;;;Regional SP - Curtas;120
7267;COMETA;CAXAMBU;SAO PAULO (BRAS) (SP) - CRUZILIA (MG);SAO PAULO - SUL DE MINAS;358,6;EXECUTIVO;ANTT;RODOVIARIO          ;1;46;8006161;7;SAO PAULO (BRAS) (SP) - CRUZILIA (MG);358,6;;;;Regional SP - ANTT;358,6
7351;COMETA;FRANCA;SAO PAULO - FRANCA (VIA BANDEIRANTES);SAO PAULO - FRANCA;453;CONVENCIONAL;ARTESP;RODOVIARIO          ;1;46;0828A-1;7;SAO PAULO - FRANCA (VIA BANDEIRANTES);453;;;;Regional SP - Interior;453
7428;COMETA;BELO HORIZONTE;BELO HORIZONTE (MG) - RIO DE JANEIRO (RJ);BELO HORIZONTE - RIO DE JANEIRO;442,3;EXECUTIVO;ANTT;RODOVIARIO          ;1;46;6030561;7;BELO HORIZONTE (MG) - RIO DE JANEIRO (RJ);442,3;;;;Regional SP - ANTT;442,3
70068;COMETA;BELO HORIZONTE;BELO HORIZONTE (MG) - RIO DE JANEIRO (RJ);BELO HORIZONTE - RIO DE JANEIRO;469;CONVENCIONAL;ANTT;RODOVIARIO          ;1;46;6030500;7;BELO HORIZONTE (MG) - RIO DE JANEIRO (RJ);469;;;;Regional SP - ANTT;469
70073;COMETA;BELO HORIZONTE;EMBU DAS ARTES (SP) - BELO HORIZONTE (MG);SAO PAULO - BELO HORIZONTE;638,7;CONVENCIONAL;ANTT;RODOVIARIO          ;1;46;8005600;7;EMBU DAS ARTES (SP) - BELO HORIZONTE (MG);638,7;;;;Regional SP - ANTT;638,7
70074;COMETA;BELO HORIZONTE;SAO PAULO (SP) - BELO HORIZONTE (MG) - VIA JK;SAO PAULO - BELO HORIZONTE;661;CONVENCIONAL;ANTT;RODOVIARIO          ;1;46;8005600;7;SAO PAULO (SP) - BELO HORIZONTE (MG) - VIA JK;661;;;;Regional SP - ANTT;661
70075;COMETA;CAMPINAS;CAMPINAS (SP) - RIO DE JANEIRO (RJ) - VIA AEROPORTO SANTOS;INTERIOR SP MG - RIO DE JANEIRO;406;CONVENCIONAL;ANTT;RODOVIARIO          ;1;46;8034000;7;CAMPINAS (SP) - RIO DE JANEIRO (RJ) - VIA AEROPORTO SANTOS;406;;;;Regional SP - ANTT;406
70076;COMETA;CURITIBA;GUARULHOS (SP) - CURITIBA (PR);SAO PAULO - CURITIBA;505;EXECUTIVO;ANTT;RODOVIARIO          ;1;46;8006261;7;GUARULHOS (SP) - CURITIBA (PR);505;;;;Regional SP - ANTT;505
70077;COMETA;CURITIBA;GUARULHOS (SP) - CURITIBA (PR);SAO PAULO - CURITIBA;505;CONVENCIONAL;ANTT;RODOVIARIO          ;1;46;8006200;7;GUARULHOS (SP) - CURITIBA (PR);505;;;;Regional SP - ANTT;505
70079;COMETA;CURITIBA;SAO BERNARDO DO CAMPO (SP) - CURITIBA (PR);SAO PAULO - CURITIBA;505;CONVENCIONAL;ANTT;RODOVIARIO          ;1;46;8006200;7;SAO BERNARDO DO CAMPO (SP) - CURITIBA (PR);505;;;;Regional SP - ANTT;505
70080;COMETA;CURITIBA;SAO BERNARDO DO CAMPO (SP) - CURITIBA (PR);SAO PAULO - CURITIBA;505;EXECUTIVO;ANTT;RODOVIARIO          ;1;46;8006261;7;SAO BERNARDO DO CAMPO (SP) - CURITIBA (PR);505;;;;Regional SP - ANTT;505
70081;COMETA;CAXAMBU;SAO PAULO (SP) - CAXAMBU (MG) - VIA GUARULHOS;SAO PAULO - SUL DE MINAS;339;CONVENCIONAL;ANTT;RODOVIARIO          ;1;46;8005961;7;SAO PAULO (SP) - CAXAMBU (MG) - VIA GUARULHOS;339;;;;Regional SP - ANTT;339
70084;COMETA;JUIZ DE FORA;SAO PAULO (SP) - JUIZ DE FORA (MG);SAO PAULO - SUL DE MINAS;519;CONVENCIONAL;ANTT;RODOVIARIO          ;1;46;8006300;7;SAO PAULO (SP) - JUIZ DE FORA (MG);519;;;;Regional SP - ANTT;519
70093;COMETA;JUIZ DE FORA;JUIZ DE FORA (MG) - SAO PAULO (SP);SAO PAULO - SUL DE MINAS;468;CONVENCIONAL;ANTT;RODOVIARIO          ;1;46;6051200;7;JUIZ DE FORA (MG) - SAO PAULO (SP);468;;;;Regional SP - ANTT;468
20012;1001;CAMPOS;GOVERNADOR VALADARES (MG) - CAMPOS DOS GOYTACAZES (RJ);GOV.VALADARES - CAMPOS;522;EXECUTIVO;ANTT;RODOVIARIO          ;1;46;6032961;2;GOVERNADOR VALADARES (MG) - CAMPOS DOS GOYTACAZES (RJ);522;;;;Regional Rio;522
20013;1001;CAMPOS;GOVERNADOR VALADARES (MG) - CAMPOS DOS GOYTACAZES (RJ);GOV.VALADARES - CAMPOS;522;CONVENCIONAL;ANTT;RODOVIARIO          ;1;46;6032900;2;GOVERNADOR VALADARES (MG) - CAMPOS DOS GOYTACAZES (RJ);522;;;;Regional Rio;522
30088;CATARINENSE;ITAJAI;CURITIBA (PR) - NAVEGANTES (SC) - RECORTE PCR;CURITIBA - LITORAL SC ;178,86;CONVENCIONAL;ANTT;RODOVIARIO          ;1;46;9003900;3;CURITIBA (PR) - NAVEGANTES (SC) - RECORTE PCR;178,86;;;;Regional Sul;178,86
70094;COMETA;POCOS DE CALDAS;GUARULHOS (SP) - POCOS DE CALDAS (MG);SAO PAULO - CAMPINAS - POCOS;288,14;CONVENCIONAL;ANTT;RODOVIARIO          ;1;46;8006600;7;GUARULHOS (SP) - POCOS DE CALDAS (MG);288,14;;;;Regional SP - Curtas;288,15
70102;COMETA;CAMPINAS;CAMPINAS (SP) - SANTOS (SP) - VIA PORTO;INTERIOR SP - BAIXADA SANTISTA;206,09;LITORANEO;ARTESP;RODOVIARIO          ;1;46;7011B-1;7;CAMPINAS (SP) - SANTOS (SP) - VIA PORTO;206,09;;;;Regional SP - Curtas;206,09
7549;WEMOBI;WEMOBI;CAMPINAS (SP) - BELO HORIZONTE (MG);WEMOBI;521,7;COMFORT PLUS SEMI LEITO;ANTT;RODOVIARIO          ;1;48;08-0347-30;7;CAMPINAS (SP) - BELO HORIZONTE (MG);521,7;Demais Mercados;Normal;Seccionado;WEMOBI;521,7
2039;1001;MARUI;CNX CASTELO (RJ) - SAQUAREMA (RJ);CASTELO-LAGOS/FRIBURGO;89;S/WC - CONV.C/AR;DETRO/RJ;SELETIVO            ;1;50;2039;2;CNX CASTELO (RJ) - SAQUAREMA (RJ);89;;;;Regional Rio;
2045;1001;MARUI;CNX CASTELO (RJ) - ARARUAMA (RJ);CASTELO-LAGOS/FRIBURGO;99;S/WC - CONV.C/AR;DETRO/RJ;SELETIVO            ;1;50;2045;2;CNX CASTELO (RJ) - ARARUAMA (RJ);99;;;;Regional Rio;
2046;1001;MARUI;CNX CASTELO (RJ) - NOVA FRIBURGO (RJ);CASTELO-LAGOS/FRIBURGO;127;S/WC - CONV.C/AR;DETRO/RJ;SELETIVO            ;1;50;2046;2;CNX CASTELO (RJ) - NOVA FRIBURGO (RJ);127;;;;Regional Rio;
2049;1001;MARUI;CNX CASTELO (RJ) - CASTELO (RJ);CASTELO-LAGOS/FRIBURGO;32;S/WC - CONV.C/AR;DETRO/RJ;SELETIVO            ;1;50;2049;2;CNX CASTELO (RJ) - CASTELO (RJ);32;;;;Regional Rio;
2056;1001;CAMPOS;RIO DE JANEIRO (RJ) - FAROL S.TOME (RJ);RIO - CAMPOS E NORTE FLUM.;281,19;EXEC. DD;DETRO/RJ;RODOVIARIO;1;50;2056;2;RIO DE JANEIRO (RJ) - FAROL S.TOME (RJ);281,19;;;;Regional Rio;281,19
2170;1001;SAO PAULO;NITEROI (RJ) - SAO PAULO (SP);SP - NIT/CPS/MAC/FRIB/CBF;445,6;SEMILTO. DD;ANTT;RODOVIARIO          ;1;50;07-0095-31;2;NITEROI (RJ) - SAO PAULO (SP);445,6;Demais Mercados;Normal;Seccionado;Regional Rio;445,6
2223;1001;FRIBURGO;RIO DE JANEIRO (RJ) - NOVA FRIBURGO (RJ) (VIA NIT-MANILHA);RIO - FRIB/REG.SERRANA;140;S/WC - CONV.C/AR;DETRO/RJ;RODOVIARIO          ;1;50;2223;2;RIO DE JANEIRO (RJ) - NOVA FRIBURGO (RJ) (VIA NIT-MANILHA);140;Demais Mercados;Normal;Seccionado;Regional Rio;140
2507;1001;SAO PAULO;NITEROI (RJ) - SAO PAULO (SP);SP - NIT/CPS/MAC/FRIB/CBF;445,6;SEMILTO. DD;ANTT;RODOVIARIO          ;1;50;07-0095-31;2;NITEROI (RJ) - SAO PAULO (SP);445,6;Demais Mercados;Normal;Seccionado;Regional Rio;445,6
2573;1001;MARUI;NITEROI (RJ) - SAQUAREMA (RJ) (VIA ARARUAMA-JACONE);NITEROI - ARAR/SAQ PROM.;115,01;CONVENCIONAL;DETRO/RJ;SELETIVO            ;1;50;2573;2;NITEROI (RJ) - SAQUAREMA (RJ) (VIA ARARUAMA-JACONE);115,01;Demais Mercados;Normal;Seccionado;Regional Rio;
2575;1001;MARUI;NITEROI (RJ) - SAQUAREMA (RJ) (VIA ARARUAMA-JACONE);NITEROI - ARAR/SAQ PROM.;115,01;CONVENCIONAL;DETRO/RJ;SELETIVO            ;1;50;2575;2;NITEROI (RJ) - SAQUAREMA (RJ) (VIA ARARUAMA-JACONE);115,01;Demais Mercados;Normal;Direto;Regional Rio;
2584;1001;MARUI;NITEROI (RJ) - ARARUAMA (RJ) (VIA SERRA);NITEROI - ARAR/SAQ PROM.;99;CONVENCIONAL;DETRO/RJ;SELETIVO            ;1;50;2584;2;NITEROI (RJ) - ARARUAMA (RJ) (VIA SERRA);99;Demais Mercados;Normal;Seccionado;Regional Rio;
2586;1001;MARUI;NITEROI (RJ) - ARARUAMA (RJ) (VIA SERRA);RIO/NIT - ARAR/SAQ;99;CONVENCIONAL;DETRO/RJ;SELETIVO            ;1;50;2586;2;NITEROI (RJ) - ARARUAMA (RJ) (VIA SERRA);99;Demais Mercados;Normal;Seccionado;Regional Rio;
2608;1001;MARUI;ARARUAMA (RJ) - MACAE (RJ);ATE 100 KM MACAE SELETIVO;94,7;CONVENCIONAL;DETRO/RJ;SELETIVO            ;1;50;2608;2;ARARUAMA (RJ) - MACAE (RJ);94,7;Demais Mercados;Normal;Direto;Regional Rio;
2665;1001;MARUI;NOVA FRIBURGO (RJ) - SAO SEBASTIAO DO ALTO (RJ);REG SERRANA;121;CONVENCIONAL;DETRO/RJ;SELETIVO            ;1;50;2665;2;NOVA FRIBURGO (RJ) - SAO SEBASTIAO DO ALTO (RJ);121;Demais Mercados;Normal;Seccionado;Regional Rio;
2749;1001;MARUI;CHARITAS-RJ -GAVEA-RJ;RIO-NITEROI SELETIVO;164;CONVENCIONAL;DETRO/RJ;SELETIVO            ;1;50;2749;2;CHARITAS-RJ -GAVEA-RJ;164;;;;Regional Rio;
2762;1001;SAO PAULO;CABO FRIO (RJ) - SAO PAULO (SP);SP - NIT/CPS/MAC/FRIB/CBF;582,2;SEMILTO. DD;ANTT;RODOVIARIO          ;1;50;07-0093-31;2;CABO FRIO (RJ) - SAO PAULO (SP);582,2;Demais Mercados;Normal;Seccionado;Regional Rio;582
2980;1001;MARUI;NITEROI (RJ) - SAQUAREMA (RJ) (VIA ARARUAMA-JACONE);NITEROI - ARAR/SAQ PROM.;88;CONVENCIONAL;DETRO/RJ;URBANO              ;1;50;2980;2;NITEROI (RJ) - SAQUAREMA (RJ) (VIA ARARUAMA-JACONE);88;Demais Mercados;Normal;Direto;Regional Rio;
3091;WEMOBI;WEMOBI;RIO DE JANEIRO (RJ) - SAO PAULO (SP);WEMOBI;472;COMFORT PLUS SEMI LEITO;ANTT;RODOVIARIO          ;1;50;7017730;3;RIO DE JANEIRO (RJ) - SAO PAULO (SP);472;Demais Mercados;Normal;Seccionado;WEMOBI;472
3092;WEMOBI;WEMOBI;RIO DE JANEIRO (RJ) - SAO PAULO (SP);WEMOBI;472;DREAM;ANTT;RODOVIARIO          ;1;50;7017751;3;RIO DE JANEIRO (RJ) - SAO PAULO (SP);472;Demais Mercados;Normal;Seccionado;WEMOBI;472
5272;MACAENSE;UNAMAR;MACAE (RJ) - RIO BONITO (RJ);BR 101 URB;112,2;CONVENCIONAL;DETRO/RJ;SELETIVO            ;1;50;B135;5;MACAE (RJ) - RIO BONITO (RJ);112,2;-;-;-;MACAENSE;
5903;MACAENSE;UNAMAR;UNAMAR (RJ) - MACAE (RJ);CABO FRIO - UNAMAR - MACAE URB;50;CONVENCIONAL;DETRO/RJ;SELETIVO            ;1;50;B434;5;UNAMAR (RJ) - MACAE (RJ);50;-;-;-;MACAENSE;
5930;MACAENSE;UNAMAR;CABO FRIO (RJ) - MACAE (RJ);ATE 100 KM MACAE SELETIVO - MAC;80,9;CONVENCIONAL;DETRO/RJ;SELETIVO            ;1;50;5930;5;CABO FRIO (RJ) - MACAE (RJ);80,9;-;-;-;MACAENSE;
5931;MACAENSE;UNAMAR;UNAMAR (RJ) - MACAE (RJ);ATE 100 KM MACAE SELETIVO - MAC;57,5;CONVENCIONAL;DETRO/RJ;SELETIVO            ;1;50;B434;5;UNAMAR (RJ) - MACAE (RJ);57,5;-;-;-;MACAENSE;
5932;MACAENSE;UNAMAR;ARRAIAL DO CABO (RJ) - MACAE (RJ);ATE 100 KM MACAE SELETIVO - MAC;95,25;CONVENCIONAL;DETRO/RJ;SELETIVO            ;1;50;B432;5;ARRAIAL DO CABO (RJ) - MACAE (RJ);95,25;-;-;-;MACAENSE;
5934;MACAENSE;UNAMAR;UNAMAR (RJ) - LOGOMAR (RJ);ATE 100 KM MACAE SELETIVO - MAC;64,79;CONVENCIONAL;DETRO/RJ;SELETIVO            ;1;50;B434;5;UNAMAR (RJ) - LOGOMAR (RJ);64,79;-;-;-;MACAENSE;
7079;COMETA;BELO HORIZONTE;SAO PAULO (SP) - BELO HORIZONTE (MG) VIA CAMPINAS;SAO PAULO - BELO HORIZONTE;689;CONVENCIONAL;ANTT;RODOVIARIO          ;1;50;08-0057-00;7;SAO PAULO (SP) - BELO HORIZONTE (MG) VIA CAMPINAS;689;Vedetes;Normal;Seccionado;Regional SP - ANTT;689
7279;COMETA;VOLTA REDONDA;VOLTA REDONDA (RJ) - DIADEMA (SP) DD 50 PISO UNICO;SAO PAULO - VALE DO PARAIBA;329,16;EXEC. DD;ANTT;RODOVIARIO          ;1;50;07-0076-61;7;VOLTA REDONDA (RJ) - DIADEMA (SP) DD 50 PISO UNICO;329,16;Demais Mercados;Normal;Seccionado;Regional SP - ANTT;329,16
2063;1001;MARUI;RIO DE JANEIRO (RJ) - SAQUAREMA (RJ) (VIA JACONE);NITEROI - ARAR/SAQ PROM.;91;S/WC - CONV.C/AR;DETRO/RJ;URBANO              ;1;50;2063;2;RIO DE JANEIRO (RJ) - SAQUAREMA (RJ) (VIA JACONE);91;;;;Regional Rio;
2065;1001;MARUI;RIO DE JANEIRO (RJ) - ARARUAMA (RJ) (LATINO MELO/BACAXA);NITEROI - ARAR/SAQ PROM.;124;S/WC - CONV.C/AR;DETRO/RJ;URBANO              ;1;50;2065;2;RIO DE JANEIRO (RJ) - ARARUAMA (RJ) (LATINO MELO/BACAXA);124;;;;Regional Rio;
2075;1001;FRIBURGO;RIO DE JANEIRO (RJ) - NOVA FRIBURGO (RJ) (VIA NIT-MANILHA);REG SERRANA;140;S/WC - CONV.C/AR;DETRO/RJ;URBANO              ;1;50;2075;2;RIO DE JANEIRO (RJ) - NOVA FRIBURGO (RJ) (VIA NIT-MANILHA);140;;;;Regional Rio;
2081;1001;MARUI;CHARITAS X BARRA DA TIJUCA (VIA JD. BOTÂNICO) [URB];RIO-NITEROI URBANO;58;URBANO;DETRO/RJ;URBANO;1;50;108063000;2;CHARITAS X BARRA DA TIJUCA (VIA JD. BOTÂNICO) [URB];58;;;;Regional Rio;
2082;1001;MARUI;CHARITAS X BARRA DA TIJUCA (VIA JD. BOTÂNICO) [SEL];RIO-NITEROI SELETIVO;58;SELETIVO;DETRO/RJ;SELETIVO;1;50;108064000;2;CHARITAS X BARRA DA TIJUCA (VIA JD. BOTÂNICO) [SEL];58;;;;Regional Rio;
40003;EXPRESSO;EXPRESSO DO SUL;CURITIBA (PR) - FLORIANOPOLIS (SC) DIRETO;OUTROS MERCADOS;302,69;CONV. DD;ANTT;RODOVIARIO          ;1;50;9023500;4;CURITIBA (PR) - FLORIANOPOLIS (SC) DIRETO;302,69;;;;Regional SP - ANTT;302,7
40005;EXPRESSO;EXPRESSO DO SUL;CURITIBA (PR) - FLORIANOPOLIS (SC) DIRETO;OUTROS MERCADOS;302,69;SEMILTO. DD;ANTT;RODOVIARIO          ;1;50;9023531;4;CURITIBA (PR) - FLORIANOPOLIS (SC) DIRETO;302,69;;;;Regional SP - ANTT;302,7
40007;EXPRESSO;EXPRESSO DO SUL;CURITIBA (PR) - FLORIANOPOLIS (SC) DIRETO;OUTROS MERCADOS;302,69;EXEC. DD;ANTT;RODOVIARIO          ;1;50;9023561;4;CURITIBA (PR) - FLORIANOPOLIS (SC) DIRETO;302,69;;;;Regional SP - ANTT;302,7
2037;1001;MARUI;SAQUAREMA (RJ) - CASTELO (RJ);CASTELO-LAGOS/FRIBURGO;104;S/WC - CONV.C/AR;DETRO/RJ;SELETIVO            ;1;50;2037;2;SAQUAREMA (RJ) - CASTELO (RJ);104;;;;Regional Rio;
2038;1001;MARUI;ARARUAMA (RJ) - CASTELO (RJ);CASTELO-LAGOS/FRIBURGO;123;S/WC - CONV.C/AR;DETRO/RJ;SELETIVO            ;1;50;2038;2;ARARUAMA (RJ) - CASTELO (RJ);123;;;;Regional Rio;
5169;MACAENSE;UNAMAR;CAMPOS (RJ) X QUISSAMA (RJ) - VIA CONDE DE ARARAUAMA;QUISSAMA;78;CONVENCIONAL;DETRO/RJ;SELETIVO            ;1;50;151001002;5;CAMPOS (RJ) X QUISSAMA (RJ) - VIA CONDE DE ARARAUAMA;78;;;;MACAENSE;
7193;COMETA;BELO HORIZONTE;SAO PAULO (SP) - BELO HORIZONTE (MG) VIA CAMPINAS;SAO PAULO - BELO HORIZONTE;689;SEMILEITO GTV;ANTT;RODOVIARIO          ;1;50;8005731;7;SAO PAULO (SP) - BELO HORIZONTE (MG) VIA CAMPINAS;689;;;;Regional SP - ANTT;689
7266;COMETA;JUIZ DE FORA;SAO PAULO (SP) - JUIZ DE FORA (MG);SAO PAULO - SUL DE MINAS;525,7;CONVENCIONAL;ANTT;RODOVIARIO          ;1;50;8006300;7;SAO PAULO (SP) - JUIZ DE FORA (MG);525,7;;;;Regional SP - ANTT;525,7
7293;COMETA;BELO HORIZONTE;SAO PAULO (SP) - BELO HORIZONTE (MG) VIA CAMPINAS;SAO PAULO - BELO HORIZONTE;0;1 CLASSE GTV;ANTT;RODOVIARIO          ;0;6;8005741;7;SAO PAULO (SP) - BELO HORIZONTE (MG) VIA CAMPINAS;0;;;;Regional SP - ANTT;689
2020;1001;SAO PAULO;DUQUE DE CAXIAS (RJ) - SAO PAULO (SP);SP - BAIXADA e CPO GRN;398,08;EXEC. DD;ANTT;RODOVIARIO;1;52;07-0105-61;2;DUQUE DE CAXIAS (RJ) - SAO PAULO (SP);398,08;Demais Mercados;Normal;Seccionado;Regional Rio;398,09
2024;1001;SAO PAULO;DUQUE DE CAXIAS (RJ) - SAO PAULO (SP);SP - BAIXADA e CPO GRN;398,08;CONV. DD;ANTT;RODOVIARIO;1;52;07-0105-00;2;DUQUE DE CAXIAS (RJ) - SAO PAULO (SP);398,08;Demais Mercados;Normal;Seccionado;Regional Rio;398,09
2026;1001;SAO PAULO;RIO DE JANEIRO CPG (RJ) - SAO PAULO (SP);SP - BAIXADA e CPO GRN;433,8;EXEC. DD;ANTT;RODOVIARIO;1;52;07-0101-61;2;RIO DE JANEIRO CPG (RJ) - SAO PAULO (SP);433,8;Demais Mercados;Normal;Direto;Regional Rio;433,8
2033;1001;CABO FRIO;BUZIOS (RJ) - AEROPORTO GALEAO (RJ);RIO - REG.LAGOS;184;CONV. C/AR;DETRO/RJ;RODOVIARIO;1;52;2033;2;BUZIOS (RJ) - AEROPORTO GALEAO (RJ);184;Vedetes;Normal;Seccionado;Regional Rio;184
2034;1001;SAO PAULO;SAO PAULO (SP) - DUQUE DE CAXIAS (RJ);SP - BAIXADA e CPO GRN;398,08;CONV. DD;ANTT;RODOVIARIO;1;52;08-0352-00;2;SAO PAULO (SP) - DUQUE DE CAXIAS (RJ);398,08;Demais Mercados;Normal;Seccionado;Regional Rio;398,09
2055;1001;CABO FRIO;RIO DE JANEIRO (RJ) - BUZIOS (RJ);RIO - REG.LAGOS;175;EXECUTIVO;DETRO/RJ;RODOVIARIO          ;1;52;2055;2;RIO DE JANEIRO (RJ) - BUZIOS (RJ);175;;;;Regional Rio;175
2130;1001;CABO FRIO;RIO DE JANEIRO (RJ) - BUZIOS (RJ) (VIA NITEROI-LAGOS);RIO - REG.LAGOS;175;CONVENCIONAL;DETRO/RJ;RODOVIARIO          ;1;52;108-029-001;2;RIO DE JANEIRO (RJ) - BUZIOS (RJ) (VIA NITEROI-LAGOS);175;Vedetes;Normal;Direto;Regional Rio;175
2132;1001;CABO FRIO;RIO DE JANEIRO (RJ) - CABO FRIO (RJ) (VIA NITEROI-ARARUAMA);RIO - REG.LAGOS;163,9;CONV. C/AR;DETRO/RJ;RODOVIARIO;1;52;2132;2;RIO DE JANEIRO (RJ) - CABO FRIO (RJ) (VIA NITEROI-ARARUAMA);163,9;Vedetes;Normal;Seccionado;Regional Rio;163,9
2142;1001;CABO FRIO;RIO DE JANEIRO (RJ) - CABO FRIO (RJ) (VIA NITEROI-ARARUAMA);RIO - REG.LAGOS;151,09;CONVENCIONAL;DETRO/RJ;RODOVIARIO;1;52;108-029-000;2;RIO DE JANEIRO (RJ) - CABO FRIO (RJ) (VIA NITEROI-ARARUAMA);151,09;Vedetes;Normal;Seccionado;Regional Rio;151,1
2144;1001;CABO FRIO;RIO DE JANEIRO (RJ) - ARRAIAL DO CABO (RJ) (MANILHA);RIO - REG.LAGOS;167,3;CONV. C/AR;DETRO/RJ;RODOVIARIO;1;52;2144;2;RIO DE JANEIRO (RJ) - ARRAIAL DO CABO (RJ) (MANILHA);167,3;Vedetes;Normal;Seccionado;Regional Rio;167,3
2167;1001;SAO PAULO;NITEROI (RJ) - SAO PAULO (SP) - VIA NOVO RIO;SP - NIT/CPS/MAC/FRIB/CBF;445,6;CONV. DD;ANTT;RODOVIARIO          ;1;52;07-0215-00;2;NITEROI (RJ) - SAO PAULO (SP) - VIA NOVO RIO;445,6;Demais Mercados;Normal;Seccionado;Regional Rio;445,6
2169;1001;SAO PAULO;NITEROI (RJ) - SAO PAULO (SP);SP - NIT/CPS/MAC/FRIB/CBF;445,6;EXEC. DD;ANTT;RODOVIARIO          ;1;52;07-0095-61;2;NITEROI (RJ) - SAO PAULO (SP);445,6;Demais Mercados;Normal;Direto;Regional Rio;445,6
2177;1001;CABO FRIO;RIO DE JANEIRO (RJ) - ARRAIAL DO CABO (RJ) (VIA NIT-P.SECA);RIO - REG.LAGOS;141,9;CONVENCIONAL;DETRO/RJ;RODOVIARIO          ;1;52;2177;2;RIO DE JANEIRO (RJ) - ARRAIAL DO CABO (RJ) (VIA NIT-P.SECA);141,9;Vedetes;Normal;Seccionado;Regional Rio;141,9
2178;1001;CABO FRIO;RIO DE JANEIRO (RJ) - ARRAIAL DO CABO (RJ) (VIA NIT-P.SECA);RIO - REG.LAGOS;151,69;CONV. C/AR;DETRO/RJ;RODOVIARIO          ;1;52;2178;2;RIO DE JANEIRO (RJ) - ARRAIAL DO CABO (RJ) (VIA NIT-P.SECA);151,69;Vedetes;Normal;Seccionado;Regional Rio;151,7
2981;1001;SAO PAULO;SAO PAULO (SP) - RIO DE JANEIRO (RJ);SAO PAULO - RIO DE JANEIRO;433,8;EXEC. DD;ANTT;RODOVIARIO          ;1;52;08-0080-61;2;SAO PAULO (SP) - RIO DE JANEIRO (RJ);433,8;Vedetes;Normal;Direto;Regional Rio;433,8
2983;1001;SAO PAULO;CABO FRIO (RJ) - SAO PAULO (SP);SP - NIT/CPS/MAC/FRIB/CBF;582;EXEC. DD;ANTT;RODOVIARIO          ;1;52;07-0093-61;2;CABO FRIO (RJ) - SAO PAULO (SP);582;Demais Mercados;Normal;Seccionado;Regional Rio;582
2985;1001;SAO PAULO;NITEROI (RJ) - SAO PAULO (SP);SP - NIT/CPS/MAC/FRIB/CBF;445,6;EXEC. DD;ANTT;RODOVIARIO          ;1;52;07-0095-61;2;NITEROI (RJ) - SAO PAULO (SP);445,6;Demais Mercados;Normal;Direto;Regional Rio;445,6
2987;1001;SAO PAULO;RIO DE JANEIRO CPG (RJ) - SAO PAULO (SP);SP - BAIXADA E CPO GRN;433,8;EXEC. DD;ANTT;RODOVIARIO;1;52;07-0101-61;2;RIO DE JANEIRO CPG (RJ) - SAO PAULO (SP);433,8;Demais Mercados;Normal;Direto;Regional Rio;433,8
3003;CATARINENSE;FLORIANOPOLIS;FLORIANOPOLIS (SC) - CAMPINAS (SP);SP - LITORAL SC;763,85;EXEC. DD;ANTT;RODOVIARIO;1;52;16-0084-61;3;FLORIANOPOLIS (SC) - CAMPINAS (SP);763,85;Vedetes;Normal;Seccionado;Regional Sul;763,85
3006;CATARINENSE;SÃO PAULO;RIO DE JANEIRO (RJ) - SAO PAULO (SP);SAO PAULO - RIO DE JANEIRO;396,58;EXEC. DD;ANTT;RODOVIARIO;1;52;07-0209-61;3;RIO DE JANEIRO (RJ) - SAO PAULO (SP);396,58;Vedetes;Normal;Direto;Regional Sul;396,59
3014;CATARINENSE;CURITIBA;CURITIBA (PR) - FLORIANOPOLIS (SC);CURITIBA - LITORAL SC;287,14;EXEC. DD;ANTT;RODOVIARIO;1;52;090533-61;3;CURITIBA (PR) - FLORIANOPOLIS (SC);287,14;Vedetes;Normal;Seccionado;Regional Sul;287,15
3039;CATARINENSE;FOZ DO IGUACU;CURITIBA (PR) - FOZ DO IGUACU (PR);CURITIBA - FOZ;654,2;CONV. DD;DER/PR;RODOVIARIO          ;1;52;00-200635-00;3;CURITIBA (PR) - FOZ DO IGUACU (PR);654,2;Vedetes;Normal;Seccionado;Regional Sul;654,2
3053;CATARINENSE;SÃO PAULO;RIO DE JANEIRO (RJ) - SAO PAULO (SP);SAO PAULO - RIO DE JANEIRO;396,58;CONV. DD;ANTT;RODOVIARIO          ;1;52;07-0209-00;3;RIO DE JANEIRO (RJ) - SAO PAULO (SP);396,58;Vedetes;Normal;Seccionado;Regional Sul;398,59
3055;CATARINENSE;SÃO PAULO;RIO DE JANEIRO (RJ) - SAO PAULO (SP);SAO PAULO - RIO DE JANEIRO;396,58;EXEC. DD;ANTT;RODOVIARIO          ;1;52;07-0209-61;3;RIO DE JANEIRO (RJ) - SAO PAULO (SP);396,58;Vedetes;Normal;Seccionado;Regional Sul;398,59
3076;CATARINENSE;CURITIBA;CURITIBA (PR) - FLORIANOPOLIS (SC);CURITIBA - LITORAL SC;293,62;CONV. DD;ANTT;RODOVIARIO          ;1;52;09-0002-00;3;CURITIBA (PR) - FLORIANOPOLIS (SC);293,62;Vedetes;Normal;Seccionado;Regional Sul;297,14
3082;CATARINENSE;FOZ DO IGUACU;CURITIBA (PR) - FLORIANOPOLIS (SC) CNX FOZ;SC - FOZ;302,69;EXEC. DD;ANTT;RODOVIARIO          ;1;52;09-0002-61;3;CURITIBA (PR) - FLORIANOPOLIS (SC) CNX FOZ;302,69;Demais Mercados;Normal;Seccionado;Regional Sul;302,7
3188;CATARINENSE;CURITIBA;CURITIBA (PR) - FLORIANOPOLIS (SC) VIA ITJ-CMB;CURITIBA - LITORAL SC;302,69;EXEC. DD;ANTT;RODOVIARIO          ;1;52;09-0032-61;3;CURITIBA (PR) - FLORIANOPOLIS (SC) VIA ITJ-CMB;302,69;Vedetes;Normal;Seccionado;Regional Sul;302,7
3193;CATARINENSE;FLORIANOPOLIS;FLORIANOPOLIS (SC) - CAMPINAS (SP);SP - LITORAL SC;803,85;CONV. DD;ANTT;RODOVIARIO          ;1;52;16-0084-00;3;FLORIANOPOLIS (SC) - CAMPINAS (SP);803,85;Vedetes;Normal;Seccionado;Regional Sul;803,85
3337;CATARINENSE;CURITIBA;CURITIBA (PR) - FLORIANOPOLIS (SC) VIA CMB-TJC;CURITIBA - LITORAL SC;302,69;CONV. DD;ANTT;RODOVIARIO          ;1;52;09-0359-00;3;CURITIBA (PR) - FLORIANOPOLIS (SC) VIA CMB-TJC;302,69;Vedetes;Normal;Seccionado;Regional Sul;302,7
3339;CATARINENSE;CURITIBA;CURITIBA (PR) - FLORIANOPOLIS (SC) DIRETO;CURITIBA - LITORAL SC;297,14;EXEC. DD;ANTT;RODOVIARIO          ;1;52;09-0378-61;3;CURITIBA (PR) - FLORIANOPOLIS (SC) DIRETO;297,14;Vedetes;Normal;Seccionado;Regional Sul;297,14
3475;CATARINENSE;CURITIBA;CURITIBA (PR) - FLORIANOPOLIS (SC);CURITIBA - LITORAL SC;297,14;EXEC. DD;ANTT;RODOVIARIO          ;1;52;09-0357-61;3;CURITIBA (PR) - FLORIANOPOLIS (SC);297,14;Vedetes;Normal;Seccionado;Regional Sul;297,14
3477;CATARINENSE;CURITIBA;CURITIBA (PR) - FLORIANOPOLIS (SC);CURITIBA - LITORAL SC;325,35;EXEC. DD;ANTT;RODOVIARIO          ;1;52;09-0359-61;3;CURITIBA (PR) - FLORIANOPOLIS (SC);325,35;Vedetes;Normal;Seccionado;Regional Sul;325,35
3479;CATARINENSE;CURITIBA;CURITIBA (PR) - FLORIANOPOLIS (SC);CURITIBA - LITORAL SC;297,14;EXEC. DD;ANTT;RODOVIARIO          ;1;52;09-0032-61;3;CURITIBA (PR) - FLORIANOPOLIS (SC);297,14;Vedetes;Normal;Seccionado;Regional Sul;297,14
3481;CATARINENSE;CURITIBA;CURITIBA (PR) - FLORIANOPOLIS (SC);CURITIBA - LITORAL SC;302,69;EXEC. DD;ANTT;RODOVIARIO          ;1;52;09-0002-61;3;CURITIBA (PR) - FLORIANOPOLIS (SC);302,69;Vedetes;Normal;Seccionado;Regional Sul;302,7
3483;CATARINENSE;FLORIANOPOLIS;FLORIANOPOLIS (SC) - SAO PAULO (SP);SP - LITORAL SC;643,29;EXEC. DD;ANTT;RODOVIARIO          ;1;52;16-0093-61;3;FLORIANOPOLIS (SC) - SAO PAULO (SP);643,29;Vedetes;Normal;Seccionado;Regional Sul;643,3
3485;CATARINENSE;FLORIANOPOLIS;FLORIANOPOLIS (SC) - SAO PAULO (SP);SP - LITORAL SC;691,25;EXEC. DD;ANTT;RODOVIARIO          ;1;52;16-0092-61;3;FLORIANOPOLIS (SC) - SAO PAULO (SP);691,25;Vedetes;Normal;Seccionado;Regional Sul;691,25
3487;CATARINENSE;FLORIANOPOLIS;FLORIANOPOLIS (SC) - SAO PAULO (SP);SP - LITORAL SC;630,35;EXEC. DD;ANTT;RODOVIARIO          ;1;52;16-0091-61;3;FLORIANOPOLIS (SC) - SAO PAULO (SP);630,35;Vedetes;Normal;Seccionado;Regional Sul;630,35
3489;CATARINENSE;FLORIANOPOLIS;FLORIANOPOLIS (SC) - SAO CAETANO DO SUL (SP);ABC LITORAL - SC ;759,88;CONV. DD;ANTT;RODOVIARIO          ;1;52;16-0097-00;3;FLORIANOPOLIS (SC) - SAO CAETANO DO SUL (SP);759,88;Demais Mercados;Normal;Seccionado;Regional Sul;767,89
3491;CATARINENSE;FLORIANOPOLIS;FLORIANOPOLIS (SC) - CAMPINAS (SP);SP - LITORAL SC;833,85;EXEC. DD;ANTT;RODOVIARIO          ;1;52;16-0084-61;3;FLORIANOPOLIS (SC) - CAMPINAS (SP);833,85;Vedetes;Normal;Seccionado;Regional Sul;833,85
3493;CATARINENSE;FLORIANOPOLIS;FLORIANOPOLIS (SC) - CAMPINAS (SP);SP - LITORAL SC;833,86;CONV. DD;ANTT;RODOVIARIO          ;1;52;16-0084-00;3;FLORIANOPOLIS (SC) - CAMPINAS (SP);833,86;Vedetes;Normal;Seccionado;Regional Sul;833,85
3495;CATARINENSE;BALNEARIO CAMBORIU;BALNEARIO CAMBORIU (SC) - SAO PAULO (SP);SP - LITORAL SC;614,25;CONV. DD;ANTT;RODOVIARIO          ;1;52;16-0066-00;3;BALNEARIO CAMBORIU (SC) - SAO PAULO (SP);614,25;Vedetes;Normal;Seccionado;Regional Sul;614,25
3497;CATARINENSE;FLORIANOPOLIS;FLORIANOPOLIS (SC) - SAO PAULO (SP);SP - LITORAL SC;721,25;EXEC. DD;ANTT;RODOVIARIO          ;1;52;16-0124-61;3;FLORIANOPOLIS (SC) - SAO PAULO (SP);721,25;Vedetes;Normal;Seccionado;Regional Sul;721,25
3607;CATARINENSE;FLORIANOPOLIS;FLORIANOPOLIS (SC) - SAO CAETANO DO SUL (SP);ABC LITORAL - SC ;737,12;CONV. DD;ANTT;RODOVIARIO          ;1;52;16-0134-00;3;FLORIANOPOLIS (SC) - SAO CAETANO DO SUL (SP);737,12;Demais Mercados;Normal;Seccionado;Regional Sul;737,12
3661;CATARINENSE;CURITIBA;CURITIBA (PR) - PORTO ALEGRE (RS);CURITIBA - PORTO ALEGRE;749,54;EXEC. DD;ANTT;RODOVIARIO          ;1;52;16-0084-61;3;CURITIBA (PR) - PORTO ALEGRE (RS);749,54;Demais Mercados;Normal;Seccionado;Regional Sul;749,55
3699;CATARINENSE;FLORIANOPOLIS;FLORIANOPOLIS (SC) - SAO PAULO (SP);SP - LITORAL SC;691,25;EXEC. DD;ANTT;RODOVIARIO          ;1;52;16-0093-61;3;FLORIANOPOLIS (SC) - SAO PAULO (SP);691,25;Vedetes;Normal;Seccionado;Regional Sul;691,25
4850;EXPRESSO;EXPRESSO DO SUL;SAO PAULO (SP) - RIO DE JANEIRO (RJ);SAO PAULO - RIO DE JANEIRO;426,69;EXEC. DD;ANTT;RODOVIARIO          ;1;52;08-0097-61;4;SAO PAULO (SP) - RIO DE JANEIRO (RJ);426,69;Vedetes;Normal;Direto;Regional SP - ANTT;426,7
7471;COMETA;FRANCA;SAO PAULO (SP) - FRANCA (SP);SAO PAULO - FRANCA;418;CONV. DD;ARTESP;RODOVIARIO          ;1;52;0828-02;7;SAO PAULO (SP) - FRANCA (SP);418;Vedetes;Normal;Seccionado;Regional SP - Interior;418
7514;COMETA;SAO JOSE DO RIO PRETO;RIOLANDIA (SP) - SAO PAULO (SP);SAO PAULO - SAO JOSE DO RIO PRETO;612,79;CONV. DD;ARTESP;RODOVIARIO          ;1;52;0124A-1;7;RIOLANDIA (SP) - SAO PAULO (SP);612,79;Vedetes;Normal;Seccionado;Regional SP - Interior;612,8
7515;COMETA;SAO JOSE DO RIO PRETO;RIOLANDIA (SP) - SAO PAULO (SP);SAO PAULO - SAO JOSE DO RIO PRETO;612,79;EXEC. DD;ARTESP;RODOVIARIO          ;1;52;0124A-1;7;RIOLANDIA (SP) - SAO PAULO (SP);612,79;Vedetes;Normal;Seccionado;Regional SP - Interior;612,8
7531;COMETA;BELO HORIZONTE;BELO HORIZONTE (MG) - RIO DE JANEIRO (RJ);BELO HORIZONTE - RIO DE JANEIRO;442,3;EXEC. DD;ANTT;RODOVIARIO;1;52;06-0305-61;7;BELO HORIZONTE (MG) - RIO DE JANEIRO (RJ);442,3;Vedetes;Normal;Seccionado;Regional SP - ANTT;442,3
7533;COMETA;BELO HORIZONTE;CAMPINAS (SP) - BELO HORIZONTE (MG) (VIA CONTAGEM);SAO PAULO - BELO HORIZONTE;521,71;EXEC. DD;ANTT;RODOVIARIO          ;1;52;08-0207-61;7;CAMPINAS (SP) - BELO HORIZONTE (MG) (VIA CONTAGEM);521,71;Vedetes;Normal;Seccionado;Regional SP - ANTT;521,71
7535;COMETA;BELO HORIZONTE;SAO PAULO (SP) - BELO HORIZONTE (MG);SAO PAULO - BELO HORIZONTE;595,1;EXEC. DD;ANTT;RODOVIARIO          ;1;52;08-0056-61;7;SAO PAULO (SP) - BELO HORIZONTE (MG);595,1;Vedetes;Normal;Seccionado;Regional SP - ANTT;595,1
7560;COMETA;BELO HORIZONTE;SAO PAULO (SP) - BELO HORIZONTE (MG);SAO PAULO - BELO HORIZONTE;595,1;EXEC. DD;ANTT;RODOVIARIO;1;52;08-0056-61;7;SAO PAULO (SP) - BELO HORIZONTE (MG);595,1;Vedetes;Normal;Seccionado;Regional SP - ANTT;595,1
7755;COMETA;RIBEIRAO PRETO;ABC (SP) - RIBEIRAO PRETO (SP);SAO PAULO - RIBEIRAO PRETO;354;CONV. DD;ARTESP;RODOVIARIO          ;1;52;6376-02;7;ABC (SP) - RIBEIRAO PRETO (SP);354;Vedetes;Normal;Seccionado;Regional SP - Interior;354
7757;COMETA;RIBEIRAO PRETO;SAO PAULO (SP) - RIBEIRAO PRETO (SP);SAO PAULO - RIBEIRAO PRETO;319;CONV. DD;ARTESP;RODOVIARIO          ;1;52;6376;7;SAO PAULO (SP) - RIBEIRAO PRETO (SP);319;Vedetes;Normal;Seccionado;Regional SP - Interior;319
30012;CATARINENSE;FOZ DO IGUACU;FOZ DO IGUACU (PR) - SAO PAULO (SP) (VIA PONTA GROSSA);FOZ - SAO PAULO;1047,91;SEMI LEITO;ANTT;RODOVIARIO          ;1;52;9042430;3;FOZ DO IGUACU (PR) - SAO PAULO (SP) (VIA PONTA GROSSA);1047,91;Demais Mercados;Normal;Seccionado;Regional Sul;1047,91
30028;CATARINENSE;FLORIANOPOLIS;FLORIANOPOLIS (SC) - SAO PAULO (SP);SP - LITORAL SC;700;EXEC. DD;ANTT;RODOVIARIO          ;1;52;16021361;3;FLORIANOPOLIS (SC) - SAO PAULO (SP);700;;;;Regional Sul;700
30030;CATARINENSE;MARINGA;MARINGA (PR) - SAO PAULO (SP);SAO PAULO - MARINGA;627;EXEC. DD;ANTT;RODOVIARIO          ;1;52;9032861;3;MARINGA (PR) - SAO PAULO (SP);627;Demais Mercados;Normal;Seccionado;Regional Sul;627
30029;CATARINENSE;FLORIANOPOLIS;FLORIANOPOLIS (SC) - SAO PAULO (SP);SP - LITORAL SC;700;SEMILTO. DD;ANTT;RODOVIARIO          ;1;52;16021330;3;FLORIANOPOLIS (SC) - SAO PAULO (SP);700;;;;Regional Sul;700
30031;CATARINENSE;MARINGA;MARINGA (PR) - SAO PAULO (SP);SAO PAULO - MARINGA;627;SEMILTO. DD;ANTT;RODOVIARIO          ;1;52;9032830;3;MARINGA (PR) - SAO PAULO (SP);627;Demais Mercados;Normal;Seccionado;Regional Sul;627
70042;COMETA;RIBEIRAO PRETO;SAO PAULO (SP) - RIBEIRAO PRETO (SP);SAO PAULO - RIBEIRAO PRETO;319;CONV. DD;ARTESP;RODOVIARIO          ;1;52;6376A-1;7;SAO PAULO (SP) - RIBEIRAO PRETO (SP);319;Vedetes;Normal;Seccionado;Regional SP - Interior;319
3041;CATARINENSE;SÃO PAULO;RIO DE JANEIRO (RJ) - SOROCABA (SP);SOROCABA - RIO ;519,28;CONV. DD;ANTT;RODOVIARIO;1;53;7015100;3;RIO DE JANEIRO (RJ) - SOROCABA (SP);519,28;Vedetes;Normal;Seccionado;Regional Sul;519,29
3120;CATARINENSE;CURITIBA;BALNEARIO CAMBORIU (SC) - SAO LEOPOLDO (RS) VIA POA;CURITIBA - SANTA MARIA;541,1;CONV. DD;ANTT;RODOVIARIO          ;1;53;16-0138-00;3;BALNEARIO CAMBORIU (SC) - SAO LEOPOLDO (RS) VIA POA;541,1;Demais Mercados;Frequência Mínima;Seccionado;Regional Sul;541,1
3553;CATARINENSE;FOZ DO IGUACU;FOZ DO IGUACU (PR) - CAMPOS DOS GOYTACAZES (RJ);FOZ - RIO DE JANEIRO;1708,86;CONV. DD;ANTT;RODOVIARIO          ;1;53;09-0331-00;3;FOZ DO IGUACU (PR) - CAMPOS DOS GOYTACAZES (RJ);1708,86;Demais Mercados;Normal;Seccionado;Regional Sul;1708,86
3609;CATARINENSE;BLUMENAU;CURITIBA (PR) - BLUMENAU (SC);CURITIBA - INTERIOR SC ;237,19;CONV. DD;ANTT;RODOVIARIO          ;1;53;09-0015-00;3;CURITIBA (PR) - BLUMENAU (SC);237,19;Demais Mercados;Normal;Seccionado;Regional Sul;237,2
3616;CATARINENSE;FOZ DO IGUACU;NOVA IGUACU (RJ) - SOROCABA (SP);SOROCABA - RIO ;502,99;CONVENCIONAL;ANTT;RODOVIARIO          ;1;53;08-0293-00;3;NOVA IGUACU (RJ) - SOROCABA (SP);502,99;Vedetes;Normal;Seccionado;Regional Sul;502,99
3672;CATARINENSE;FOZ DO IGUACU;NOVA IGUACU (RJ) - SOROCABA (SP);SOROCABA - RIO ;502,99;SEMI LEITO;ANTT;RODOVIARIO          ;1;53;08-0293-31;3;NOVA IGUACU (RJ) - SOROCABA (SP);502,99;Vedetes;Normal;Seccionado;Regional Sul;502,99
3763;CATARINENSE;CURITIBA;CURITIBA (PR) - FLORIANOPOLIS (SC);CURITIBA - LITORAL SC;302,69;CONVENCIONAL;ANTT;RODOVIARIO          ;1;53;09-0002-00;3;CURITIBA (PR) - FLORIANOPOLIS (SC);302,69;Vedetes;Normal;Seccionado;Regional Sul;302,7
3879;CATARINENSE;FOZ DO IGUACU;CURITIBA (PR) - FOZ DO IGUACU (PR);CURITIBA - FOZ;647;CONVENCIONAL;DER/PR;RODOVIARIO          ;1;44;20-0635-00;3;CURITIBA (PR) - FOZ DO IGUACU (PR);647;Vedetes;Normal;Seccionado;Regional Sul;647
3884;CATARINENSE;FOZ DO IGUACU;CURITIBA (PR) - FOZ DO IGUACU (PR);CURITIBA - FOZ;640;CONVENCIONAL;DER/PR;RODOVIARIO          ;1;53;02-00635-00;3;CURITIBA (PR) - FOZ DO IGUACU (PR);640;Vedetes;Normal;Seccionado;Regional Sul;640
30003;CATARINENSE;SÃO PAULO;RIO DE JANEIRO (RJ) - SAO PAULO (SP);SOROCABA - RIO ;412;SEMILTO. DD;ANTT;RODOVIARIO          ;1;44;7017730;3;RIO DE JANEIRO (RJ) - SAO PAULO (SP);412;;;;Regional Sul;412
3095;CATARINENSE;FOZ DO IGUACU;CURITIBA (PR) - FLORIANOPOLIS (SC) - CNX FOZ;SC - FOZ;302,69;SEMILTO. DD;ANTT;RODOVIARIO          ;1;53;9000231;3;CURITIBA (PR) - FLORIANOPOLIS (SC) - CNX FOZ;302,69;;;;Regional Sul;302,7
3097;CATARINENSE;FOZ DO IGUACU;CURITIBA (PR) - FOZ DO IGUACU (PR);CURITIBA - FOZ;639,1;CONV. DD;DER/PR;RODOVIARIO          ;1;53;20063508;3;CURITIBA (PR) - FOZ DO IGUACU (PR);639,1;;;;Regional Sul;639,1
3351;CATARINENSE;FLORIANOPOLIS;FLORIANOPOLIS (SC) - CAMPINAS (SP);SP - LITORAL SC;803,85;CONV. DD;ANTT;RODOVIARIO          ;1;53;16008400;3;FLORIANOPOLIS (SC) - CAMPINAS (SP);803,85;;;;Regional Sul;803,85
3377;CATARINENSE;CURITIBA;CURITIBA (PR) - FLORIANOPOLIS (SC);CURITIBA - LITORAL SC;302,69;CONV. DD;ANTT;RODOVIARIO          ;1;53;9000200;3;CURITIBA (PR) - FLORIANOPOLIS (SC);302,69;;;;Regional Sul;302,7
3405;CATARINENSE;FLORIANOPOLIS;FLORIANOPOLIS (SC) - CAMPINAS (SP);SP - LITORAL SC;803,85;SEMILTO. DD;ANTT;RODOVIARIO          ;1;53;16008431;3;FLORIANOPOLIS (SC) - CAMPINAS (SP);803,85;;;;Regional Sul;803,85
3425;CATARINENSE;FLORIANOPOLIS;FLORIANOPOLIS (SC) - SAO PAULO (SP);SP - LITORAL SC;643,29;SEMILTO. DD;ANTT;RODOVIARIO          ;1;53;16009531;3;FLORIANOPOLIS (SC) - SAO PAULO (SP);643,29;;;;Regional Sul;643,3
3443;CATARINENSE;CURITIBA;CURITIBA (PR) - FLORIANOPOLIS (SC);CURITIBA - LITORAL SC;297,75;SEMILTO. DD;ANTT;RODOVIARIO          ;1;53;9004431;3;CURITIBA (PR) - FLORIANOPOLIS (SC);297,75;;;;Regional Sul;297,75
3545;CATARINENSE;FOZ DO IGUACU;LONDRINA (PR) - SAO PAULO (SP);FOZ - SAO PAULO ;531,5;CONV. DD;ANTT;RODOVIARIO          ;1;53;9032700;3;LONDRINA (PR) - SAO PAULO (SP);531,5;;;;Regional Sul;531,5
30070;CATARINENSE;FOZ DO IGUACU;FOZ DO IGUACU (PR) - RIO DE JANEIRO (RJ);FOZ - RIO DE JANEIRO;1524;CONV. DD;ANTT;RODOVIARIO          ;1;44;9034100;3;FOZ DO IGUACU (PR) - RIO DE JANEIRO (RJ);1524;;;;Regional Sul;1524
30074;CATARINENSE;SÃO PAULO;RIO DE JANEIRO (RJ) - SAO PAULO (SP);SOROCABA - RIO ;412;CONV. DD;ANTT;RODOVIARIO          ;1;44;7017700;3;RIO DE JANEIRO (RJ) - SAO PAULO (SP);412;;;;Regional Sul;412
30078;CATARINENSE;FLORIANOPOLIS;FLORIANOPOLIS (SC) - SAO PAULO (SP);SP - LITORAL SC;694;CONV. DD;ANTT;RODOVIARIO          ;1;53;16021300;3;FLORIANOPOLIS (SC) - SAO PAULO (SP);694;;;;Regional Sul;694
30091;CATARINENSE;SÃO PAULO;RIO DE JANEIRO (RJ) - SAO PAULO (SP) - VIA GLORIA;SOROCABA - RIO;450;CONV. DD;ANTT;RODOVIARIO          ;1;44;7017700;3;RIO DE JANEIRO (RJ) - SAO PAULO (SP) - VIA GLORIA;450;;;;Regional Sul;450
2798;1001;SAO PAULO;CABO FRIO (RJ) - SAO PAULO ( SP);SP - NIT/CPS/MAC/FRIB/CBF;557,15;SEMILTO. DD;ANTT;RODOVIARIO;1;54;7180731;2;CABO FRIO (RJ) - SAO PAULO ( SP);557,15;;;;Regional Rio;557,16
2964;1001;SAO PAULO;ITABORAI ( RJ) - SAO PAULO (SP);SP - NIT/CPS/MAC/FRIB/CBF;445,6;SEMILTO. DD;ANTT;RODOVIARIO          ;1;54;7009531;2;ITABORAI ( RJ) - SAO PAULO (SP);445,6;Demais Mercados;Normal;Seccionado;Regional Rio;445,6
30017;CATARINENSE;FLORIANOPOLIS;BALNEARIO CAMBORIU - SC - JARAGUA DO SUL (SC);FLORIANOPOLIS - MAFRA;131,66;CONV. DD;DETER/SC;RODOVIARIO          ;1;54;264-1;3;BALNEARIO CAMBORIU - SC - JARAGUA DO SUL (SC);131,66;;;;Regional Sul;131,66
30013;CATARINENSE;CURITIBA;CURITIBA (PR) - FLORIANOPOLIS (SC);CURITIBA - LITORAL SC ;302,7;SEMILTO. DD;ANTT;RODOVIARIO          ;1;46;9000231;3;CURITIBA (PR) - FLORIANOPOLIS (SC);302,7;;;;Regional Sul;302,7
30015;CATARINENSE;CURITIBA;CURITIBA (PR) - FLORIANOPOLIS (SC);CURITIBA - LITORAL SC ;302,7;CONV. DD;ANTT;RODOVIARIO          ;1;46;9000200;3;CURITIBA (PR) - FLORIANOPOLIS (SC);302,7;;;;Regional Sul;302,7
30034;CATARINENSE;SÃO PAULO;RIO DE JANEIRO (RJ) - SAO PAULO (SP);SAO PAULO - RIO DE JANEIRO;396,58;SEMILTO. DD;ANTT;RODOVIARIO;1;46;7020931;3;RIO DE JANEIRO (RJ) - SAO PAULO (SP);396,58;;;;Regional Sul;396,59
40001;EXPRESSO;EXPRESSO DO SUL;BALNEARIO CAMBORIU (SC) - SAO PAULO (SP);OUTROS MERCADOS;636,39;CONV. DD;ANTT;RODOVIARIO          ;1;54;16006500;4;BALNEARIO CAMBORIU (SC) - SAO PAULO (SP);636,39;;;;Regional SP - ANTT;636,4
30059;CATARINENSE;FLORIANOPOLIS;BALNEARIO CAMBORIU (SC) - ITAPEMA (SC);FLORIANOPOLIS - JOINVILLE;14;CONVENCIONAL;DETER/SC;RODOVIARIO          ;1;46;122;3;BALNEARIO CAMBORIU (SC) - ITAPEMA (SC);14;Vedetes;Normal;Seccionado;Regional Sul;14
30058;CATARINENSE;FLORIANOPOLIS;BALNEARIO CAMBORIU (SC) - ITAPEMA (SC);FLORIANOPOLIS - JOINVILLE;14;CONVENCIONAL;DETER/SC;RODOVIARIO          ;1;46;122;3;BALNEARIO CAMBORIU (SC) - ITAPEMA (SC);14;Vedetes;Normal;Seccionado;Regional Sul;14
3058;CATARINENSE;BALNEARIO CAMBORIU;BALNEARIO CAMBORIU (SC) - SANTA MARIA (RS);CURITIBA - SANTA MARIA ;792,44;SEMILTO. DD;ANTT;RODOVIARIO          ;1;54;16013531;3;BALNEARIO CAMBORIU (SC) - SANTA MARIA (RS);792,44;;;;Regional Sul;792,44
3132;CATARINENSE;FOZ DO IGUACU;FOZ DO IGUACU (PR) - NITEROI (RJ) (VIA CAMPINAS);FOZ - RIO DE JANEIRO;779,88;CONVENCIONAL;ANTT;RODOVIARIO          ;1;54;9037900;3;FOZ DO IGUACU (PR) - NITEROI (RJ) (VIA CAMPINAS);779,88;;;;Regional Sul;779,88
3956;CATARINENSE;CURITIBA;CURITIBA (PR) - SANTA MARIA (RS);CURITIBA - SANTA MARIA ;1104,03;SEMILTO. DD;ANTT;RODOVIARIO          ;1;54;9039731;3;CURITIBA (PR) - SANTA MARIA (RS);1104,03;;;;Regional Sul;1104,03
70040;COMETA;BELO HORIZONTE;BETIM (MG) - RIO DE JANEIRO (RJ);BELO HORIZONTE - RIO DE JANEIRO;442,3;CONV. DD;ANTT;RODOVIARIO          ;1;54;6030500;7;BETIM (MG) - RIO DE JANEIRO (RJ);442,3;;;;Regional SP - ANTT;442,3
70044;COMETA;POCOS DE CALDAS;POCOS DE CALDAS (MG) - RIO DE JANEIRO (RJ);INTERIOR SP MG - RIO DE JANEIRO;484,8;SEMILTO. DD;ANTT;RODOVIARIO          ;1;54;6030631;7;POCOS DE CALDAS (MG) - RIO DE JANEIRO (RJ);484,8;;;;Regional SP - ANTT;484,8
70046;COMETA;POCOS DE CALDAS;POCOS DE CALDAS (MG) - RIO DE JANEIRO (RJ);INTERIOR SP MG - RIO DE JANEIRO;484,8;EXEC. DD;ANTT;RODOVIARIO          ;1;54;6030661;7;POCOS DE CALDAS (MG) - RIO DE JANEIRO (RJ);484,8;;;;Regional SP - ANTT;484,8
70048;COMETA;POCOS DE CALDAS;POCOS DE CALDAS (MG) - RIO DE JANEIRO (RJ);INTERIOR SP MG - RIO DE JANEIRO;484,8;CONV. DD;ANTT;RODOVIARIO          ;1;54;6030600;7;POCOS DE CALDAS (MG) - RIO DE JANEIRO (RJ);484,8;;;;Regional SP - ANTT;484,8
30056;CATARINENSE;FLORIANOPOLIS;BALNEARIO CAMBORIU (SC) - ITAJAI (SC);CURITIBA - SANTA MARIA;11,5;CONVENCIONAL;DETER/SC;RODOVIARIO          ;1;46;264-2;3;BALNEARIO CAMBORIU (SC) - ITAJAI (SC);11,5;;;;Regional Sul;11,5
70069;COMETA;BELO HORIZONTE;SANTOS (SP) - BELO HORIZONTE (MG);SAO PAULO - BELO HORIZONTE;686;CONV. DD;ANTT;RODOVIARIO          ;1;46;8004900;7;SANTOS (SP) - BELO HORIZONTE (MG);686;;;;Regional SP - ANTT;686
70071;COMETA;BELO HORIZONTE;SANTOS (SP) - BELO HORIZONTE (MG);SAO PAULO - BELO HORIZONTE;686;SEMILEITO PREMIUM;ANTT;RODOVIARIO          ;1;46;8004931;7;SANTOS (SP) - BELO HORIZONTE (MG);686;;;;Regional SP - ANTT;686
70085;COMETA;JUIZ DE FORA;JUIZ DE FORA (MG) - SAO PAULO (SP)  - VIA GUARULHOS;SAO PAULO - SUL DE MINAS;539;CONV. DD;ANTT;RODOVIARIO          ;1;46;6031600;7;JUIZ DE FORA (MG) - SAO PAULO (SP)  - VIA GUARULHOS;539;;;;Regional SP - ANTT;539
70087;COMETA;JUIZ DE FORA;JUIZ DE FORA (MG) - SAO VICENTE (SP) - VIA ABC;SAO PAULO - SUL DE MINAS;622;SEMILEITO PREMIUM;ANTT;RODOVIARIO          ;1;46;6031500;7;JUIZ DE FORA (MG) - SAO VICENTE (SP) - VIA ABC;622;;;;Regional SP - ANTT;622
70089;COMETA;JUIZ DE FORA;JUIZ DE FORA (MG) - OSASCO (SP);SAO PAULO - SUL DE MINAS;547;CONV. DD;ANTT;RODOVIARIO          ;1;46;6031600;7;JUIZ DE FORA (MG) - OSASCO (SP);547;;;;Regional SP - ANTT;547
70091;COMETA;JUIZ DE FORA;JUIZ DE FORA (MG) - SAO PAULO (SP);SAO PAULO - SUL DE MINAS;519;SEMILEITO PREMIUM;ANTT;RODOVIARIO          ;1;46;6031600;7;JUIZ DE FORA (MG) - SAO PAULO (SP);519;;;;Regional SP - ANTT;519
30062;CATARINENSE;FLORIANOPOLIS;FLORIANOPOLIS (SC) - SANTOS (SP);ABC LITORAL - SC ;697;CONV. DD;ANTT;RODOVIARIO          ;1;46;16019800;3;FLORIANOPOLIS (SC) - SANTOS (SP);697;;;;Regional Sul;697
30064;CATARINENSE;FLORIANOPOLIS;FLORIANOPOLIS (SC) - SAO PAULO (SP);SP - LITORAL SC;691,25;CONV. DD;ANTT;RODOVIARIO          ;1;46;16009300;3;FLORIANOPOLIS (SC) - SAO PAULO (SP);691,25;;;;Regional Sul;691,25
30066;CATARINENSE;FLORIANOPOLIS;ARARANGUA (SC) - SAO PAULO (SP) - VIA EMBU;SP - LITORAL SC;903,23;CONV. DD;ANTT;RODOVIARIO          ;1;46;16021500;3;ARARANGUA (SC) - SAO PAULO (SP) - VIA EMBU;903,23;;;;Regional Sul;895,23
30068;CATARINENSE;MARINGA;MARINGA (PR) - SAO PAULO (SP);SAO PAULO - MARINGA;627;CONV. DD;ANTT;RODOVIARIO          ;1;46;9032800;3;MARINGA (PR) - SAO PAULO (SP);627;;;;Regional Sul;627
30072;CATARINENSE;FOZ DO IGUACU;FOZ DO IGUACU (PR) - SAO PAULO (SP) - VIA PONTA GROSSA;FOZ - SAO PAULO;1047,91;CONV. DD;ANTT;RODOVIARIO          ;1;46;9042400;3;FOZ DO IGUACU (PR) - SAO PAULO (SP) - VIA PONTA GROSSA;1047,91;;;;Regional Sul;1047,91
30076;CATARINENSE;FLORIANOPOLIS;FLORIANOPOLIS (SC) - SAO PAULO (SP);SP - LITORAL SC;691,25;CONV. DD;ANTT;RODOVIARIO          ;1;46;16009100;3;FLORIANOPOLIS (SC) - SAO PAULO (SP);691,25;;;;Regional Sul;691,25
30080;CATARINENSE;FLORIANOPOLIS;FLORIANOPOLIS (SC) - SAO PAULO (SP);SP - LITORAL SC;709;CONV. DD;ANTT;RODOVIARIO          ;1;54;16021600;3;FLORIANOPOLIS (SC) - SAO PAULO (SP);709;;;;Regional Sul;709
30082;CATARINENSE;FLORIANOPOLIS;ARARANGUA (SC) - SAO PAULO (SP);SP - LITORAL SC;910,85;CONV. DD;ANTT;RODOVIARIO          ;1;46;16007100;3;ARARANGUA (SC) - SAO PAULO (SP);910,85;;;;Regional Sul;910,85
20014;1001;SAO PAULO;NITEROI (RJ) - SAO PAULO (SP);SP - NIT/CPS/MAC/FRIB/CBF;445;CONV. DD;ANTT;RODOVIARIO          ;1;46;7021500;2;NITEROI (RJ) - SAO PAULO (SP);445;;;;Regional Rio;445,6
20016;1001;SAO PAULO;RIO DE JANEIRO (RJ) -SAO PAULO (SP) -  VAI DIRETO;SAO PAULO - RIO DE JANEIRO;418,1;CONV. DD - VAI DIRETO;ANTT;RODOVIARIO          ;1;46;7023400;2;RIO DE JANEIRO (RJ) -SAO PAULO (SP) -  VAI DIRETO;418,1;;;;Regional Rio;418,1
30086;CATARINENSE;BLUMENAU;BRUSQUE (SC) - SAO PAULO (SP) - RECORTE  JGS;SP - INTERIOR SC;588;SEMILTO. DD;ANTT;RODOVIARIO          ;1;54;16000231;3;BRUSQUE (SC) - SAO PAULO (SP) - RECORTE  JGS;588;;;;Regional Sul;588
70096;COMETA;BELO HORIZONTE;BETIM (MG) - RIO DE JANEIRO (RJ);BELO HORIZONTE - RIO DE JANEIRO;461;CONV. DD;ANTT;RODOVIARIO          ;1;46;6030500;7;BETIM (MG) - RIO DE JANEIRO (RJ);461;;;;Regional SP - ANTT;461
70098;COMETA;CURITIBA;SAO PAULO (SP) - CURITIBA (PR);SAO PAULO - CURITIBA;431,1;SEMILEITO PREMIUM;ANTT;RODOVIARIO          ;1;46;8006231;7;SAO PAULO (SP) - CURITIBA (PR);431,1;;;;Regional SP - ANTT;431,1
70099;COMETA;CURITIBA;SAO PAULO (SP) - CURITIBA (PR);SAO PAULO - CURITIBA;0;CAMA;ANTT;RODOVIARIO          ;0;8;8006251;7;SAO PAULO (SP) - CURITIBA (PR);0;;;;Regional SP - ANTT;431,1
30089;CATARINENSE;JOINVILLE;BALNEARIO CAMBORIU (SC) - SAO PAULO (SP) - RECORTE JOI;SP - LITORAL SC;534;SEMILTO. DD;ANTT;RODOVIARIO          ;1;54;16006631;3;BALNEARIO CAMBORIU (SC) - SAO PAULO (SP) - RECORTE JOI;534;;;;Regional Sul;534
2976;WEMOBI;WEMOBI;CABO FRIO (RJ) - SAO PAULO (SP);WEMOBI;582;COMFORT PLUS SEMI LEITO;ANTT;RODOVIARIO          ;1;56;7009331;2;CABO FRIO (RJ) - SAO PAULO (SP);582;Demais Mercados;Normal;Direto;WEMOBI;582,01
3040;WEMOBI;WEMOBI;RIO DE JANEIRO (RJ) - SAO PAULO (SP);WEMOBI;452;COMFORT PLUS SEMI LEITO;ANTT;RODOVIARIO          ;1;56;07-0177-30;3;RIO DE JANEIRO (RJ) - SAO PAULO (SP);452;Demais Mercados;Normal;Seccionado;WEMOBI;452
3093;WEMOBI;WEMOBI;BALNEARIO CAMBORIU (SC) - SAO PAULO (SP);WEMOBI;614,25;COMFORT PLUS SEMI LEITO;ANTT;RODOVIARIO          ;1;56;16019330;3;BALNEARIO CAMBORIU (SC) - SAO PAULO (SP);614,25;Demais Mercados;Normal;Direto;WEMOBI;614,25
3094;WEMOBI;WEMOBI;BALNEARIO CAMBORIU (SC) - SAO PAULO (SP);WEMOBI;614,25;PREMIUM;ANTT;RODOVIARIO          ;1;56;16019341;3;BALNEARIO CAMBORIU (SC) - SAO PAULO (SP);614,25;Demais Mercados;Normal;Direto;WEMOBI;614,25
3113;WEMOBI;WEMOBI;RIO DE JANEIRO (RJ) - SAO PAULO (SP);WEMOBI;411;COMFORT PLUS SEMI LEITO;ANTT;RODOVIARIO          ;1;56;7017730;3;RIO DE JANEIRO (RJ) - SAO PAULO (SP);411;Demais Mercados;Normal;Seccionado;WEMOBI;411
3114;WEMOBI;WEMOBI;RIO DE JANEIRO (RJ) - SAO PAULO (SP);WEMOBI;411;PREMIUM;ANTT;RODOVIARIO          ;1;56;7017741;3;RIO DE JANEIRO (RJ) - SAO PAULO (SP);411;Demais Mercados;Normal;Seccionado;WEMOBI;411
3115;WEMOBI;WEMOBI;FLORIANOPOLIS (SC) - SAO PAULO (SP);WEMOBI;700;COMFORT PLUS SEMI LEITO;ANTT;RODOVIARIO          ;1;56;16020031;3;FLORIANOPOLIS (SC) - SAO PAULO (SP);700;Demais Mercados;Normal;Direto;WEMOBI;700
3116;WEMOBI;WEMOBI;FLORIANOPOLIS (SC) - SAO PAULO (SP);WEMOBI;700;PREMIUM;ANTT;RODOVIARIO          ;1;56;16020040;3;FLORIANOPOLIS (SC) - SAO PAULO (SP);700;Demais Mercados;Normal;Direto;WEMOBI;700
7102;WEMOBI;WEMOBI;BELO HORIZONTE (MG) - RIO DE JANEIRO (RJ);WEMOBI;452;COMFORT PLUS SEMI LEITO;ANTT;RODOVIARIO          ;1;56;6030531;7;BELO HORIZONTE (MG) - RIO DE JANEIRO (RJ);452;Demais Mercados;Normal;Seccionado;WEMOBI;452
7103;WEMOBI;WEMOBI;BELO HORIZONTE(MG) - RIO DE JANEIRO(RJ);WEMOBI;452;PREMIUM;ANTT;RODOVIARIO          ;1;56;6030541;7;BELO HORIZONTE(MG) - RIO DE JANEIRO(RJ);452;Demais Mercados;Normal;Seccionado;WEMOBI;452
7451;WEMOBI;WEMOBI;BELO HORIZONTE(MG) - RIO DE JANEIRO(RJ);WEMOBI;452;COMFORT PLUS SEMI LEITO;ANTT;RODOVIARIO          ;1;56;06-0305-31;7;BELO HORIZONTE(MG) - RIO DE JANEIRO(RJ);452;Demais Mercados;Normal;Seccionado;WEMOBI;452
7743;WEMOBI;WEMOBI;BELO HORIZONTE (MG) - RIO DE JANEIRO (RJ);WEMOBI;442,1;PREMIUM;ANTT;RODOVIARIO;1;56;06-0305-41;7;BELO HORIZONTE (MG) - RIO DE JANEIRO (RJ);442,1;Demais Mercados;Normal;Seccionado;WEMOBI;442,1
3046;WEMOBI;WEMOBI;RIO DE JANEIRO (RJ) - SAO PAULO (SP);WEMOBI;472;COMFORT PLUS SEMI LEITO;ANTT;RODOVIARIO          ;1;57;07-0177-30;3;RIO DE JANEIRO (RJ) - SAO PAULO (SP);472;Demais Mercados;Normal;Seccionado;WEMOBI;472
7132;WEMOBI;WEMOBI;SAO PAULO (SP) - SAO JOSE DO RIO PRETO (SP);WEMOBI;435;COMFORT EXECUTIVO;ARTESP;RODOVIARIO          ;1;57;1384B-1;7;SAO PAULO (SP) - SAO JOSE DO RIO PRETO (SP);435;Vedetes;Normal;Seccionado;WEMOBI;435
7216;WEMOBI;WEMOBI;SAO PAULO (SP) - SAO JOSE DO RIO PRETO (SP);WEMOBI;435;POP;ARTESP;RODOVIARIO          ;1;57;1384B-1;7;SAO PAULO (SP) - SAO JOSE DO RIO PRETO (SP);435;Vedetes;Normal;Seccionado;WEMOBI;435
7467;WEMOBI;WEMOBI;CAMPINAS (SP) - RIO DE JANEIRO (RJ);WEMOBI;452;COMFORT PLUS SEMI LEITO;ANTT;RODOVIARIO          ;1;57;08-0340-31;7;CAMPINAS (SP) - RIO DE JANEIRO (RJ);452;Demais Mercados;Normal;Seccionado;WEMOBI;452
5112;MACAENSE;UNAMAR;CASIMIRO DE ABREU (RJ) - SANA (RJ);BR 101 URB;24,1;URBANO;DETRO/RJ;URBANO              ;1;60;5112;5;CASIMIRO DE ABREU (RJ) - SANA (RJ);24,1;-;-;-;MACAENSE;
5199;MACAENSE;UNAMAR;UNAMAR (RJ) - MACAE (RJ);CABO FRIO - UNAMAR - MACAE URB;50;URBANO;DETRO/RJ;URBANO              ;1;60;5199;5;UNAMAR (RJ) - MACAE (RJ);50;-;-;-;MACAENSE;
7105;WEMOBI;WEMOBI;SAO PAULO (SP) - SAO JOSE DO RIO PRETO (SP);WEMOBI;435;COMFORT EXECUTIVO;ARTESP;RODOVIARIO          ;1;60;1384B-1;7;SAO PAULO (SP) - SAO JOSE DO RIO PRETO (SP);435;Vedetes;Normal;Seccionado;WEMOBI;435
7106;WEMOBI;WEMOBI;SAO PAULO (SP) - SAO JOSE DO RIO PRETO (SP);WEMOBI;435;PREMIUM;ARTESP;RODOVIARIO          ;1;60;138,4;7;SAO PAULO (SP) - SAO JOSE DO RIO PRETO (SP);435;Vedetes;Normal;Seccionado;WEMOBI;435
7751;WEMOBI;WEMOBI;JUIZ DE FORA (MG) - SAO PAULO (SP);WEMOBI;471,79;COMFORT PLUS SEMI LEITO;ANTT;RODOVIARIO          ;1;60;06-0512-30;7;JUIZ DE FORA (MG) - SAO PAULO (SP);471,79;Demais Mercados;Normal;Seccionado;WEMOBI;471,79
7444;WEMOBI;WEMOBI;CAMPINAS (SP) - BELO HORIZONTE (MG);WEMOBI;521,7;COMFORT PLUS SEMI LEITO;ANTT;RODOVIARIO          ;1;64;08-0330-30;7;CAMPINAS (SP) - BELO HORIZONTE (MG);521,7;Demais Mercados;Normal;Seccionado;WEMOBI;521,7
7539;WEMOBI;WEMOBI;CAMPINAS (SP) - BELO HORIZONTE (MG);WEMOBI;521,7;COMFORT PLUS SEMI LEITO;ANTT;RODOVIARIO          ;0;64;08-0330-30;7;CAMPINAS (SP) - BELO HORIZONTE (MG);521,7;Demais Mercados;Normal;Seccionado;WEMOBI;521,7
3645;WEMOBI;WEMOBI;RIO DE JANEIRO (RJ) - SAO PAULO (SP);WEMOBI;411;COMFORT EXECUTIVO;ANTT;RODOVIARIO          ;1;68;07-0177-61;3;RIO DE JANEIRO (RJ) - SAO PAULO (SP);411;Demais Mercados;Normal;wemobi;WEMOBI;452
3646;WEMOBI;WEMOBI;RIO DE JANEIRO (RJ) - SAO PAULO (SP);WEMOBI;411;COMFORT PLUS SEMI LEITO;ANTT;RODOVIARIO          ;1;68;07-0177-30;3;RIO DE JANEIRO (RJ) - SAO PAULO (SP);411;Demais Mercados;Normal;wemobi;WEMOBI;452
3649;WEMOBI;WEMOBI;RIO DE JANEIRO (RJ) - SAO PAULO (SP);WEMOBI;411;COMFORT EXECUTIVO;ANTT;RODOVIARIO          ;1;68;07-0177-61;3;RIO DE JANEIRO (RJ) - SAO PAULO (SP);411;Demais Mercados;Normal;wemobi;WEMOBI;452
3650;WEMOBI;WEMOBI;RIO DE JANEIRO (RJ) - SAO PAULO (SP);WEMOBI;411;COMFORT PLUS SEMI LEITO;ANTT;RODOVIARIO          ;1;68;07-0177-30;3;RIO DE JANEIRO (RJ) - SAO PAULO (SP);411;Demais Mercados;Normal;wemobi;WEMOBI;452
3696;WEMOBI;WEMOBI;RIO DE JANEIRO (RJ) - SAO PAULO (SP);WEMOBI;411;COMFORT EXECUTIVO;ANTT;RODOVIARIO          ;1;68;07-0177-61;3;RIO DE JANEIRO (RJ) - SAO PAULO (SP);411;Demais Mercados;Normal;wemobi;WEMOBI;452
3697;WEMOBI;WEMOBI;RIO DE JANEIRO (RJ) - SAO PAULO (SP);WEMOBI;411;COMFORT PLUS SEMI LEITO;ANTT;RODOVIARIO          ;1;68;07-0177-30;3;RIO DE JANEIRO (RJ) - SAO PAULO (SP);411;Demais Mercados;Normal;wemobi;WEMOBI;452
3777;WEMOBI;WEMOBI;RIO DE JANEIRO (RJ) - SAO PAULO (SP);WEMOBI;411;COMFORT EXECUTIVO;ANTT;RODOVIARIO          ;1;68;07-0177-61;3;RIO DE JANEIRO (RJ) - SAO PAULO (SP);411;Demais Mercados;Normal;wemobi;WEMOBI;452
3778;WEMOBI;WEMOBI;RIO DE JANEIRO (RJ) - SAO PAULO (SP);WEMOBI;411;COMFORT PLUS SEMI LEITO;ANTT;RODOVIARIO          ;1;68;07-0177-30;3;RIO DE JANEIRO (RJ) - SAO PAULO (SP);411;Demais Mercados;Normal;wemobi;WEMOBI;452
3951;WEMOBI;WEMOBI;MARINGA (PR) - SAO PAULO (SP);WEMOBI;0;COMFORT EXECUTIVO;ANTT;RODOVIARIO          ;0;68;09-0328-61;3;MARINGA (PR) - SAO PAULO (SP);0;Demais Mercados;Normal;Seccionado;WEMOBI;627,01
3952;WEMOBI;WEMOBI;MARINGA (PR) - SAO PAULO (SP);WEMOBI;0;COMFORT PLUS SEMI LEITO;ANTT;RODOVIARIO          ;0;68;09-0328-30;3;MARINGA (PR) - SAO PAULO (SP);0;Demais Mercados;Normal;Seccionado;WEMOBI;627,01
7393;WEMOBI;WEMOBI;SAO PAULO (SP) - BELO HORIZONTE (MG);WEMOBI;595,1;COMFORT EXECUTIVO;ANTT;RODOVIARIO          ;1;68;08-0056-61;7;SAO PAULO (SP) - BELO HORIZONTE (MG);595,1;Demais Mercados;Normal;Seccionado;WEMOBI;595,1
7394;WEMOBI;WEMOBI;SAO PAULO (SP) - BELO HORIZONTE (MG);WEMOBI;595,1;COMFORT PLUS SEMI LEITO;ANTT;RODOVIARIO          ;1;68;08-0056-31;7;SAO PAULO (SP) - BELO HORIZONTE (MG);595,1;Demais Mercados;Normal;Seccionado;WEMOBI;595,1
7420;WEMOBI;WEMOBI;BELO HORIZONTE (MG) - RIO DE JANEIRO (RJ);WEMOBI;442,3;COMFORT EXECUTIVO;ANTT;RODOVIARIO          ;1;68;06-0305-61;7;BELO HORIZONTE (MG) - RIO DE JANEIRO (RJ);442,3;Demais Mercados;Normal;Seccionado;WEMOBI;442,3
7421;WEMOBI;WEMOBI;BELO HORIZONTE (MG) - RIO DE JANEIRO (RJ);WEMOBI;442,3;COMFORT PLUS SEMI LEITO;ANTT;RODOVIARIO          ;1;68;06-0305-31;7;BELO HORIZONTE (MG) - RIO DE JANEIRO (RJ);442,3;Demais Mercados;Normal;Seccionado;WEMOBI;442,3
7510;WEMOBI;WEMOBI;SAO PAULO (SP) - CURITIBA (PR);WEMOBI;431,1;COMFORT EXECUTIVO;ANTT;RODOVIARIO          ;1;68;08-0062-61;7;SAO PAULO (SP) - CURITIBA (PR);431,1;Demais Mercados;Normal;Seccionado;WEMOBI;431,1
7511;WEMOBI;WEMOBI;SAO PAULO (SP) - CURITIBA (PR);WEMOBI;431,1;COMFORT PLUS SEMI LEITO;ANTT;RODOVIARIO          ;1;68;08-0062-31;7;SAO PAULO (SP) - CURITIBA (PR);431,1;Demais Mercados;Normal;Seccionado;WEMOBI;431,1
60001;RAPIDO;SAO PAULO;RIBEIRAO PRETO (SP) - SAO PAULO (SP);RAPIDO R. PRETO;319;CONVENCIONAL;ARTESP;RODOVIARIO;1;68;6267A-1;6;RIBEIRAO PRETO (SP) - SAO PAULO (SP);319;;;;Regional SP - Interior;319
60002;RAPIDO;SAO PAULO;SERTAOZINHO (SP) - SAO PAULO (SP);RAPIDO R. PRETO;342;CONVENCIONAL;ARTESP;RODOVIARIO;1;68;6267A-1;6;SERTAOZINHO (SP) - SAO PAULO (SP);342;;;;Regional SP - Interior;342
70036;COMETA;CAMPINAS;JUIZ DE FORA (MG) - SAO PAULO (SP);SAO PAULO - SUL DE MINAS;474,79;EXEC. DD;ANTT;RODOVIARIO          ;1;68;6051261;7;JUIZ DE FORA (MG) - SAO PAULO (SP);474,79;;;;Regional SP - ANTT;474,79
70037;COMETA;CAMPINAS;JUIZ DE FORA (MG) - SAO PAULO (SP);SAO PAULO - SUL DE MINAS;474,79;SEMILTO. DD;ANTT;RODOVIARIO          ;1;68;6051230;7;JUIZ DE FORA (MG) - SAO PAULO (SP);474,79;;;;Regional SP - ANTT;474,79
70038;COMETA;JUIZ DE FORA;CAMPINAS (SP) - RIO DE JANEIRO (RJ);INTERIOR SP MG - RIO DE JANEIRO;494;EXEC. DD;ANTT;RODOVIARIO          ;1;68;8034061;7;CAMPINAS (SP) - RIO DE JANEIRO (RJ);494;;;;Regional SP - ANTT;494
70039;COMETA;JUIZ DE FORA;CAMPINAS (SP) - RIO DE JANEIRO (RJ);INTERIOR SP MG - RIO DE JANEIRO;494;SEMILTO. DD;ANTT;RODOVIARIO          ;1;68;8034030;7;CAMPINAS (SP) - RIO DE JANEIRO (RJ);494;;;;Regional SP - ANTT;494
2574;1001;MARUI;NITEROI (RJ) - SAQUAREMA (RJ) (VIA ARARUAMA-JACONE-URBANO);NITEROI - LAGOS URB;113;URBANO;DETRO/RJ;URBANO              ;1;99;2574;2;NITEROI (RJ) - SAQUAREMA (RJ) (VIA ARARUAMA-JACONE-URBANO);113;Demais Mercados;Normal;Seccionado;Regional Rio;
2651;1001;MARUI;NOVA FRIBURGO (RJ) - MACUCO (RJ) (URBANO);REG SERRANA;65,5;URBANO;DETRO/RJ;URBANO              ;1;99;2651;2;NOVA FRIBURGO (RJ) - MACUCO (RJ) (URBANO);65,5;Demais Mercados;Normal;Seccionado;Regional Rio;
2653;1001;MARUI;NOVA FRIBURGO (RJ) - S.M.MADALENA (RJ) (URBANO);REG SERRANA;104,75;CONVENCIONAL;DETRO/RJ;SELETIVO            ;1;99;2653;2;NOVA FRIBURGO (RJ) - S.M.MADALENA (RJ) (URBANO);104,75;Demais Mercados;Normal;Seccionado;Regional Rio;
2654;1001;MARUI;FRIBURGO (RJ) - T.DE MORAIS (RJ) (SELETIVO);REG SERRANA;103;URBANO;DETRO/RJ;SELETIVO            ;1;99;2654;2;FRIBURGO (RJ) - T.DE MORAIS (RJ) (SELETIVO);103;Demais Mercados;Normal;Seccionado;Regional Rio;
2655;1001;MARUI;NOVA FRIBURGO (RJ) - CANTAGALO (RJ);REG SERRANA;53,2;URBANO;DETRO/RJ;URBANO              ;1;99;2655;2;NOVA FRIBURGO (RJ) - CANTAGALO (RJ);53,2;Demais Mercados;Normal;Seccionado;Regional Rio;
2661;1001;MARUI;NOVA FRIBURGO (RJ) - BOM JARDIM (RJ) (URBANO);REG SERRANA;33,4;URBANO;DETRO/RJ;URBANO              ;1;99;2661;2;NOVA FRIBURGO (RJ) - BOM JARDIM (RJ) (URBANO);33,4;Demais Mercados;Normal;Seccionado;Regional Rio;
2662;1001;MARUI;NOVA FRIBURGO (RJ) - CORREGO DE SANTO ANTONIO (RJ);REG SERRANA;57,4;URBANO;DETRO/RJ;URBANO              ;1;99;2662;2;NOVA FRIBURGO (RJ) - CORREGO DE SANTO ANTONIO (RJ);57,4;Demais Mercados;Normal;Seccionado;Regional Rio;
2663;1001;MARUI;FRIBURGO (RJ) - B.DOS PASSOS (RJ) (URBANO);REG SERRANA;71;URBANO;DETRO/RJ;URBANO              ;1;99;2663;2;FRIBURGO (RJ) - B.DOS PASSOS (RJ) (URBANO);71;Demais Mercados;Normal;Seccionado;Regional Rio;
2664;1001;MARUI;NOVA FRIBURGO (RJ) - SAO JOSE DO RIBEIRAO (RJ);REG SERRANA;45,9;URBANO;DETRO/RJ;URBANO              ;1;99;2664;2;NOVA FRIBURGO (RJ) - SAO JOSE DO RIBEIRAO (RJ);45,9;Demais Mercados;Normal;Seccionado;Regional Rio;
2666;1001;MARUI;NOVA FRIBURGO (RJ) - SAO SEBASTIAO DO ALTO (RJ);REG SERRANA;88,3;URBANO;DETRO/RJ;URBANO              ;1;99;2666;2;NOVA FRIBURGO (RJ) - SAO SEBASTIAO DO ALTO (RJ);88,3;Demais Mercados;Normal;Seccionado;Regional Rio;
2676;1001;MARUI;NOVA FRIBURGO (RJ) - ALMAS (RJ);REG SERRANA;78,6;URBANO;DETRO/RJ;URBANO              ;1;99;2676;2;NOVA FRIBURGO (RJ) - ALMAS (RJ);78,6;Demais Mercados;Normal;Seccionado;Regional Rio;
2682;1001;MARUI;NOVA FRIBURGO (RJ) - MONERAT (RJ);REG SERRANA;33;URBANO;DETRO/RJ;URBANO              ;1;99;2682;2;NOVA FRIBURGO (RJ) - MONERAT (RJ);33;Demais Mercados;Normal;Seccionado;Regional Rio;
2684;1001;MARUI;NOVA FRIBURGO (RJ) - BANQUETE (RJ);REG SERRANA;23,1;URBANO;DETRO/RJ;URBANO              ;1;99;2684;2;NOVA FRIBURGO (RJ) - BANQUETE (RJ);23,1;Demais Mercados;Normal;Direto;Regional Rio;
2801;1001;MARUI;NITEROI (RJ) - SAQUAREMA (RJ) (VIA JACONE);NITEROI - LAGOS URB;113;URBANO;DETRO/RJ;URBANO              ;1;99;2801;2;NITEROI (RJ) - SAQUAREMA (RJ) (VIA JACONE);113;-;-;-;Regional Rio;
5100;MACAENSE;UNAMAR;CASIMIRO DE ABREU (RJ) - ROCHA LEAO (RJ) (RIO DOURADO) SA;BR 101 URB;24,6;URBANO;DETRO/RJ;URBANO              ;1;99;B470;5;CASIMIRO DE ABREU (RJ) - ROCHA LEAO (RJ) (RIO DOURADO) SA;24,6;-;-;-;MACAENSE;
5101;MACAENSE;UNAMAR;BAIRRO MATARUNA (RJ) - IMBOACICA (RJ) (BARRA DE SAO JOAO);BR 101 URB;75,59;URBANO;DETRO/RJ;URBANO              ;1;99;B481;5;BAIRRO MATARUNA (RJ) - IMBOACICA (RJ) (BARRA DE SAO JOAO);75,59;-;-;-;MACAENSE;
5102;MACAENSE;UNAMAR;BARRA DE SAO JOAO (RJ) - IMBOACICA (RJ) (RIO DAS OSTRAS) SA;RIO DAS OSTRAS URB;14,16;URBANO;DETRO/RJ;URBANO              ;1;99;B481;5;BARRA DE SAO JOAO (RJ) - IMBOACICA (RJ) (RIO DAS OSTRAS) SA;14,16;-;-;-;MACAENSE;
5103;MACAENSE;UNAMAR;CASIMIRO DE ABREU (RJ) - FAZ. CANTAGALO (RJ) (B.DE SAO JOAO);BR 101 URB;91,9;URBANO;DETRO/RJ;URBANO              ;1;99;B482;5;CASIMIRO DE ABREU (RJ) - FAZ. CANTAGALO (RJ) (B.DE SAO JOAO);91,9;-;-;-;MACAENSE;
5104;MACAENSE;UNAMAR;CASIMIRO DE ABREU (RJ) - MAR DO NORTE (RJ) VIA V. VERMELHO;BR 101 URB;82,4;URBANO;DETRO/RJ;URBANO              ;1;99;B483;5;CASIMIRO DE ABREU (RJ) - MAR DO NORTE (RJ) VIA V. VERMELHO;82,4;-;-;-;MACAENSE;
5105;MACAENSE;UNAMAR;BAIRRO MATARUNA (RJ) - IMBOACICA (RJ) (VIA RIO DOURADO);BR 101 URB;55,1;URBANO;DETRO/RJ;URBANO              ;1;99;B170;5;BAIRRO MATARUNA (RJ) - IMBOACICA (RJ) (VIA RIO DOURADO);55,1;-;-;-;MACAENSE;
5106;MACAENSE;UNAMAR;CASIMIRO DE ABREU (RJ) - IMBOACICA (RJ) (VIA PALMITAL);BR 101 URB;57,89;URBANO;DETRO/RJ;URBANO              ;1;99;B171;5;CASIMIRO DE ABREU (RJ) - IMBOACICA (RJ) (VIA PALMITAL);57,89;-;-;-;MACAENSE;
5107;MACAENSE;UNAMAR;CASIMIRO DE ABREU (RJ) - IMBOACICA (RJ) (VIA NOVA CIDADE);BR 101 URB;58;URBANO;DETRO/RJ;URBANO              ;1;99;B172;5;CASIMIRO DE ABREU (RJ) - IMBOACICA (RJ) (VIA NOVA CIDADE);58;-;-;-;MACAENSE;
5108;MACAENSE;UNAMAR;CAMPO BELO (RJ) - NOVA CIDADE (RJ) (VIA PALMITAL/RECANTO);RIO DAS OSTRAS URB;14,16;URBANO;DETRO/RJ;URBANO              ;1;99;B700;5;CAMPO BELO (RJ) - NOVA CIDADE (RJ) (VIA PALMITAL/RECANTO);14,16;-;-;-;MACAENSE;
5109;MACAENSE;UNAMAR;CAMPO BELO (RJ) - ENSEADA (RJ) (VIA COSTA AZUL);RIO DAS OSTRAS URB;14,16;URBANO;DETRO/RJ;URBANO              ;1;99;B705;5;CAMPO BELO (RJ) - ENSEADA (RJ) (VIA COSTA AZUL);14,16;-;-;-;MACAENSE;
5110;MACAENSE;UNAMAR;CAMPO BELO (RJ) - ANCORA (RJ) (VIA MARILEIA);RIO DAS OSTRAS URB;14,16;URBANO;DETRO/RJ;URBANO              ;1;99;B706;5;CAMPO BELO (RJ) - ANCORA (RJ) (VIA MARILEIA);14,16;-;-;-;MACAENSE;
5111;MACAENSE;UNAMAR;CASIMIRO DE ABREU (RJ) - IMBOACICA (RJ) (VIA ANCORA (RJ)) SA;BR 101 URB;35,42;URBANO;DETRO/RJ;URBANO              ;1;99;B175;5;CASIMIRO DE ABREU (RJ) - IMBOACICA (RJ) (VIA ANCORA (RJ)) SA;35,42;-;-;-;MACAENSE;
5150;MACAENSE;UNAMAR;MACAE (RJ) - QUISSAMA (RJ) - VIA RODAGEM;MACAE-QUISSAMÃ URB;61,29;URBANO;DETRO/RJ;URBANO              ;1;99;N200;5;MACAE (RJ) - QUISSAMA (RJ) - VIA RODAGEM;61,29;-;-;-;MACAENSE;
5151;MACAENSE;UNAMAR;MACAE (RJ) - QUISSAMA (RJ) VIA CONDE DE ARARUAMA;MACAE-QUISSAMÃ URB;71,5;URBANO;DETRO/RJ;URBANO              ;1;99;N205;5;MACAE (RJ) - QUISSAMA (RJ) VIA CONDE DE ARARUAMA;71,5;-;-;-;MACAENSE;
5152;MACAENSE;UNAMAR;MACAE (RJ) - QUISSAMA (RJ) - VIA PENHA;MACAE-QUISSAMÃ URB;55,7;URBANO;DETRO/RJ;URBANO              ;1;99;N210;5;MACAE (RJ) - QUISSAMA (RJ) - VIA PENHA;55,7;-;-;-;MACAENSE;
5153;MACAENSE;UNAMAR;MACAE (RJ) - FAROL DE SAO TOME (RJ) - VIA QUISSAMA;MACAE-QUISSAMÃ URB;112,4;URBANO;DETRO/RJ;URBANO              ;1;99;N465;5;MACAE (RJ) - FAROL DE SAO TOME (RJ) - VIA QUISSAMA;112,4;-;-;-;MACAENSE;
5154;MACAENSE;UNAMAR;MACAE (RJ) - QUISSAMA (RJ) - VIA MORRO ALTO;MACAE-QUISSAMÃ URB;60;URBANO;DETRO/RJ;URBANO              ;1;99;N220;5;MACAE (RJ) - QUISSAMA (RJ) - VIA MORRO ALTO;60;-;-;-;MACAENSE;
5155;MACAENSE;UNAMAR;MACAE (RJ) - QUISSAMA (RJ) - VIA CANTO DE SANTO ANTONIO;MACAE-QUISSAMÃ URB;57,7;URBANO;DETRO/RJ;URBANO              ;1;99;N225;5;MACAE (RJ) - QUISSAMA (RJ) - VIA CANTO DE SANTO ANTONIO;57,7;-;-;-;MACAENSE;
5156;MACAENSE;UNAMAR;MACAE (RJ) - QUISSAMA (RJ) - VIA CARAPEBUS;MACAE-QUISSAMÃ URB;54,5;URBANO;DETRO/RJ;SELETIVO            ;1;99;N230;5;MACAE (RJ) - QUISSAMA (RJ) - VIA CARAPEBUS;54,5;-;-;-;MACAENSE;
5157;MACAENSE;UNAMAR;CARAPEBUS (RJ) - PARQUE DOS TUBOS (RJ);MACAE-QUISSAMÃ URB;43,29;URBANO;DETRO/RJ;URBANO              ;1;99;N235;5;CARAPEBUS (RJ) - PARQUE DOS TUBOS (RJ);43,29;-;-;-;MACAENSE;
5163;MACAENSE;UNAMAR;MACAE (RJ) - RIO DAS OSTRAS (RJ);CABO FRIO - UNAMAR - MACAE URB;28;URBANO;DETRO/RJ;URBANO              ;1;99;B433;5;MACAE (RJ) - RIO DAS OSTRAS (RJ);28;-;-;-;MACAENSE;
5165;MACAENSE;UNAMAR;MACAE (RJ) - QUISSAMA (RJ) - VIA CARAPEBUS;QUISSAMA;54,5;CONVENCIONAL;DETRO/RJ;URBANO              ;1;99;5165;5;MACAE (RJ) - QUISSAMA (RJ) - VIA CARAPEBUS;54,5;-;-;-;MACAENSE;
5166;MACAENSE;UNAMAR;CAMPOS - QUISSAMA (VIA CONDE DE ARARUAMA);QUISSAMA;78;URBANO;DETRO/RJ;URBANO              ;1;99;NB70;5;CAMPOS - QUISSAMA (VIA CONDE DE ARARUAMA);78;-;-;-;MACAENSE;
5167;MACAENSE;UNAMAR;CAMPOS - QUISSAMA (VIA FLECHEIRA E BELA VISTA);QUISSAMA;98,01;URBANO;DETRO/RJ;URBANO              ;1;99;5167;5;CAMPOS - QUISSAMA (VIA FLECHEIRA E BELA VISTA);98,01;-;-;-;MACAENSE;
5168;MACAENSE;UNAMAR;CAMPOS - QUISSAMA (VIA DORES DE MACABU);QUISSAMA;64;URBANO;DETRO/RJ;URBANO              ;1;99;NB75;5;CAMPOS - QUISSAMA (VIA DORES DE MACABU);64;-;-;-;MACAENSE;
5198;MACAENSE;UNAMAR;MACAE (RJ) - ARRAIAL DO CABO (RJ) SA;CABO FRIO - UNAMAR - MACAE URB;95,09;URBANO;DETRO/RJ;URBANO              ;1;99;B430;5;MACAE (RJ) - ARRAIAL DO CABO (RJ) SA;95,09;-;-;-;MACAENSE;
5212;MACAENSE;UNAMAR;MACAE (RJ) - BARRA DE SÃO JOAO (RJ) SA;CABO FRIO - UNAMAR - MACAE URB;28,3;URBANO;DETRO/RJ;URBANO              ;1;99;B435;5;MACAE (RJ) - BARRA DE SÃO JOAO (RJ) SA;28,3;-;-;-;MACAENSE;
5239;MACAENSE;UNAMAR;BARRA DE SAO JOAO (RJ) - CABO FRIO (RJ) SA;CABO FRIO - UNAMAR - MACAE URB;28,32;URBANO;DETRO/RJ;URBANO              ;1;99;B421;5;BARRA DE SAO JOAO (RJ) - CABO FRIO (RJ) SA;28,32;-;-;-;MACAENSE;
5266;MACAENSE;UNAMAR;MACAE (RJ) - CABO FRIO (RJ);CABO FRIO - UNAMAR - MACAE URB;83,9;URBANO;DETRO/RJ;URBANO              ;1;99;B130;5;MACAE (RJ) - CABO FRIO (RJ);83,9;-;-;-;MACAENSE;
5267;MACAENSE;UNAMAR;MACAE (RJ) - CABO FRIO (RJ) A;ATE 100 KM MACAE SELETIVO - MAC;83,9;CONVENCIONAL;DETRO/RJ;SELETIVO            ;1;99;5267;5;MACAE (RJ) - CABO FRIO (RJ) A;83,9;-;-;-;MACAENSE;
5268;MACAENSE;UNAMAR;MACAE (RJ) - UNAMAR (RJ) SA;CABO FRIO - UNAMAR - MACAE URB;39,79;URBANO;DETRO/RJ;URBANO              ;1;99;B434;5;MACAE (RJ) - UNAMAR (RJ) SA;39,79;-;-;-;MACAENSE;
5269;MACAENSE;UNAMAR;ARRAIAL DO CABO (RJ) - CARAPEBUS (RJ) SA;CABO FRIO - UNAMAR - MACAE URB;122,7;URBANO;DETRO/RJ;URBANO              ;1;99;B432;5;ARRAIAL DO CABO (RJ) - CARAPEBUS (RJ) SA;122,7;-;-;-;MACAENSE;
5270;MACAENSE;UNAMAR;MACAE (RJ) - RIO BONITO (RJ) (VIA R.OSTRAS E SILVA JARDIM);BR 101 URB;124;URBANO;DETRO/RJ;SELETIVO            ;1;99;B137;5;MACAE (RJ) - RIO BONITO (RJ) (VIA R.OSTRAS E SILVA JARDIM);124;-;-;-;MACAENSE;
5271;MACAENSE;UNAMAR;MACAE (RJ) - RIO BONITO (RJ) (VIA 101/ROCHA LEAO) SA;BR 101 URB;112,2;URBANO;DETRO/RJ;URBANO              ;1;99;B135;5;MACAE (RJ) - RIO BONITO (RJ) (VIA 101/ROCHA LEAO) SA;112,2;-;-;-;MACAENSE;
5273;MACAENSE;UNAMAR;CASIMIRO DE ABREU SA (RJ) - MACAE (RJ);BR 101 URB;54,1;URBANO;DETRO/RJ;URBANO              ;1;99;B136;5;CASIMIRO DE ABREU SA (RJ) - MACAE (RJ);54,1;-;-;-;MACAENSE;
5275;MACAENSE;UNAMAR;MACAE (RJ) - ARMACAO DOS BUZIOS (RJ) AS;ATE 100 KM MACAE SELETIVO - MAC;73,2;URBANO;DETRO/RJ;SELETIVO            ;1;99;B132;5;MACAE (RJ) - ARMACAO DOS BUZIOS (RJ) AS;73,2;-;-;-;MACAENSE;
5276;MACAENSE;UNAMAR;RIO DAS OSTRAS (RJ) - CABO FRIO (RJ) SA;CABO FRIO - UNAMAR - MACAE URB;55,1;URBANO;DETRO/RJ;URBANO              ;1;99;B131;5;RIO DAS OSTRAS (RJ) - CABO FRIO (RJ) SA;55,1;-;-;-;MACAENSE;
5277;MACAENSE;UNAMAR;CAMPOS NOVOS (RJ) - SAO PEDRO DA ALDEIA;CABO FRIO - UNAMAR - MACAE URB;16,46;URBANO;DETRO/RJ;URBANO              ;1;99;B448;5;CAMPOS NOVOS (RJ) - SAO PEDRO DA ALDEIA;16,46;-;-;-;MACAENSE;
5279;MACAENSE;UNAMAR;MACAE (RJ) - BARRA DE SAO JOAO (RJ) AC;ATE 100 KM MACAE SELETIVO - MAC;28,3;CONVENCIONAL;DETRO/RJ;SELETIVO            ;1;99;5279;5;MACAE (RJ) - BARRA DE SAO JOAO (RJ) AC;28,3;-;-;-;MACAENSE;
5281;MACAENSE;UNAMAR;ARRAIAL DO CABO (RJ) - CORREGO DO OURO SA (RJ);CABO FRIO - UNAMAR - MACAE URB;123,5;URBANO;DETRO/RJ;URBANO              ;1;99;B431;5;ARRAIAL DO CABO (RJ) - CORREGO DO OURO SA (RJ);123,5;-;-;-;MACAENSE;
5289;MACAENSE;UNAMAR;RIO DAS OSTRAS (RJ) - CAMPOS NOVOS (RJ);RIO DAS OSTRAS URB;14,16;URBANO;DETRO/RJ;URBANO              ;1;99;B447;5;RIO DAS OSTRAS (RJ) - CAMPOS NOVOS (RJ);14,16;-;-;-;MACAENSE;
5905;MACAENSE;UNAMAR;MACAE (RJ) - SODRELANDIA (RJ);CABO FRIO - UNAMAR - MACAE URB;88,09;URBANO;DETRO/RJ;URBANO              ;1;99;SB70;5;MACAE (RJ) - SODRELANDIA (RJ);88,09;-;-;-;MACAENSE;
30095;CATARINENSE;FLORIANOPOLIS;FLORIANOPOLIS (SC) - BETO CARRERO (SC);FLORIANOPOLIS - JOINVILLE;113,97;DIRETO;DETER/SC;RODOVIARIO;1;46;1138-0;3;FLORIANOPOLIS (SC) - BETO CARRERO (SC);113,97;-;-;-;Regional Sul;113,97
70104;COMETA;CAMPINAS;GUARULHOS (SP) - CAMPINAS (SP);SAO PAULO - CAMPINAS - POCOS;129;CONVENCIONAL;ARTESP;RODOVIARIO;1;46;9413-A2;7;GUARULHOS (SP) - CAMPINAS (SP);129;-;-;-;Regional SP - Curtas;129
70103;COMETA;SANTOS;SAO MATEUS (SP) - PRAIA GRANDE (SP) - RECORTE STA;GRANDE SAO PAULO - BAIXADA SANTISTA;113,3;LITORANEO;ARTESP;RODOVIARIO;1;46;2767A-2;7;SAO MATEUS (SP) - PRAIA GRANDE (SP) - RECORTE STA;113,3;-;-;-;Regional SP - Curtas;113,3
70128;COMETA;SANTOS;GUARULHOS (SP) - SAO VICENTE - PRAIA GRANDE (SP) (J.PESSEGO);GRANDE SAO PAULO - BAIXADA SANTISTA;122,2;EXECUTIVO;ARTESP;RODOVIARIO;1;46;8633B-1;7;GUARULHOS (SP) - SAO VICENTE - PRAIA GRANDE (SP) (J.PESSEGO);122,2;-;-;-;Regional SP - Curtas;122,2
70129;COMETA;SANTOS;GUARULHOS ROD (SP) - SANTOS - PONTA PRAIA (SP);GRANDE SAO PAULO - BAIXADA SANTISTA;114,7;EXECUTIVO;ARTESP;RODOVIARIO;1;46;8633B-1;7;GUARULHOS ROD (SP) - SANTOS - PONTA PRAIA (SP);114,7;-;-;-;Regional SP - Curtas;114,7
70132;COMETA;FRANCA;CAMPINAS (SP) - FRANCA (SP);CAMPINAS - INTERIOR SP;324;CONVENCIONAL;ARTESP;RODOVIARIO;1;46;7051A-1;7;CAMPINAS (SP) - FRANCA (SP);324;-;-;-;Regional SP - Interior;324
70130;COMETA;CAMPINAS;GUARULHOS (SP) - CAMPINAS (SP);SAO PAULO - CAMPINAS - POCOS ;129;CONVENCIONAL;ARTESP;RODOVIARIO;1;46;9413A-2;7;GUARULHOS (SP) - CAMPINAS (SP);129;-;-;-;Regional SP - Curtas;129
70108;COMETA;FRANCA;SAO PAULO (SP) - FRANCA (SP);SAO PAULO - FRANCA;418;CONV. DD;ARTESP;RODOVIARIO;1;46;8,28E+01;7;SAO PAULO (SP) - FRANCA (SP);418;-;-;-;Regional SP - Interior;418
70109;COMETA;FRANCA;SAO PAULO (SP) - FRANCA (SP);SAO PAULO - FRANCA;0;CAMA;ARTESP;RODOVIARIO;0;8;8,28E+01;7;SAO PAULO (SP) - FRANCA (SP);0;-;-;-;Regional SP - Interior;418
70115;COMETA;RIBEIRAO PRETO;ABC (SP) - RIBEIRAO PRETO (SP);SAO PAULO - RIBEIRAO PRETO;0;CAMA;ARTESP;RODOVIARIO;0;8;6,38E+02;7;ABC (SP) - RIBEIRAO PRETO (SP);0;-;-;-;Regional SP - Interior;354
70120;COMETA;RIBEIRAO PRETO;SAO PAULO (SP) - RIBEIRAO PRETO (SP);SAO PAULO - RIBEIRAO PRETO;319;CONV. DD - VAI DIRETO;ARTESP;RODOVIARIO;1;46;6,38E+01;7;SAO PAULO (SP) - RIBEIRAO PRETO (SP);319;-;-;-;Regional SP - Interior;319
70110;COMETA;RIBEIRAO PRETO;SAO PAULO (SP) - RIBEIRAO PRETO (SP) - VAI DIRETO;SAO PAULO - RIBEIRAO PRETO;319;EXEC. DD - VAI DIRETO;ARTESP;RODOVIARIO;1;46;6,38E+01;7;SAO PAULO (SP) - RIBEIRAO PRETO (SP) - VAI DIRETO;319;-;-;-;Regional SP - Interior;319
70112;COMETA;RIBEIRAO PRETO;ABC (SP) - RIBEIRAO PRETO (SP);SAO PAULO - RIBEIRAO PRETO;354;CONV. DD;ARTESP;RODOVIARIO;1;46;6,38E+02;7;ABC (SP) - RIBEIRAO PRETO (SP);354;-;-;-;Regional SP - Interior;354
70113;COMETA;RIBEIRAO PRETO;ABC (SP) - RIBEIRAO PRETO (SP);SAO PAULO - RIBEIRAO PRETO;0;CAMA;ARTESP;RODOVIARIO;0;8;6,38E+02;7;ABC (SP) - RIBEIRAO PRETO (SP);0;-;-;-;Regional SP - Interior;354
70116;COMETA;SANTOS;APARECIDA (SP) - MOGI DAS CRUZES (SP);GRANDE SAO PAULO - BAIXADA SANTISTA;154,4;CONVENCIONAL;ARTESP;RODOVIARIO;1;46;9541A-3;7;APARECIDA (SP) - MOGI DAS CRUZES (SP);154,4;-;-;-;Regional SP - Curtas;154,4
70121;COMETA;RIBEIRAO PRETO;SAO PAULO (SP) - RIBEIRAO PRETO (SP);SAO PAULO - RIBEIRAO PRETO;0;CAMA - VAI DIRETO;ARTESP;RODOVIARIO;0;8;6,38E+01;7;SAO PAULO (SP) - RIBEIRAO PRETO (SP);0;-;-;-;Regional SP - Interior;319
2070;1001;ITAPERUNA;RIO DE JANEIRO (RJ) - B.J.ITABAPOANA (RJ) (VIA NIT-M.COCO);RIO - CAMPOS E NORTE FLUM.;385,3;CONVENCIONAL;DETRO/RJ;RODOVIARIO          ;1;46;2070;2;RIO DE JANEIRO (RJ) - B.J.ITABAPOANA (RJ) (VIA NIT-M.COCO);385,3;-;-;-;Regional Rio;385,3
30096;CATARINENSE;CURITIBA;CURITIBA (PR) - FLORIANOPOLIS (SC) (VAI DIRETO);CURITIBA - LITORAL SC ;297,15;SEMI LEITO - VAI DIRETO;ANTT;RODOVIARIO          ;1;46;PRSC0001057;3;CURITIBA (PR) - FLORIANOPOLIS (SC) (VAI DIRETO);297,15;-;-;-;Regional Sul;297,15
30097;CATARINENSE;CURITIBA;CURITIBA (PR) - FLORIANOPOLIS (SC) (VAI DIRETO);CURITIBA - LITORAL SC ;0;CAMA - VAI DIRETO;ANTT;RODOVIARIO          ;0;8;PRSC0001057;3;CURITIBA (PR) - FLORIANOPOLIS (SC) (VAI DIRETO);0;-;-;-;Regional Sul;297,15
30098;CATARINENSE;BLUMENAU;BLUMENAU (SC) - FLORIANOPOLIS (SC);FLORIANOPOLIS - BLUMENAU;152,25;SEMIDIRETO;DETER/SC;RODOVIARIO          ;1;46;13/mar;3;BLUMENAU (SC) - FLORIANOPOLIS (SC);152,25;-;-;-;Regional Sul;152,26
70107;COMETA;ARARAQUARA;SAO PAULO (SP) - ARARAQUARA (SP) - VAI DIRETO;SAO PAULO - ARARAQUARA;278;CONV - VAI DIRETO;ARTESP;RODOVIARIO          ;1;46;6858A-1;7;SAO PAULO (SP) - ARARAQUARA (SP) - VAI DIRETO;278;-;-;-;Regional SP - Interior;278
70131;COMETA;SAO JOSE DO RIO PRETO;CAMPINAS (SP) - SAO JOSE DO RIO PRETO (SP);CAMPINAS - INTERIOR SP;357;CONVENCIONAL;ARTESP;RODOVIARIO          ;1;46;7095A-1;7;CAMPINAS (SP) - SAO JOSE DO RIO PRETO (SP);357;-;-;-;Regional SP - Interior;357
70111;COMETA;SANTOS;SAO PAULO (SP) - RIBEIRAO PRETO (SP) - VAI DIRETO;SAO PAULO - RIBEIRAO PRETO;0;CAMA - VAI DIRETO;ARTESP;RODOVIARIO          ;0;8;6,38E+01;7;SAO PAULO (SP) - RIBEIRAO PRETO (SP) - VAI DIRETO;0;-;-;-;Regional SP - Interior;319
70114;COMETA;SANTOS;ABC (SP) - RIBEIRAO PRETO (SP);SAO PAULO - RIBEIRAO PRETO;354;EXEC. DD;ARTESP;RODOVIARIO          ;1;54;6,38E+02;7;ABC (SP) - RIBEIRAO PRETO (SP);354;-;-;-;Regional SP - Interior;354
7399;WEMOBI;WEMOBI;SAO PAULO (SP) - SAO JOSE DO RIO PRETO (SP);WEMOBI;432;POP;ARTESP;RODOVIARIO          ;1;46;1384B-1;7;SAO PAULO (SP) - SAO JOSE DO RIO PRETO (SP);432;-;-;-;WEMOBI;432
20000;WEMOBI;WEMOBI;CABO FRIO (RJ) - SAO PAULO (SP);WEMOBI;583;COMFORT PLUS SUPERIOR;ANTT;RODOVIARIO          ;1;68;RJSP0010009;2;CABO FRIO (RJ) - SAO PAULO (SP);583;-;-;-;WEMOBI;-
30009;WEMOBI;WEMOBI;MARINGA (PR) - SAO PAULO (SP);WEMOBI;627;COMFORT PLUS SUPERIOR;ANTT;RODOVIARIO          ;1;68;PRSP0001010;3;MARINGA (PR) - SAO PAULO (SP);627;-;-;-;WEMOBI;-
30010;WEMOBI;WEMOBI;MARINGA (PR) - SAO PAULO (SP);WEMOBI;627;COMFORT PLUS INFERIOR;ANTT;RODOVIARIO          ;1;68;PRSP0001010;3;MARINGA (PR) - SAO PAULO (SP);627;-;-;-;WEMOBI;-
70017;WEMOBI;WEMOBI;SAO PAULO (SP) - BELO HORIZONTE (MG);WEMOBI;598,1;COMFORT PLUS SUPERIOR;ANTT;RODOVIARIO          ;1;68;SPMG0041044;7;SAO PAULO (SP) - BELO HORIZONTE (MG);598,1;-;-;-;WEMOBI;-
70018;WEMOBI;WEMOBI;SAO PAULO (SP) - BELO HORIZONTE (MG);WEMOBI;598,1;COMFORT PLUS INFERIOR;ANTT;RODOVIARIO          ;1;68;SPMG0041044;7;SAO PAULO (SP) - BELO HORIZONTE (MG);598,1;-;-;-;WEMOBI;-
30007;WEMOBI;WEMOBI;SAO PAULO (SP) -FLORIANOPOLIS (SC);WEMOBI;700;COMFORT PLUS SUPERIOR;ANTT;RODOVIARIO          ;1;68;SPSC0010002;3;SAO PAULO (SP) -FLORIANOPOLIS (SC);700;-;-;-;WEMOBI;-
30008;WEMOBI;WEMOBI;SAO PAULO (SP) -FLORIANOPOLIS (SC);WEMOBI;700;COMFORT PLUS INFERIOR;ANTT;RODOVIARIO          ;1;68;SPSC0010002;3;SAO PAULO (SP) -FLORIANOPOLIS (SC);700;-;-;-;WEMOBI;-
30005;WEMOBI;WEMOBI;RIO DE JANEIRO (RJ) - SAO PAULO (SP);WEMOBI;450;COMFORT PLUS SUPERIOR;ANTT;RODOVIARIO          ;1;68;RJSP0001056;3;RIO DE JANEIRO (RJ) - SAO PAULO (SP);450;-;-;-;WEMOBI;-
30006;WEMOBI;WEMOBI;RIO DE JANEIRO (RJ) - SAO PAULO (SP);WEMOBI;450;COMFORT PLUS INFERIOR;ANTT;RODOVIARIO          ;1;68;RJSP0001056;3;RIO DE JANEIRO (RJ) - SAO PAULO (SP);450;-;-;-;WEMOBI;-
20001;WEMOBI;WEMOBI;CABO FRIO (RJ) - SAO PAULO (SP);WEMOBI;583;COMFORT PLUS INFERIOR;ANTT;RODOVIARIO          ;1;68;RJSP0010009;2;CABO FRIO (RJ) - SAO PAULO (SP);583;-;-;-;WEMOBI;-
70024;WEMOBI;WEMOBI;BELO HORIZONTE (MG) - RIO DE JANEIRO (RJ);WEMOBI;422,1;COMFORT PLUS SUPERIOR;ANTT;RODOVIARIO          ;1;68;MGRJ0041051;7;BELO HORIZONTE (MG) - RIO DE JANEIRO (RJ);422,1;-;-;-;WEMOBI;-
70025;WEMOBI;WEMOBI;BELO HORIZONTE (MG) - RIO DE JANEIRO (RJ);WEMOBI;422,1;COMFORT PLUS INFERIOR;ANTT;RODOVIARIO          ;1;68;MGRJ0041051;7;BELO HORIZONTE (MG) - RIO DE JANEIRO (RJ);422,1;-;-;-;WEMOBI;-
70026;WEMOBI;WEMOBI;CAMPINAS (SP) - RIO DE JANEIRO (RJ);WEMOBI;404,62;COMFORT PLUS SUPERIOR;ANTT;RODOVIARIO          ;1;68;SPRJ0041042;7;CAMPINAS (SP) - RIO DE JANEIRO (RJ);404,62;-;-;-;WEMOBI;-
70027;WEMOBI;WEMOBI;CAMPINAS (SP) - RIO DE JANEIRO (RJ);WEMOBI;404,62;COMFORT PLUS INFERIOR;ANTT;RODOVIARIO          ;1;68;SPRJ0041042;7;CAMPINAS (SP) - RIO DE JANEIRO (RJ);404,62;-;-;-;WEMOBI;-
70030;WEMOBI;WEMOBI;SAO PAULO (SP) - CURITIBA (PR);WEMOBI;431,1;COMFORT PLUS SUPERIOR;ANTT;RODOVIARIO          ;1;68;SPPR0041004;7;SAO PAULO (SP) - CURITIBA (PR);431,1;-;-;-;WEMOBI;-
70031;WEMOBI;WEMOBI;SAO PAULO (SP) - CURITIBA (PR);WEMOBI;431,1;COMFORT PLUS INFERIOR;ANTT;RODOVIARIO          ;1;68;SPPR0041004;7;SAO PAULO (SP) - CURITIBA (PR);431,1;-;-;-;WEMOBI;-
70032;WEMOBI;WEMOBI;JUIZ DE FORA (MG) - SAO PAULO (SP);WEMOBI;474,79;COMFORT PLUS SUPERIOR;ANTT;RODOVIARIO          ;1;68;MGSP0041035;7;JUIZ DE FORA (MG) - SAO PAULO (SP);474,79;-;-;-;WEMOBI;-
70033;WEMOBI;WEMOBI;JUIZ DE FORA (MG) - SAO PAULO (SP);WEMOBI;474,79;COMFORT PLUS INFERIOR;ANTT;RODOVIARIO          ;1;68;MGSP0041035;7;JUIZ DE FORA (MG) - SAO PAULO (SP);474,79;-;-;-;WEMOBI;-
70034;WEMOBI;WEMOBI;SAO PAULO (SP) - SAO JOSE DO RIO PRETO (SP);WEMOBI;448;COMFORT PLUS SUPERIOR;ARTESP;RODOVIARIO          ;1;68;1384B-1;7;SAO PAULO (SP) - SAO JOSE DO RIO PRETO (SP);448;-;-;-;WEMOBI;-
70035;WEMOBI;WEMOBI;SAO PAULO (SP) - SAO JOSE DO RIO PRETO (SP);WEMOBI;448;COMFORT PLUS;ARTESP;RODOVIARIO          ;1;68;1384B-1;7;SAO PAULO (SP) - SAO JOSE DO RIO PRETO (SP);448;-;-;-;WEMOBI;-
70028;WEMOBI;WEMOBI;SAO PAULO (SP) - SAO JOSE DO RIO PRETO (SP);WEMOBI;448;COMFORT PLUS SUPERIOR;ARTESP;RODOVIARIO          ;1;63;1384B-1;7;SAO PAULO (SP) - SAO JOSE DO RIO PRETO (SP);448;-;-;-;WEMOBI;-
70029;WEMOBI;WEMOBI;SAO PAULO (SP) - SAO JOSE DO RIO PRETO (SP);WEMOBI;448;COMFORT PLUS;ARTESP;RODOVIARIO          ;1;68;1384B-1;7;SAO PAULO (SP) - SAO JOSE DO RIO PRETO (SP);448;-;-;-;WEMOBI;-
70063;WEMOBI;WEMOBI;BELO HORIZONTE (MG) - RIO DE JANEIRO (RJ);WEMOBI;422;COMFORT PLUS SUPERIOR;ANTT;RODOVIARIO          ;1;68;MGRJ0041051;7;BELO HORIZONTE (MG) - RIO DE JANEIRO (RJ);422;-;-;-;WEMOBI;-
70064;WEMOBI;WEMOBI;BELO HORIZONTE (MG) - RIO DE JANEIRO (RJ);WEMOBI;422;COMFORT PLUS INFERIOR;ANTT;RODOVIARIO          ;1;68;MGRJ0041051;7;BELO HORIZONTE (MG) - RIO DE JANEIRO (RJ);422;-;-;-;WEMOBI;-
70065;WEMOBI;WEMOBI;BELO HORIZONTE (MG) - RIO DE JANEIRO (RJ);WEMOBI;422,1;COMFORT PLUS SUPERIOR;ANTT;RODOVIARIO          ;1;68;MGRJ0041051;7;BELO HORIZONTE (MG) - RIO DE JANEIRO (RJ);422,1;-;-;-;WEMOBI;-
70066;WEMOBI;WEMOBI;BELO HORIZONTE (MG) - RIO DE JANEIRO (RJ);WEMOBI;422,1;COMFORT PLUS INFERIOR;ANTT;RODOVIARIO          ;1;68;MGRJ0041051;7;BELO HORIZONTE (MG) - RIO DE JANEIRO (RJ);422,1;-;-;-;WEMOBI;-
30093;WEMOBI;WEMOBI;FLORIANOPOLIS (SC) - SAO PAULO (SP);WEMOBI;700;COMFORT PLUS SUPERIOR;ANTT;RODOVIARIO          ;1;68;SCSP0001031;3;FLORIANOPOLIS (SC) - SAO PAULO (SP);700;-;-;-;WEMOBI;-
30094;WEMOBI;WEMOBI;FLORIANOPOLIS (SC) - SAO PAULO (SP);WEMOBI;700;COMFORT PLUS INFERIOR;ANTT;RODOVIARIO          ;1;68;SCSP0001031;3;FLORIANOPOLIS (SC) - SAO PAULO (SP);700;-;-;-;WEMOBI;-
70100;WEMOBI;WEMOBI;JUIZ DE FORA (MG) - SAO PAULO (SP);WEMOBI;474,79;COMFORT PLUS SUPERIOR;ANTT;RODOVIARIO          ;1;68;MGSP0041035;7;JUIZ DE FORA (MG) - SAO PAULO (SP);474,79;-;-;-;WEMOBI;-
70101;WEMOBI;WEMOBI;JUIZ DE FORA (MG) - SAO PAULO (SP);WEMOBI;474,79;COMFORT PLUS INFERIOR;ANTT;RODOVIARIO          ;1;68;MGSP0041035;7;JUIZ DE FORA (MG) - SAO PAULO (SP);474,79;-;-;-;WEMOBI;-
30099;CATARINENSE;FOZ DO IGUACU;FOZ DO IGUACU (PR) - SAO PAULO (SP);FOZ - SAO PAULO;1084;CONV. DD;ANTT;RODOVIARIO          ;1;46;PRSP0001062;3;FOZ DO IGUACU (PR) - SAO PAULO (SP);1084;-;-;-;Regional Sul;1084
30100;CATARINENSE;FOZ DO IGUACU;FOZ DO IGUACU (PR) - SAO PAULO (SP);FOZ - SAO PAULO;0;CAMA;ANTT;RODOVIARIO          ;0;8;PRSP0001062;3;FOZ DO IGUACU (PR) - SAO PAULO (SP);0;-;-;-;Regional Sul;1084
30101;CATARINENSE;FOZ DO IGUACU;FOZ DO IGUACU (PR) - SAO PAULO (SP);FOZ - SAO PAULO;1084;SEMILTO. DD;ANTT;RODOVIARIO          ;1;46;PRSP0001062;3;FOZ DO IGUACU (PR) - SAO PAULO (SP);1084;-;-;-;Regional Sul;1084
30102;CATARINENSE;FOZ DO IGUACU;FOZ DO IGUACU (PR) - SAO PAULO (SP);FOZ - SAO PAULO;0;CAMA;ANTT;RODOVIARIO          ;0;8;PRSP0001062;3;FOZ DO IGUACU (PR) - SAO PAULO (SP);0;-;-;-;Regional Sul;1084
30104;CATARINENSE;FLORIANOPOLIS;CRICIUMA (SC) - ASUNCION (PRY);INTERNACIONAL;1625;CONVENCIONAL;ANTT;RODOVIARIO          ;1;44;16002200;3;CRICIUMA (SC) - ASUNCION (PRY);1625;-;-;-;Regional Sul;1625
30103;CATARINENSE;FLORIANOPOLIS;CRICIUMA (SC) - FOZ DO IGUACU (PR);INTERNACIONAL;1273;CONVENCIONAL;ANTT;RODOVIARIO          ;1;44;SCPR0001060;3;CRICIUMA (SC) - FOZ DO IGUACU (PR);1273;-;-;-;Regional Sul;1273
30105;CATARINENSE;FOZ DO IGUACU;FLORIANOPOLIS (SC) - FOZ DO IGUACU (PR) - VIA OESTE;INTERNACIONAL;1033;CONVENCIONAL;ANTT;RODOVIARIO          ;1;44;SCPR0001058 ;3;FLORIANOPOLIS (SC) - FOZ DO IGUACU (PR) - VIA OESTE;1033;-;-;-;Regional Sul;1033
30106;CATARINENSE;FLORIANOPOLIS;FLORIANOPOLIS (SC) - ASUNCION (PRY);INTERNACIONAL;1385;CONVENCIONAL;ANTT;RODOVIARIO          ;1;44;16000300;3;FLORIANOPOLIS (SC) - ASUNCION (PRY);1385;-;-;-;Regional Sul;1385
30107;CATARINENSE;SÃO PAULO;RIO DE JANEIRO (RJ) - SAO PAULO (SP);SAO PAULO - RIO DE JANEIRO;424;CONV. DD;ANTT;RODOVIARIO          ;1;46;RJSP0001006;3;RIO DE JANEIRO (RJ) - SAO PAULO (SP);424;-;-;-;Regional Sul;424
30108;CATARINENSE;SÃO PAULO;RIO DE JANEIRO (RJ) - SAO PAULO (SP);SAO PAULO - RIO DE JANEIRO;0;CAMA;ANTT;RODOVIARIO          ;0;8;RJSP0001006;3;RIO DE JANEIRO (RJ) - SAO PAULO (SP);0;-;-;-;Regional Sul;424
30139;CATARINENSE;BALNEARIO CAMBORIU;CURITIBA (PR) - BALNEARIO CAMBORIU (SC);CURITIBA - LITORAL SC;224,71;CONV. DD;ANTT;RODOVIARIO          ;1;46;PRSC0001014;3;CURITIBA (PR) - BALNEARIO CAMBORIU (SC);224,71;-;-;-;Regional Sul;224,71
30140;CATARINENSE;BALNEARIO CAMBORIU;CURITIBA (PR) - BALNEARIO CAMBORIU (SC);CURITIBA - LITORAL SC;0;CAMA;ANTT;RODOVIARIO          ;0;8;PRSC0001014;3;CURITIBA (PR) - BALNEARIO CAMBORIU (SC);0;-;-;-;Regional Sul;224,71
30147;CATARINENSE;BLUMENAU;CURITIBA (PR) - BLUMENAU (SC);CURITIBA - INTERIOR SC;234,19;CONVENCIONAL;ANTT;RODOVIARIO          ;1;46;PRSC0001027;3;CURITIBA (PR) - BLUMENAU (SC);234,19;-;-;-;Regional Sul;234,2
30148;CATARINENSE;BLUMENAU;CURITIBA (PR) - BLUMENAU (SC);CURITIBA - INTERIOR SC;234,19;CONV. DD;ANTT;RODOVIARIO          ;1;46;PRSC0001027;3;CURITIBA (PR) - BLUMENAU (SC);234,19;-;-;-;Regional Sul;234,2
30149;CATARINENSE;BLUMENAU;CURITIBA (PR) - BLUMENAU (SC);CURITIBA - INTERIOR SC;0;CAMA;ANTT;RODOVIARIO          ;0;8;PRSC0001027;3;CURITIBA (PR) - BLUMENAU (SC);0;-;-;-;Regional Sul;234,2
30150;CATARINENSE;BLUMENAU;CURITIBA (PR) - BLUMENAU (SC);CURITIBA - INTERIOR SC;234,19;SEMILTO. DD;ANTT;RODOVIARIO          ;1;46;PRSC0001027;3;CURITIBA (PR) - BLUMENAU (SC);234,19;-;-;-;Regional Sul;234,2
30151;CATARINENSE;BLUMENAU;CURITIBA (PR) - BLUMENAU (SC);CURITIBA - INTERIOR SC;0;CAMA;ANTT;RODOVIARIO          ;0;8;PRSC0001027;3;CURITIBA (PR) - BLUMENAU (SC);0;-;-;-;Regional Sul;234,2
30141;CATARINENSE;SÃO PAULO;RIO DE JANEIRO (RJ) - SAO PAULO (SP) - VIA GLORIA;SOROCABA - RIO ;450;CONV. DD;ANTT;RODOVIARIO          ;1;46;RJSP0001056;3;RIO DE JANEIRO (RJ) - SAO PAULO (SP) - VIA GLORIA;450;-;-;-;Regional Sul;450
30142;CATARINENSE;SÃO PAULO;RIO DE JANEIRO (RJ) - SAO PAULO (SP) - VIA GLORIA;SOROCABA - RIO ;0;CAMA;ANTT;RODOVIARIO          ;0;8;RJSP0001056;3;RIO DE JANEIRO (RJ) - SAO PAULO (SP) - VIA GLORIA;0;-;-;-;Regional Sul;450
30135;CATARINENSE;FLORIANOPOLIS;FLORIANOPOLIS (SC) - SANTOS (SP);ABC LITORAL - SC ;705,12;CONV. DD;ANTT;RODOVIARIO          ;1;46;SCSP0001024;3;FLORIANOPOLIS (SC) - SANTOS (SP);705,12;-;-;-;Regional Sul;705,12
30136;CATARINENSE;FLORIANOPOLIS;FLORIANOPOLIS (SC) - SANTOS (SP);ABC LITORAL - SC ;0;CAMA;ANTT;RODOVIARIO          ;0;8;SCSP0001024;3;FLORIANOPOLIS (SC) - SANTOS (SP);0;-;-;-;Regional Sul;705,12
30137;CATARINENSE;FLORIANOPOLIS;FLORIANOPOLIS (SC) - SANTOS (SP);ABC LITORAL - SC ;705,12;SEMILTO. DD;ANTT;RODOVIARIO          ;1;46;SCSP0001024;3;FLORIANOPOLIS (SC) - SANTOS (SP);705,12;-;-;-;Regional Sul;705,12
30138;CATARINENSE;FLORIANOPOLIS;FLORIANOPOLIS (SC) - SANTOS (SP);ABC LITORAL - SC ;0;CAMA;ANTT;RODOVIARIO          ;0;8;SCSP0001024;3;FLORIANOPOLIS (SC) - SANTOS (SP);0;-;-;-;Regional Sul;705,12
30131;CATARINENSE;FLORIANOPOLIS;FLORIANOPOLIS (SC) - SAO CAETANO DO SUL (SP);ABC LITORAL - SC ;767,88;CONV. DD;ANTT;RODOVIARIO          ;1;46;SCSP0001040;3;FLORIANOPOLIS (SC) - SAO CAETANO DO SUL (SP);767,88;-;-;-;Regional Sul;767,89
30132;CATARINENSE;FLORIANOPOLIS;FLORIANOPOLIS (SC) - SAO CAETANO DO SUL (SP);ABC LITORAL - SC ;0;CAMA;ANTT;RODOVIARIO          ;0;8;SCSP0001040;3;FLORIANOPOLIS (SC) - SAO CAETANO DO SUL (SP);0;-;-;-;Regional Sul;767,89
30127;CATARINENSE;CURITIBA;CURITIBA (PR) - SANTOS (SP);CURITIBA - ABC;416,5;CONV. DD;ANTT;RODOVIARIO          ;1;46;PRSP0001007;3;CURITIBA (PR) - SANTOS (SP);416,5;-;-;-;Regional Sul;416,5
30128;CATARINENSE;CURITIBA;CURITIBA (PR) - SANTOS (SP);CURITIBA - ABC;0;CAMA;ANTT;RODOVIARIO          ;0;8;PRSP0001007;3;CURITIBA (PR) - SANTOS (SP);0;-;-;-;Regional Sul;416,5
30129;CATARINENSE;CURITIBA;CURITIBA (PR) - SANTOS (SP);CURITIBA - ABC;416,5;SEMILTO. DD;ANTT;RODOVIARIO          ;1;46;PRSP0001007;3;CURITIBA (PR) - SANTOS (SP);416,5;-;-;-;Regional Sul;416,5
30130;CATARINENSE;CURITIBA;CURITIBA (PR) - SANTOS (SP);CURITIBA - ABC;0;CAMA;ANTT;RODOVIARIO          ;0;8;PRSP0001007;3;CURITIBA (PR) - SANTOS (SP);0;-;-;-;Regional Sul;416,5
30133;CATARINENSE;FLORIANOPOLIS;FLORIANOPOLIS (SC) - SAO CAETANO DO SUL (SP);ABC LITORAL - SC ;767,88;SEMILTO. DD;ANTT;RODOVIARIO          ;1;46;SCSP0001040;3;FLORIANOPOLIS (SC) - SAO CAETANO DO SUL (SP);767,88;-;-;-;Regional Sul;767,89
30134;CATARINENSE;FLORIANOPOLIS;FLORIANOPOLIS (SC) - SAO CAETANO DO SUL (SP);ABC LITORAL - SC ;0;CAMA;ANTT;RODOVIARIO          ;0;8;SCSP0001040;3;FLORIANOPOLIS (SC) - SAO CAETANO DO SUL (SP);0;-;-;-;Regional Sul;767,89
30124;CATARINENSE;CURITIBA;CURITIBA (PR) - SAO CAETANO DO SUL (SP);CURITIBA - ABC;0;CAMA;ANTT;RODOVIARIO          ;0;8;PRSP0001009;3;CURITIBA (PR) - SAO CAETANO DO SUL (SP);0;-;-;-;Regional Sul;483,79
30123;CATARINENSE;CURITIBA;CURITIBA (PR) - SAO CAETANO DO SUL (SP);CURITIBA - ABC;483,79;CONV. DD;ANTT;RODOVIARIO          ;1;46;PRSP0001009;3;CURITIBA (PR) - SAO CAETANO DO SUL (SP);483,79;-;-;-;Regional Sul;483,79
30125;CATARINENSE;CURITIBA;CURITIBA (PR) - SAO CAETANO DO SUL (SP);CURITIBA - ABC;483,79;SEMILTO. DD;ANTT;RODOVIARIO          ;1;46;PRSP0001009;3;CURITIBA (PR) - SAO CAETANO DO SUL (SP);483,79;-;-;-;Regional Sul;483,79
30126;CATARINENSE;CURITIBA;CURITIBA (PR) - SAO CAETANO DO SUL (SP);CURITIBA - ABC;0;CAMA;ANTT;RODOVIARIO          ;0;8;PRSP0001009;3;CURITIBA (PR) - SAO CAETANO DO SUL (SP);0;-;-;-;Regional Sul;483,79
30121;CATARINENSE;CURITIBA;CURITIBA (PR) - CRICIUMA (SC);CURITIBA - LITORAL SC ;480,5;SEMILTO. DD;ANTT;RODOVIARIO          ;1;46;PRSC0001019;3;CURITIBA (PR) - CRICIUMA (SC);480,5;-;-;-;Regional Sul;480,5
30122;CATARINENSE;CURITIBA;CURITIBA (PR) - CRICIUMA (SC);CURITIBA - LITORAL SC ;0;CAMA;ANTT;RODOVIARIO          ;0;8;PRSC0001019;3;CURITIBA (PR) - CRICIUMA (SC);0;-;-;-;Regional Sul;480,5
30117;CATARINENSE;BLUMENAU;CURITIBA (PR) - BLUMENAU (SC);CURITIBA - INTERIOR SC ;235,19;SEMILTO. DD;ANTT;RODOVIARIO          ;1;46;PRSC0001027;3;CURITIBA (PR) - BLUMENAU (SC);235,19;-;-;-;Regional Sul;235,2
30119;CATARINENSE;CURITIBA;CURITIBA (PR) - CRICIUMA (SC);CURITIBA - LITORAL SC ;480,5;CONV. DD;ANTT;RODOVIARIO          ;1;46;PRSC0001019;3;CURITIBA (PR) - CRICIUMA (SC);480,5;-;-;-;Regional Sul;480,5
30118;CATARINENSE;BLUMENAU;CURITIBA (PR) - BLUMENAU (SC);CURITIBA - INTERIOR SC ;0;CAMA;ANTT;RODOVIARIO          ;0;8;PRSC0001027;3;CURITIBA (PR) - BLUMENAU (SC);0;-;-;-;Regional Sul;235,2
30120;CATARINENSE;CURITIBA;CURITIBA (PR) - CRICIUMA (SC);CURITIBA - LITORAL SC ;0;CAMA;ANTT;RODOVIARIO          ;0;8;PRSC0001019;3;CURITIBA (PR) - CRICIUMA (SC);0;-;-;-;Regional Sul;480,5
30109;CATARINENSE;SÃO PAULO;RIO DE JANEIRO (RJ) - SOROCABA (SP);SOROCABA - RIO;519,28;CONV. DD;ANTT;RODOVIARIO          ;1;46;RJSP0001004;3;RIO DE JANEIRO (RJ) - SOROCABA (SP);519,28;-;-;-;Regional Sul;519,29
30110;CATARINENSE;SÃO PAULO;RIO DE JANEIRO (RJ) - SOROCABA (SP);SOROCABA - RIO;0;CAMA;ANTT;RODOVIARIO          ;0;8;RJSP0001004;3;RIO DE JANEIRO (RJ) - SOROCABA (SP);0;-;-;-;Regional Sul;519,29
30111;CATARINENSE;SÃO PAULO;RIO DE JANEIRO (RJ) - SOROCABA (SP);SOROCABA - RIO;519,28;SEMILTO. DD;ANTT;RODOVIARIO          ;1;46;RJSP0001004;3;RIO DE JANEIRO (RJ) - SOROCABA (SP);519,28;-;-;-;Regional Sul;519,29
30112;CATARINENSE;SÃO PAULO;RIO DE JANEIRO (RJ) - SOROCABA (SP);SOROCABA - RIO;0;CAMA;ANTT;RODOVIARIO          ;0;8;RJSP0001004;3;RIO DE JANEIRO (RJ) - SOROCABA (SP);0;-;-;-;Regional Sul;519,29
30113;CATARINENSE;FOZ DO IGUACU;FOZ DO IGUACU (PR) - RIO DE JANEIRO (RJ);FOZ - RIO DE JANEIRO;1524;CONV. DD;ANTT;RODOVIARIO          ;1;46;PRRJ0001045;3;FOZ DO IGUACU (PR) - RIO DE JANEIRO (RJ);1524;-;-;-;Regional Sul;1522
30114;CATARINENSE;FOZ DO IGUACU;FOZ DO IGUACU (PR) - RIO DE JANEIRO (RJ);FOZ - RIO DE JANEIRO;0;CAMA;ANTT;RODOVIARIO          ;0;8;PRRJ0001045;3;FOZ DO IGUACU (PR) - RIO DE JANEIRO (RJ);0;-;-;-;Regional Sul;1522
30115;CATARINENSE;FOZ DO IGUACU;FOZ DO IGUACU (PR) - RIO DE JANEIRO (RJ);FOZ - RIO DE JANEIRO;1430,5;SEMILTO. DD;ANTT;RODOVIARIO          ;1;46;PRRJ0001045;3;FOZ DO IGUACU (PR) - RIO DE JANEIRO (RJ);1430,5;-;-;-;Regional Sul;1430,5
30116;CATARINENSE;FOZ DO IGUACU;FOZ DO IGUACU (PR) - RIO DE JANEIRO (RJ);FOZ - RIO DE JANEIRO;0;CAMA;ANTT;RODOVIARIO          ;0;8;PRRJ0001045;3;FOZ DO IGUACU (PR) - RIO DE JANEIRO (RJ);0;-;-;-;Regional Sul;1430,5
30143;CATARINENSE;SÃO PAULO;RIO DE JANEIRO (RJ) - SAO PAULO (SP);SOROCABA - RIO ;442;CONV. DD;ANTT;RODOVIARIO          ;1;46;RJSP0001061;3;RIO DE JANEIRO (RJ) - SAO PAULO (SP);442;-;-;-;Regional Sul;442
30144;CATARINENSE;SÃO PAULO;RIO DE JANEIRO (RJ) - SAO PAULO (SP);SOROCABA - RIO ;0;CAMA;ANTT;RODOVIARIO          ;0;8;RJSP0001061;3;RIO DE JANEIRO (RJ) - SAO PAULO (SP);0;-;-;-;Regional Sul;442
30145;CATARINENSE;SÃO PAULO;RIO DE JANEIRO (RJ) - SAO PAULO (SP);SOROCABA - RIO ;442;SEMILTO. DD;ANTT;RODOVIARIO          ;1;46;RJSP0001061;3;RIO DE JANEIRO (RJ) - SAO PAULO (SP);442;-;-;-;Regional Sul;442
30146;CATARINENSE;SÃO PAULO;RIO DE JANEIRO (RJ) - SAO PAULO (SP);SOROCABA - RIO ;0;CAMA;ANTT;RODOVIARIO          ;0;8;RJSP0001061;3;RIO DE JANEIRO (RJ) - SAO PAULO (SP);0;-;-;-;Regional Sul;442
70138;COMETA;SAO JOSE DO RIO PRETO;CAMPINAS (SP) - SAO JOSE DO RIO PRETO (SP);CAMPINAS - INTERIOR SP;357;CONV. DD;ARTESP;RODOVIARIO          ;1;52;7095A-1;7;CAMPINAS (SP) - SAO JOSE DO RIO PRETO (SP);357;-;-;-;Regional SP - Interior;357
70139;COMETA;SAO JOSE DO RIO PRETO;CAMPINAS (SP) - SAO JOSE DO RIO PRETO (SP);CAMPINAS - INTERIOR SP;357;EXEC. DD;ARTESP;RODOVIARIO          ;1;16;7095A-1;7;CAMPINAS (SP) - SAO JOSE DO RIO PRETO (SP);357;-;-;-;Regional SP - Interior;357
70137;COMETA;POCOS DE CALDAS;SAO PAULO (SP) - AGUAS DA PRATA (SP);SAO PAULO - CAMPINAS - POCOS ;247;CONVENCIONAL;ARTESP;RODOVIARIO          ;1;46;0770A-1;7;SAO PAULO (SP) - AGUAS DA PRATA (SP);247;-;-;-;Regional SP - Curtas;247
30152;CATARINENSE;JOINVILLE;CURITIBA (PR) - JOINVILLE (SC);CURITIBA - LITORAL SC ;138,69;SEMILTO. DD;ANTT;RODOVIARIO          ;1;46;PRSC0001052;3;CURITIBA (PR) - JOINVILLE (SC);138,69;-;-;-;Regional Sul;138,7
30154;CATARINENSE;BLUMENAU;BLUMENAU (SC) - SAO PAULO (SP);SP - INTERIOR SC;651;SEMILTO. DD;ANTT;RODOVIARIO          ;1;46;SCSP0001016;3;BLUMENAU (SC) - SAO PAULO (SP);651;-;-;-;Regional Sul;651
30155;CATARINENSE;BLUMENAU;BLUMENAU (SC) - SAO PAULO (SP);SP - INTERIOR SC;0;CAMA;ANTT;RODOVIARIO          ;0;8;SCSP0001016;3;BRUSQUE (SC) - SAO PAULO (SP) - RECORTE BNU;0;-;-;-;Regional Sul;651
30156;CATARINENSE;CURITIBA;BALNEARIO CAMBORIU (SC) - SAO LEOPOLDO (RS);CURITIBA - SANTA MARIA ;588,1;CONV. DD;ANTT;RODOVIARIO          ;1;46;SCRS0001023;3;BALNEARIO CAMBORIU (SC) - SAO LEOPOLDO (RS);588,1;-;-;-;Regional Sul;588,1
30157;CATARINENSE;CURITIBA;BALNEARIO CAMBORIU (SC) - SAO LEOPOLDO (RS);CURITIBA - SANTA MARIA ;0;CAMA;ANTT;RODOVIARIO          ;0;8;SCRS0001023;3;BALNEARIO CAMBORIU (SC) - SAO LEOPOLDO (RS);0;-;-;-;Regional Sul;588,1
30158;CATARINENSE;FOZ DO IGUACU;FLORIANOPOLIS (SC) - FOZ DO IGUACU (PR) RECORTE CMB;SC - FOZ;898,48;SEMILTO. DD;ANTT;RODOVIARIO          ;1;46;SCPR0001051;3;FLORIANOPOLIS (SC) - FOZ DO IGUACU (PR) RECORTE CMB;898,48;-;-;-;Regional Sul;898,48
30159;CATARINENSE;FOZ DO IGUACU;FLORIANOPOLIS (SC) - FOZ DO IGUACU (PR) RECORTE CMB;SC - FOZ;0;CAMA;ANTT;RODOVIARIO          ;0;8;SCPR0001051;3;FLORIANOPOLIS (SC) - FOZ DO IGUACU (PR) RECORTE CMB;0;-;-;-;Regional Sul;898,48
30160;CATARINENSE;SÃO PAULO;RIO DE JANEIRO (RJ) - SOROCABA (SP);SOROCABA - RIO;519,28;EXECUTIVO;ANTT;RODOVIARIO          ;1;46;RJSP0001004;3;RIO DE JANEIRO (RJ) - SOROCABA (SP);519,28;-;-;-;Regional Sul;519,29
30161;CATARINENSE;FOZ DO IGUACU;CURITIBA (PR) - FOZ DO IGUACU (PR);CURITIBA - FOZ;662;CONV. DD;DER/PR;RODOVIARIO          ;1;46;00200635A8;3;CURITIBA (PR) - FOZ DO IGUACU (PR);662;-;-;-;Regional Sul;662
30162;CATARINENSE;FOZ DO IGUACU;CURITIBA (PR) - FOZ DO IGUACU (PR);CURITIBA - FOZ;0;CAMA;DER/PR;RODOVIARIO          ;0;8;00200635A8;3;CURITIBA (PR) - FOZ DO IGUACU (PR);0;-;-;-;Regional Sul;662
30163;CATARINENSE;FOZ DO IGUACU;CURITIBA (PR) - FOZ DO IGUACU (PR);CURITIBA - FOZ;662;CONV. DD;DER/PR;RODOVIARIO          ;1;46;10063588;3;CURITIBA (PR) - FOZ DO IGUACU (PR);662;-;-;-;Regional Sul;662
30164;CATARINENSE;FOZ DO IGUACU;CURITIBA (PR) - FOZ DO IGUACU (PR);CURITIBA - FOZ;0;CAMA;DER/PR;RODOVIARIO          ;0;8;10063588;3;CURITIBA (PR) - FOZ DO IGUACU (PR);0;-;-;-;Regional Sul;662
30167;CATARINENSE;BLUMENAU;CURITIBA (PR) - BLUMENAU (SC);CURITIBA - INTERIOR SC ;235,21;CONVENCIONAL;ANTT;RODOVIARIO          ;1;46;PRSC0001063;3;CURITIBA (PR) - BLUMENAU (SC);235,21;-;-;-;Regional Sul;235,21
30171;CATARINENSE;BLUMENAU;CURITIBA (PR) - BLUMENAU (SC);CURITIBA - INTERIOR SC ;0;CAMA;ANTT;RODOVIARIO          ;0;8;PRSC0001063;3;CURITIBA (PR) - BLUMENAU (SC);0;-;-;-;Regional Sul;235,21
70140;COMETA;BELO HORIZONTE;BELO HORIZONTE (MG) - RIO DE JANEIRO (RJ);BELO HORIZONTE - RIO DE JANEIRO;0;SEMILTO. DD;ANTT;RODOVIARIO          ;0;8;MGRJ0041052;7;BELO HORIZONTE (MG) - RIO DE JANEIRO (RJ);0;-;-;-;Regional SP - ANTT;442,3
70141;COMETA;BELO HORIZONTE;BELO HORIZONTE (MG) - RIO DE JANEIRO (RJ);BELO HORIZONTE - RIO DE JANEIRO;442,3;LEITO DD;ANTT;RODOVIARIO          ;1;46;MGRJ0041052;7;BELO HORIZONTE (MG) - RIO DE JANEIRO (RJ);442,3;-;-;-;Regional SP - ANTT;442,3
30153;CATARINENSE;JOINVILLE;CURITIBA (PR) - JOINVILLE (SC);CURITIBA - LITORAL SC ;0;CAMA;ANTT;RODOVIARIO          ;0;8;PRSC0001052;3;CURITIBA (PR) - JOINVILLE (SC);0;-;-;-;Regional Sul;138,7
30168;CATARINENSE;BLUMENAU;CURITIBA (PR) - BLUMENAU (SC);CURITIBA - INTERIOR SC ;235,21;CONV. DD;ANTT;RODOVIARIO          ;1;46;PRSC0001063;3;CURITIBA (PR) - BLUMENAU (SC);235,21;-;-;-;Regional Sul;235,21
30169;CATARINENSE;BLUMENAU;CURITIBA (PR) - BLUMENAU (SC);CURITIBA - INTERIOR SC ;0;CAMA;ANTT;RODOVIARIO          ;0;8;PRSC0001063;3;CURITIBA (PR) - BLUMENAU (SC);0;-;-;-;Regional Sul;235,21
30170;CATARINENSE;BLUMENAU;CURITIBA (PR) - BLUMENAU (SC);CURITIBA - INTERIOR SC ;235,21;SEMILTO. DD;ANTT;RODOVIARIO          ;1;46;PRSC0001063;3;CURITIBA (PR) - BLUMENAU (SC);235,21;-;-;-;Regional Sul;235,21
30173;CATARINENSE;FLORIANOPOLIS;ARARANGUA (SC) - CAMPINAS (SP);SP - LITORAL SC;1072;CONV. DD;ANTT;RODOVIARIO          ;1;46;SCSP0001043;3;ARARANGUA (SC) - CAMPINAS (SP);1072;-;-;-;Regional Sul;1072
30174;CATARINENSE;FLORIANOPOLIS;ARARANGUA (SC) - CAMPINAS (SP);SP - LITORAL SC;0;CAMA;ANTT;RODOVIARIO          ;0;8;SCSP0001043;3;ARARANGUA (SC) - CAMPINAS (SP);0;-;-;-;Regional Sul;1072
30175;CATARINENSE;RIO DO SUL;RIO DO SUL (SC) - SAO PAULO (SP);SP - INTERIOR SC ;707,5;SEMILTO. DD;ANTT;RODOVIARIO          ;1;46;SCSP0001017;3;RIO DO SUL (SC) - SAO PAULO (SP);707,5;-;-;-;Regional Sul;707,5
30176;CATARINENSE;RIO DO SUL;RIO DO SUL (SC) - SAO PAULO (SP);SP - INTERIOR SC ;0;CAMA;ANTT;RODOVIARIO          ;0;8;SCSP0001017;3;RIO DO SUL (SC) - SAO PAULO (SP);0;-;-;-;Regional Sul;707,5
30177;CATARINENSE;FOZ DO IGUACU;CURITIBA (PR) - FOZ DO IGUACU (PR);CURITIBA - FOZ;640;CONV. DD;DER/PR;RODOVIARIO          ;1;46;20063508;3;CURITIBA (PR) - FOZ DO IGUACU (PR);640;-;-;-;Regional Sul;640
30178;CATARINENSE;FOZ DO IGUACU;CURITIBA (PR) - FOZ DO IGUACU (PR);CURITIBA - FOZ;0;LEITO DD;DER/PR;RODOVIARIO          ;0;8;20063508;3;CURITIBA (PR) - FOZ DO IGUACU (PR);0;-;-;-;Regional Sul;640
30179;CATARINENSE;FLORIANOPOLIS;FLORIANOPOLIS (SC) - SAO PAULO (SP);SP - LITORAL SC;691,25;SEMILTO. DD;ANTT;RODOVIARIO          ;1;46;SCSP0001031;3;FLORIANOPOLIS (SC) - SAO PAULO (SP);691,25;-;-;-;Regional Sul;691,25
30180;CATARINENSE;FLORIANOPOLIS;FLORIANOPOLIS (SC) - SAO PAULO (SP);SP - LITORAL SC;0;LEITO DD;ANTT;RODOVIARIO          ;0;8;SCSP0001031;3;FLORIANOPOLIS (SC) - SAO PAULO (SP);0;-;-;-;Regional Sul;691,25
7232;WEMOBI;WEMOBI;SAO PAULO (SP) - SAO JOSE DO RIO PRETO (SP);WEMOBI;435;COMFORT EXECUTIVO;ARTESP;RODOVIARIO          ;1;46;1384B-1;7;SAO PAULO (SP) - SAO JOSE DO RIO PRETO (SP);435;-;-;-;WEMOBI;435
7233;WEMOBI;WEMOBI;SAO PAULO (SP) - SAO JOSE DO RIO PRETO (SP);WEMOBI;435;PREMIUM;ARTESP;RODOVIARIO          ;1;46;1,38E+02;7;SAO PAULO (SP) - SAO JOSE DO RIO PRETO (SP);435;-;-;-;WEMOBI;435
7224;WEMOBI;WEMOBI;SAO PAULO (SP) - SAO JOSE DO RIO PRETO (SP);WEMOBI;435;POP;ARTESP;RODOVIARIO          ;1;46;1384B-1;7;SAO PAULO (SP) - SAO JOSE DO RIO PRETO (SP);435;-;-;-;WEMOBI;435
7681;WEMOBI;WEMOBI;SAO PAULO (SP) - SAO JOSE DO RIO PRETO (SP);WEMOBI;435;POP;ARTESP;RODOVIARIO          ;1;46;1384B-1;7;SAO PAULO (SP) - SAO JOSE DO RIO PRETO (SP);435;-;-;-;WEMOBI;435
7682;WEMOBI;WEMOBI;SAO PAULO (SP) - SAO JOSE DO RIO PRETO (SP);WEMOBI;435;PREMIUM;ARTESP;RODOVIARIO          ;1;46;1384L-1;7;SAO PAULO (SP) - SAO JOSE DO RIO PRETO (SP);435;-;-;-;WEMOBI;435
70135;COMETA;BELO HORIZONTE;SAO PAULO (SP) - BELO HORIZONTE (MG) - VIA JK;SAO PAULO - BELO HORIZONTE;661;CONV. DD;ANTT;RODOVIARIO          ;1;46;SPMG0041044;7;SAO PAULO (SP) - BELO HORIZONTE (MG) - VIA JK;661;-;-;-;Regional SP - ANTT;661
70136;COMETA;BELO HORIZONTE;SAO PAULO (SP) - BELO HORIZONTE (MG) - VIA JK;SAO PAULO - BELO HORIZONTE;0;CAMA;ANTT;RODOVIARIO          ;0;8;SPMG0041044;7;SAO PAULO (SP) - BELO HORIZONTE (MG) - VIA JK;0;-;-;-;Regional SP - ANTT;661
70133;COMETA;BELO HORIZONTE;SAO PAULO (SP) - BELO HORIZONTE (MG);SAO PAULO - BELO HORIZONTE;595,1;SEMILTO. DD;ANTT;RODOVIARIO          ;1;46;SPMG0041058;7;SAO PAULO (SP) - BELO HORIZONTE (MG);595,1;-;-;-;Regional SP - ANTT;595,1
70134;COMETA;BELO HORIZONTE;SAO PAULO (SP) - BELO HORIZONTE (MG);SAO PAULO - BELO HORIZONTE;0;LEITO DD;ANTT;RODOVIARIO          ;0;8;SPMG0041058;7;SAO PAULO (SP) - BELO HORIZONTE (MG);0;-;-;-;Regional SP - ANTT;595,1
70142;COMETA;BELO HORIZONTE;SAO VICENTE (SP) - BELO HORIZONTE (MG);SAO PAULO - BELO HORIZONTE;686;EXECUTIVO;ANTT;RODOVIARIO          ;1;46;SPMG0041053;7;SAO VICENTE (SP) - BELO HORIZONTE (MG);686;-;-;-;Regional SP - ANTT;686
30165;WEMOBI;WEMOBI;RIO DE JANEIRO (RJ) - SAO PAULO (SP);WEMOBI;396,58;COMFORT PLUS SUPERIOR;ANTT;RODOVIARIO          ;1;52;RJSP0001006;3;RIO DE JANEIRO (RJ) - SAO PAULO (SP);396,58;-;-;-;WEMOBI;-
30166;WEMOBI;WEMOBI;RIO DE JANEIRO (RJ) - SAO PAULO (SP);WEMOBI;0;COMFORT PLUS INFERIOR;ANTT;RODOVIARIO          ;0;68;RJSP0001006;3;RIO DE JANEIRO (RJ) - SAO PAULO (SP);0;-;-;-;WEMOBI;-
70144;COMETA;SOROCABA;SOROCABA (SP) - MONGAGUA (SP);INTERIOR SP - BAIXADA SANTISTA;225,19;LITORANEO;ARTESP;RODOVIARIO          ;1;46;0016B-1;7;SOROCABA (SP) - MONGAGUA (SP);225,19;-;-;-;Regional SP - Curtas;225,2
30182;CATARINENSE;BLUMENAU;BLUMENAU (SC) - SAO PAULO (SP);SP - INTERIOR SC;0;CAMA;ANTT;RODOVIARIO          ;0;8;SCSP0001064;3;BLUMENAU (SC) - SAO PAULO (SP);0;-;-;-;Regional Sul;651
30181;CATARINENSE;BLUMENAU;BLUMENAU (SC) - SAO PAULO (SP);SP - INTERIOR SC;651;CONV. DD;ANTT;RODOVIARIO          ;1;46;SCSP0001064;3;BLUMENAU (SC) - SAO PAULO (SP);651;-;-;-;Regional Sul;651
2058;1001;ITAPERUNA;PORCIUNCULA  (RJ) - ARRAIAL DO CABO (RJ);NORTE FLUM. - CPS - MAC - C.FRIO;351,99;CONVENCIONAL;DETRO/RJ;RODOVIARIO          ;1;46;2058;2;PORCIUNCULA  (RJ) - ARRAIAL DO CABO (RJ);351,99;-;-;-;Regional Rio;351,99
2066;1001;MACAE;MACAE - RIO DE JANEIRO (VIA VILA VERDE/CASIMIRO DE ABREU);RIO - MACAE QUISSAMA;183,3;CONV. DD;DETRO/RJ;RODOVIARIO          ;1;46;2066;2;MACAE - RIO DE JANEIRO (VIA VILA VERDE/CASIMIRO DE ABREU);183,3;-;-;-;Regional Rio;183,3
2067;1001;MACAE;MACAE - RIO DE JANEIRO (VIA VILA VERDE/CASIMIRO DE ABREU);RIO - MACAE QUISSAMA;0;1 CLASSE DD;DETRO/RJ;RODOVIARIO          ;0;8;2067;2;MACAE - RIO DE JANEIRO (VIA VILA VERDE/CASIMIRO DE ABREU);0;-;-;-;Regional Rio;183,3
38090;CATARINENSE;BLUMENAU;BLUMENAU (SC) - FLORIANOPOLIS (SC);FLORIANOPOLIS - BLUMENAU;154,25;CONVENCIONAL;DETER/SC;RODOVIARIO          ;1;46;13/fev;3;BLUMENAU (SC) - FLORIANOPOLIS (SC);154,25;-;-;-;Regional Sul;154,26
30184;CATARINENSE;FOZ DO IGUACU;CURITIBA (PR) - FOZ DO IGUACU (PR);CURITIBA - FOZ;0;CAMA;DER/PR;RODOVIARIO          ;0;8;20063508;3;CURITIBA (PR) - FOZ DO IGUACU (PR);0;-;-;-;Regional Sul;662
30183;CATARINENSE;FOZ DO IGUACU;CURITIBA (PR) - FOZ DO IGUACU (PR);CURITIBA - FOZ;662;CONV. DD;DER/PR;RODOVIARIO          ;1;46;20063508;3;CURITIBA (PR) - FOZ DO IGUACU (PR);662;-;-;-;Regional Sul;662
30185;CATARINENSE;FOZ DO IGUACU;CURITIBA (PR) - FOZ DO IGUACU (PR);CURITIBA - FOZ;662;CONVENCIONAL;DER/PR;RODOVIARIO          ;1;46;20063508;3;CURITIBA (PR) - FOZ DO IGUACU (PR);662;-;-;-;Regional Sul;662
30188;CATARINENSE;FOZ DO IGUACU;FOZ DO IGUACU (PR) - SAO PAULO (SP) (VIA PONTA GROSSA);FOZ - SAO PAULO;1047,91;SEMILTO. DD;ANTT;RODOVIARIO          ;1;44;PRSP0001037;3;FOZ DO IGUACU (PR) - SAO PAULO (SP) (VIA PONTA GROSSA);1047,91;-;-;-;Regional Sul;1047,91
30189;CATARINENSE;FOZ DO IGUACU;FOZ DO IGUACU (PR) - SAO PAULO (SP) (VIA PONTA GROSSA);FOZ - SAO PAULO;0;LEITO DD;ANTT;RODOVIARIO          ;0;9;PRSP0001037;3;FOZ DO IGUACU (PR) - SAO PAULO (SP) (VIA PONTA GROSSA);0;-;-;-;Regional Sul;1047,91
70145;COMETA;SANTOS;SAO CAETANO DO SUL (SP) - SANTOS (SP) - MARITIMO;GRANDE SAO PAULO - BAIXADA SANTISTA;75,29;LITORANEO;ARTESP;RODOVIARIO          ;1;46;2767B-1;7;SAO CAETANO DO SUL (SP) - SANTOS (SP) - MARITIMO;75,29;-;-;-;Regional SP - Curtas;75,3
70146;COMETA;BELO HORIZONTE;SOROCABA (SP) - BELO HORIZONTE (MG);SAO PAULO - BELO HORIZONTE;684,08;CONVENCIONAL;ANTT;RODOVIARIO          ;1;46;SPMG0041017;7;SOROCABA (SP) - BELO HORIZONTE (MG);684,08;-;-;-;Regional SP - ANTT;684,08
70147;COMETA;BELO HORIZONTE;SOROCABA (SP) - BELO HORIZONTE (MG);SAO PAULO - BELO HORIZONTE;684,08;EXECUTIVO;ANTT;RODOVIARIO          ;1;46;SPMG0041017;7;SOROCABA (SP) - BELO HORIZONTE (MG);684,08;-;-;-;Regional SP - ANTT;684,08
70148;COMETA;JUIZ DE FORA;JUIZ DE FORA (MG) - SAO VICENTE (SP);SAO PAULO - SUL DE MINAS;614;CONV. DD;ANTT;RODOVIARIO          ;1;46;MGSP0041057;7;JUIZ DE FORA (MG) - SAO VICENTE (SP);614;-;-;-;Regional SP - ANTT;614
70149;COMETA;JUIZ DE FORA;JUIZ DE FORA (MG) - SAO VICENTE (SP);SAO PAULO - SUL DE MINAS;0;CAMA;ANTT;RODOVIARIO          ;0;8;MGSP0041057;7;JUIZ DE FORA (MG) - SAO VICENTE (SP);0;-;-;-;Regional SP - ANTT;614
70150;COMETA;JUIZ DE FORA;JUIZ DE FORA (MG) - SAO VICENTE (SP);SAO PAULO - SUL DE MINAS;614;EXEC. DD;ANTT;RODOVIARIO          ;1;46;MGSP0041057;7;JUIZ DE FORA (MG) - SAO VICENTE (SP);614;-;-;-;Regional SP - ANTT;614
70151;COMETA;JUIZ DE FORA;JUIZ DE FORA (MG) - SAO VICENTE (SP);SAO PAULO - SUL DE MINAS;0;CAMA;ANTT;RODOVIARIO          ;0;8;MGSP0041057;7;JUIZ DE FORA (MG) - SAO VICENTE (SP);0;-;-;-;Regional SP - ANTT;614
70152;COMETA;CURITIBA;SAO PAULO (SP) - CURITIBA (PR);SAO PAULO - CURITIBA;425;EXEC. DD;ANTT;RODOVIARIO          ;1;52;SPPR0041004;7;SAO PAULO (SP) - CURITIBA (PR);425;-;-;-;Regional SP - ANTT;425
70153;COMETA;CURITIBA;SAO PAULO (SP) - CURITIBA (PR);SAO PAULO - CURITIBA;0;SEMILTO. DD;ANTT;RODOVIARIO          ;0;16;SPPR0041004;7;SAO PAULO (SP) - CURITIBA (PR);0;-;-;-;Regional SP - ANTT;425
70154;COMETA;VOLTA REDONDA;VOLTA REDONDA (RJ) - DIADEMA (SP);SAO PAULO - VALE DO PARAIBA;329,16;EXEC. DD;ANTT;RODOVIARIO          ;1;52;RJSP0041032;7;VOLTA REDONDA (RJ) - DIADEMA (SP);329,16;-;-;-;Regional SP - ANTT;329,16
70155;COMETA;VOLTA REDONDA;VOLTA REDONDA (RJ) - DIADEMA (SP);SAO PAULO - VALE DO PARAIBA;0;SEMILTO. DD;ANTT;RODOVIARIO          ;0;16;RJSP0041032;7;VOLTA REDONDA (RJ) - DIADEMA (SP);0;-;-;-;Regional SP - ANTT;329,16
70156;COMETA;VOLTA REDONDA;VOLTA REDONDA (RJ) - SAO PAULO (SP);SAO PAULO - VALE DO PARAIBA;316,89;EXEC. DD;ANTT;RODOVIARIO          ;1;52;RJSP0041011;7;VOLTA REDONDA (RJ) - SAO PAULO (SP);316,89;-;-;-;Regional SP - ANTT;316,9
70157;COMETA;VOLTA REDONDA;VOLTA REDONDA (RJ) - SAO PAULO (SP);SAO PAULO - VALE DO PARAIBA;0;SEMILTO. DD;ANTT;RODOVIARIO          ;0;16;RJSP0041011;7;VOLTA REDONDA (RJ) - SAO PAULO (SP);0;-;-;-;Regional SP - ANTT;316,9
70158;COMETA;VOLTA REDONDA;VOLTA REDONDA (RJ) - DIADEMA (SP);SAO PAULO - VALE DO PARAIBA;329,16;CONV. DD;ANTT;RODOVIARIO          ;1;52;RJSP0041032;7;VOLTA REDONDA (RJ) - DIADEMA (SP);329,16;-;-;-;Regional SP - ANTT;329,16
70159;COMETA;VOLTA REDONDA;VOLTA REDONDA (RJ) - DIADEMA (SP);SAO PAULO - VALE DO PARAIBA;0;SEMILTO. DD;ANTT;RODOVIARIO          ;0;16;RJSP0041032;7;VOLTA REDONDA (RJ) - DIADEMA (SP);0;-;-;-;Regional SP - ANTT;329,16
70160;COMETA;FRANCA;SAO PAULO (SP) - FRANCA (SP);SAO PAULO - FRANCA;418;CONV. DD;ARTESP;RODOVIARIO          ;1;52;0828A-1;7;SAO PAULO (SP) - FRANCA (SP);418;-;-;-;Regional SP - Interior;418
70161;COMETA;FRANCA;SAO PAULO (SP) - FRANCA (SP);SAO PAULO - FRANCA;0;EXEC. DD;ARTESP;RODOVIARIO          ;0;16;8,28E+01;7;SAO PAULO (SP) - FRANCA (SP);0;-;-;-;Regional SP - Interior;418
70162;COMETA;CURITIBA;SAO BERNARDO DO CAMPO (SP) - CURITIBA (PR);SAO PAULO - CURITIBA;505;CONV. DD;ANTT;RODOVIARIO          ;1;46;SPPR0041046;7;SAO BERNARDO DO CAMPO (SP) - CURITIBA (PR);505;-;-;-;Regional SP - ANTT;505
70163;COMETA;CURITIBA;SAO BERNARDO DO CAMPO (SP) - CURITIBA (PR);SAO PAULO - CURITIBA;0;CAMA;ANTT;RODOVIARIO          ;0;8;SPPR0041046;7;SAO BERNARDO DO CAMPO (SP) - CURITIBA (PR);0;-;-;-;Regional SP - ANTT;505
70164;COMETA;CURITIBA;SAO BERNARDO DO CAMPO (SP) - CURITIBA (PR);SAO PAULO - CURITIBA;505;SEMILEITO PREMIUM;ANTT;RODOVIARIO          ;1;46;SPPR0041046;7;SAO BERNARDO DO CAMPO (SP) - CURITIBA (PR);505;-;-;-;Regional SP - ANTT;505
70165;COMETA;CURITIBA;SAO BERNARDO DO CAMPO (SP) - CURITIBA (PR);SAO PAULO - CURITIBA;0;CAMA;ANTT;RODOVIARIO          ;0;8;SPPR0041046;7;SAO BERNARDO DO CAMPO (SP) - CURITIBA (PR);0;-;-;-;Regional SP - ANTT;505
70166;COMETA;LORENA;SAO PAULO (SP) - LORENA (SP);SAO PAULO - VALE DO PARAIBA;185,19;CONVENCIONAL;ARTESP;RODOVIARIO          ;1;68;4443A-1;7;SAO PAULO (SP) - LORENA (SP);185,19;-;-;-;Regional SP - Curtas;185,2
70167;COMETA;ARARAQUARA;SAO PAULO (SP) - ARARAQUARA (SP);SAO PAULO - ARARAQUARA;278;CONVENCIONAL;ARTESP;RODOVIARIO          ;1;68;6858A-1;7;SAO PAULO (SP) - ARARAQUARA (SP);278;-;-;-;Regional SP - Interior;278
70168;COMETA;BELO HORIZONTE;SOROCABA (SP) - BELO HORIZONTE (MG);SAO PAULO - BELO HORIZONTE;684,08;EXEC. DD;ANTT;RODOVIARIO          ;1;52;SPMG0041017;7;SOROCABA (SP) - BELO HORIZONTE (MG);684,08;-;-;-;Regional SP - ANTT;684,08
70169;COMETA;BELO HORIZONTE;SOROCABA (SP) - BELO HORIZONTE (MG);SAO PAULO - BELO HORIZONTE;0;SEMILTO. DD;ANTT;RODOVIARIO          ;0;16;SPMG0041017;7;SOROCABA (SP) - BELO HORIZONTE (MG);0;-;-;-;Regional SP - ANTT;684,08
70170;COMETA;BELO HORIZONTE;SOROCABA (SP) - BELO HORIZONTE (MG) (VIA CAMPINAS);SAO PAULO - BELO HORIZONTE;624,12;EXEC. DD;ANTT;RODOVIARIO          ;1;52;SPMG0041021;7;SOROCABA (SP) - BELO HORIZONTE (MG) (VIA CAMPINAS);624,12;-;-;-;Regional SP - ANTT;624,12
70171;COMETA;BELO HORIZONTE;SOROCABA (SP) - BELO HORIZONTE (MG) (VIA CAMPINAS);SAO PAULO - BELO HORIZONTE;0;SEMILTO. DD;ANTT;RODOVIARIO          ;0;16;SPMG0041021;7;SOROCABA (SP) - BELO HORIZONTE (MG) (VIA CAMPINAS);0;-;-;-;Regional SP - ANTT;624,12
70172;COMETA;BELO HORIZONTE;SOROCABA (SP) - BELO HORIZONTE (MG) VIA CAMPINAS;SAO PAULO - BELO HORIZONTE;672;CONV. DD;ANTT;RODOVIARIO          ;1;46;SPMG0041021;7;SOROCABA (SP) - BELO HORIZONTE (MG) VIA CAMPINAS;672;-;-;-;Regional SP - ANTT;672
70173;COMETA;BELO HORIZONTE;SOROCABA (SP) - BELO HORIZONTE (MG) VIA CAMPINAS;SAO PAULO - BELO HORIZONTE;0;CAMA;ANTT;RODOVIARIO          ;0;8;SPMG0041021;7;SOROCABA (SP) - BELO HORIZONTE (MG) VIA CAMPINAS;0;-;-;-;Regional SP - ANTT;672
70174;COMETA;BELO HORIZONTE;SAO PAULO (SP) - BELO HORIZONTE (MG) - VIA JK;SAO PAULO - BELO HORIZONTE;661;CONV. DD;ANTT;RODOVIARIO          ;1;46;SPMG0041044;7;SAO PAULO (SP) - BELO HORIZONTE (MG) - VIA JK;661;-;-;-;Regional SP - ANTT;661
70175;COMETA;BELO HORIZONTE;SAO PAULO (SP) - BELO HORIZONTE (MG) - VIA JK;SAO PAULO - BELO HORIZONTE;0;CAMA;ANTT;RODOVIARIO          ;0;8;SPMG0041044;7;SAO PAULO (SP) - BELO HORIZONTE (MG) - VIA JK;0;-;-;-;Regional SP - ANTT;661
70176;COMETA;CURITIBA;SAO PAULO (SP) - CURITIBA (PR);SAO PAULO - CURITIBA;420;EXEC. DD;ANTT;RODOVIARIO          ;1;52;SPPR0041050;7;SAO PAULO (SP) - CURITIBA (PR);420;-;-;-;Regional SP - ANTT;420
70177;COMETA;CURITIBA;SAO PAULO (SP) - CURITIBA (PR);SAO PAULO - CURITIBA;0;SEMILTO. DD;ANTT;RODOVIARIO          ;0;16;SPPR0041050;7;SAO PAULO (SP) - CURITIBA (PR);0;-;-;-;Regional SP - ANTT;420
70178;COMETA;CURITIBA;SAO PAULO (SP) - CURITIBA (PR);SAO PAULO - CURITIBA;415;CONV. DD;ANTT;RODOVIARIO          ;1;46;SPPR0041004;7;SAO PAULO (SP) - CURITIBA (PR);415;-;-;-;Regional SP - ANTT;415
70179;COMETA;CURITIBA;SAO PAULO (SP) - CURITIBA (PR);SAO PAULO - CURITIBA;0;CAMA;ANTT;RODOVIARIO          ;0;8;SPPR0041004;7;SAO PAULO (SP) - CURITIBA (PR);0;-;-;-;Regional SP - ANTT;415
70180;COMETA;CURITIBA;SAO PAULO (SP) - CURITIBA (PR);SAO PAULO - CURITIBA;420;CONV. DD;ANTT;RODOVIARIO          ;1;52;SPPR0041050;7;SAO PAULO (SP) - CURITIBA (PR);420;-;-;-;Regional SP - ANTT;420
70181;COMETA;CURITIBA;SAO PAULO (SP) - CURITIBA (PR);SAO PAULO - CURITIBA;0;SEMILTO. DD;ANTT;RODOVIARIO          ;0;16;SPPR0041050;7;SAO PAULO (SP) - CURITIBA (PR);0;-;-;-;Regional SP - ANTT;420
70182;COMETA;SOROCABA;SAO PAULO (SP) - SOROCABA (SP);SAO PAULO - SOROCABA;94,79;CONVENCIONAL;ARTESP;RODOVIARIO          ;1;68;0607A-1;7;SAO PAULO (SP) - SOROCABA (SP);94,79;-;-;-;Regional SP - Curtas;94,8
70183;COMETA;SOROCABA;GUARULHOS (SP) - SOROCABA (SP);SAO PAULO - SOROCABA;126,5;CONVENCIONAL;ARTESP;RODOVIARIO          ;1;68;8523B-1;7;GUARULHOS (SP) - SOROCABA (SP);126,5;-;-;-;Regional SP - Curtas;126,5
2064;1001;CAMPOS;RIO DE JANEIRO (RJ) - CAMPOS (RJ) (VIA NITEROI);RIO - CAMPOS E NORTE FLUM.;275,3;EXECUTIVO;DETRO/RJ;RODOVIARIO          ;1;68;2064;2;RIO DE JANEIRO (RJ) - CAMPOS (RJ) (VIA NITEROI);275,3;-;-;-;Regional Rio;275,3
2068;1001;CAMPOS;SAO FIDELIS (RJ) - MACAE (RJ) - VIA CAMPOS;ATE 100 KM MACAE SELETIVO;158;CONVENCIONAL;DETRO/RJ;RODOVIARIO          ;1;46;2068;2;SAO FIDELIS (RJ) - MACAE (RJ) - VIA CAMPOS;158;-;-;-;Regional Rio;158
30190;CATARINENSE;SAO PAULO;RIO DE JANEIRO (RJ) - SOROCABA (SP);SOROCABA - RIO;426,19;SEMILTO. DD;ANTT;RODOVIARIO          ;1;46;RJSP0001004;3;RIO DE JANEIRO (RJ) - SOROCABA (SP);426,19;-;-;-;Regional Sul;426,19
30191;CATARINENSE;SAO PAULO;RIO DE JANEIRO (RJ) - SOROCABA (SP);SOROCABA - RIO;0;CAMA;ANTT;RODOVIARIO          ;0;8;RJSP0001004;3;RIO DE JANEIRO (RJ) - SOROCABA (SP);0;-;-;-;Regional Sul;426,19
70184;COMETA;SAO JOSE DO RIO PRETO;RIOLANDIA (SP) - SAO JOSE DO RIO PRETO (SP);SAO PAULO - SAO JOSE DO RIO PRETO;145;CONVENCIONAL;ARTESP;RODOVIARIO          ;1;46;0125A-1;7;RIOLANDIA (SP) - SAO JOSE DO RIO PRETO (SP);145;-;-;-;Regional SP - Interior;145
70185;COMETA;BELO HORIZONTE;BELO HORIZONTE (MG) - CURITIBA (PR);SAO PAULO - BELO HORIZONTE;1006;EXECUTIVO;ANTT;RODOVIARIO          ;1;46;MGPR0041003;7;BELO HORIZONTE (MG) - CURITIBA (PR);1006;-;-;-;Regional SP - ANTT;1006
70186;COMETA;BELO HORIZONTE;CAMPINAS (SP) - BELO HORIZONTE (MG) (VIA CONTAGEM);SAO PAULO - BELO HORIZONTE;582;SEMILTO. DD;ANTT;RODOVIARIO          ;1;46;SPMG0041039;7;CAMPINAS (SP) - BELO HORIZONTE (MG) (VIA CONTAGEM);582;-;-;-;Regional SP - ANTT;582
70187;COMETA;BELO HORIZONTE;CAMPINAS (SP) - BELO HORIZONTE (MG) (VIA CONTAGEM);SAO PAULO - BELO HORIZONTE;0;CAMA;ANTT;RODOVIARIO          ;0;8;SPMG0041039;7;CAMPINAS (SP) - BELO HORIZONTE (MG) (VIA CONTAGEM);0;-;-;-;Regional SP - ANTT;582
70188;COMETA;VOLTA REDONDA;VOLTA REDONDA (RJ) - DIADEMA (SP);SAO PAULO - VALE DO PARAIBA;351;EXECUTIVO;ANTT;RODOVIARIO          ;1;46;RJSP0041032;7;VOLTA REDONDA (RJ) - DIADEMA (SP);351;-;-;-;Regional SP - ANTT;351
40009;EXPRESSO;EXPRESSO DO SUL;EMBU DAS ARTES (SP) - RIO DE JANEIRO (RJ);SAO PAULO - RIO DE JANEIRO;470;SEMILTO. DD;ANTT;RODOVIARIO          ;1;46;SPRJ0036004;4;EMBU DAS ARTES (SP) - RIO DE JANEIRO (RJ);470;-;-;-;Regional SP - ANTT;470
40010;EXPRESSO;EXPRESSO DO SUL;EMBU DAS ARTES (SP) - RIO DE JANEIRO (RJ);SAO PAULO - RIO DE JANEIRO;0;CAMA;ANTT;RODOVIARIO          ;0;8;SPRJ0036004;4;EMBU DAS ARTES (SP) - RIO DE JANEIRO (RJ);0;-;-;-;Regional SP - ANTT;470
2071;1001;ITAPERUNA;ITAPERUNA (RJ) - CABO FRIO (RJ);NORTE FLUM. - CPS - MAC - C.FRIO;296;CONVENCIONAL;DETRO/RJ;RODOVIARIO          ;1;46;2071;2;ITAPERUNA (RJ) - CABO FRIO (RJ);296;-;-;-;Regional Rio;296
2072;1001;CABO FRIO;AEROPORTO INTERNACIONAL (RJ) - ARRAIAL DO CABO (RJ);RIO - REG.LAGOS;176;CONV. C/AR;DETRO/RJ;RODOVIARIO          ;1;68;2072;2;AEROPORTO INTERNACIONAL (RJ) - ARRAIAL DO CABO (RJ);176;-;-;-;Regional Rio;176
2073;1001;SAO PAULO;" 
NITEROI (RJ) - SAO BERNARDO DO CAMPO (SP) CNX ARRAIAL DO CABO";SP - NIT/CPS/MAC/FRIB/CBF;470,9;EXECUTIVO;ANTT;RODOVIARIO          ;1;46;RJSP0010023;2;" 
NITEROI (RJ) - SAO BERNARDO DO CAMPO (SP) CNX ARRAIAL DO CABO";470,9;-;-;-;Regional Rio;470,9
2074;1001;SAO PAULO;" 
NITEROI (RJ) - ARRAIAL DO CABO (RJ) CNX ABC";SP - NIT/CPS/MAC/FRIB/CBF;151,01;CONV.C/AR;ANTT;RODOVIARIO          ;1;46;2074;2;" 
NITEROI (RJ) - ARRAIAL DO CABO (RJ) CNX ABC";151,01;-;-;-;Regional Rio;151,01
2076;1001;SAO PAULO;NITEROI (RJ) - SAO BERNARDO DO CAMPO (SP);SP - NIT/CPS/MAC/FRIB/CBF;470,89;EXEC. DD;ANTT;RODOVIARIO          ;1;52;RJSP0010023;2;NITEROI (RJ) - SAO BERNARDO DO CAMPO (SP);470,89;-;-;-;Regional Rio;470,9
2077;1001;SAO PAULO;NITEROI (RJ) - SAO BERNARDO DO CAMPO (SP);SP - NIT/CPS/MAC/FRIB/CBF;0;SEMILTO. DD;ANTT;RODOVIARIO          ;0;16;RJSP0010023;2;NITEROI (RJ) - SAO BERNARDO DO CAMPO (SP);0;-;-;-;Regional Rio;470,9
2078;1001;SAO PAULO;NITEROI (RJ) - ARRAIAL DO CABO (RJ) CNX ABC;SP - NIT/CPS/MAC/FRIB/CBF;151;CONV. C/AR;DETRO/RJ;RODOVIARIO          ;1;46;2078;2;NITEROI (RJ) - ARRAIAL DO CABO (RJ) CNX ABC;151;-;-;-;Regional Rio;151
2079;1001;MACAE;RIO DE JANEIRO (RJ) - QUISSAMA (RJ)  (VIA RIO DAS OSTRAS);RIO - MACAE QUISSAMA;248;CONVENCIONAL;DETRO/RJ;RODOVIARIO          ;1;46;2079;2;RIO DE JANEIRO (RJ) - QUISSAMA (RJ)  (VIA RIO DAS OSTRAS);248;-;-;-;Regional Rio;248
2080;1001;MACAE;RIO DE JANEIRO (RJ) - QUISSAMA (RJ) (VIA NITEROI-MACAE);RIO - MACAE QUISSAMA;223,3;CONVENCIONAL;DETRO/RJ;RODOVIARIO          ;1;46;2080;2;RIO DE JANEIRO (RJ) - QUISSAMA (RJ) (VIA NITEROI-MACAE);223,3;-;-;-;Regional Rio;223,3
2083;1001;MACAE;CONC. DE MACABU (RJ) - RIO DE JANEIRO (RJ) (VIA C.ABREU-NIT);RIO - MACAE QUISSAMA;218,3;CONVENCIONAL;DETRO/RJ;RODOVIARIO          ;1;46;2083;2;CONC. DE MACABU (RJ) - RIO DE JANEIRO (RJ) (VIA C.ABREU-NIT);218,3;-;-;-;Regional Rio;218,3
2084;1001;FRIBURGO;RIO DE JANEIRO (RJ) - NOVA FRIBURGO (RJ) (VIA NIT-MANILHA);RIO - FRIB/REG.SERRANA;140;CONVENCIONAL;DETRO/RJ;RODOVIARIO          ;1;46;2084;2;RIO DE JANEIRO (RJ) - NOVA FRIBURGO (RJ) (VIA NIT-MANILHA);140;-;-;-;Regional Rio;140
2085;1001;FRIBURGO;RIO DE JANEIRO (RJ) - N.FRIBURGO (RJ) (VIA NITEROI-MANILHA);RIO - FRIB/REG.SERRANA;140;CONV. C/AR;DETRO/RJ;RODOVIARIO          ;1;46;2085;2;RIO DE JANEIRO (RJ) - N.FRIBURGO (RJ) (VIA NITEROI-MANILHA);140;-;-;-;Regional Rio;140
2086;1001;MACAE;MACAE (RJ) - RIO DE JANEIRO (RJ) (VIA LAGOS - NITEROI);RIO - MACAE QUISSAMA;203,59;CONVENCIONAL;DETRO/RJ;RODOVIARIO          ;1;46;2086;2;MACAE (RJ) - RIO DE JANEIRO (RJ) (VIA LAGOS - NITEROI);203,59;-;-;-;Regional Rio;203,6
30204;CATARINENSE;CURITIBA  ;CURITIBA (PR) - BRUSQUE (SC);CURITIBA - INTERIOR SC;243;CONV. DD;ANTT;RODOVIARIO          ;1;52;PRSC0001028;3;CURITIBA (PR) - BRUSQUE (SC);243;-;-;-;Regional Sul;243
30205;CATARINENSE;CURITIBA  ;CURITIBA (PR) - BRUSQUE (SC);CURITIBA - INTERIOR SC;0;CAMA;ANTT;RODOVIARIO          ;0;8;PRSC0001028;3;CURITIBA (PR) - BRUSQUE (SC);0;-;-;-;Regional Sul;243
30206;CATARINENSE;CURITIBA  ;CURITIBA (PR) - BRUSQUE (SC);CURITIBA - INTERIOR SC;0;SEMILTO. DD;ANTT;RODOVIARIO          ;0;16;PRSC0001028;3;CURITIBA (PR) - BRUSQUE (SC);0;-;-;-;Regional Sul;243
30207;CATARINENSE;CURITIBA  ;CURITIBA (PR) - BRUSQUE (SC);CURITIBA - INTERIOR SC;0;CAMA;ANTT;RODOVIARIO          ;0;8;PRSC0001028;3;CURITIBA (PR) - BRUSQUE (SC);0;-;-;-;Regional Sul;243
30212;CATARINENSE;ITAJAI;CURITIBA (PR) - NAVEGANTES (SC);CURITIBA - LITORAL SC;239,69;CONV. DD;ANTT;RODOVIARIO          ;1;52;PRSC0001022;3;CURITIBA (PR) - NAVEGANTES (SC);239,69;-;-;-;Regional Sul;239,7
30213;CATARINENSE;ITAJAI;CURITIBA (PR) - NAVEGANTES (SC);CURITIBA - LITORAL SC;0;CAMA;ANTT;RODOVIARIO          ;0;8;PRSC0001022;3;CURITIBA (PR) - NAVEGANTES (SC);0;-;-;-;Regional Sul;239,7
30214;CATARINENSE;ITAJAI;CURITIBA (PR) - NAVEGANTES (SC);CURITIBA - LITORAL SC;239,69;SEMILTO. DD;ANTT;RODOVIARIO          ;0;16;PRSC0001022;3;CURITIBA (PR) - NAVEGANTES (SC);239,69;-;-;-;Regional Sul;239,7
30215;CATARINENSE;ITAJAI;CURITIBA (PR) - NAVEGANTES (SC);CURITIBA - LITORAL SC;0;CAMA;ANTT;RODOVIARIO          ;0;8;PRSC0001022;3;CURITIBA (PR) - NAVEGANTES (SC);0;-;-;-;Regional Sul;239,7
30196;CATARINENSE;CURITIBA  ;CURITIBA (PR) - RIO DO SUL (SC);CURITIBA - INTERIOR SC;338;CONV. DD;ANTT;RODOVIARIO          ;1;52;PRSC0001011;3;CURITIBA (PR) - RIO DO SUL (SC);338;-;-;-;Regional Sul;338
30197;CATARINENSE;CURITIBA  ;CURITIBA (PR) - RIO DO SUL (SC);CURITIBA - INTERIOR SC;0;CAMA;ANTT;RODOVIARIO          ;0;8;PRSC0001011;3;CURITIBA (PR) - RIO DO SUL (SC);0;-;-;-;Regional Sul;338
30198;CATARINENSE;CURITIBA  ;CURITIBA (PR) - RIO DO SUL (SC);CURITIBA - INTERIOR SC;338;SEMILTO. DD;ANTT;RODOVIARIO          ;0;16;PRSC0001011;3;CURITIBA (PR) - RIO DO SUL (SC);338;-;-;-;Regional Sul;338
30199;CATARINENSE;CURITIBA  ;CURITIBA (PR) - RIO DO SUL (SC);CURITIBA - INTERIOR SC;0;CAMA;ANTT;RODOVIARIO          ;0;8;PRSC0001011;3;CURITIBA (PR) - RIO DO SUL (SC);0;-;-;-;Regional Sul;338
30200;CATARINENSE;CURITIBA  ;CURITIBA (PR) - JARAGUA DO SUL (SC);CURITIBA - INTERIOR SC;183;CONV. DD;ANTT;RODOVIARIO          ;1;52;PRSC0001013;3;CURITIBA (PR) - JARAGUA DO SUL (SC);183;-;-;-;Regional Sul;183
30201;CATARINENSE;CURITIBA  ;CURITIBA (PR) - JARAGUA DO SUL (SC);CURITIBA - INTERIOR SC;0;CAMA;ANTT;RODOVIARIO          ;0;8;PRSC0001013;3;CURITIBA (PR) - JARAGUA DO SUL (SC);0;-;-;-;Regional Sul;183
30202;CATARINENSE;CURITIBA  ;CURITIBA (PR) - JARAGUA DO SUL (SC);CURITIBA - INTERIOR SC;183;SEMILTO. DD;ANTT;RODOVIARIO          ;0;16;PRSC0001013;3;CURITIBA (PR) - JARAGUA DO SUL (SC);183;-;-;-;Regional Sul;183
30203;CATARINENSE;CURITIBA  ;CURITIBA (PR) - JARAGUA DO SUL (SC);CURITIBA - INTERIOR SC;0;CAMA;ANTT;RODOVIARIO          ;0;8;PRSC0001013;3;CURITIBA (PR) - JARAGUA DO SUL (SC);0;-;-;-;Regional Sul;183
30208;CATARINENSE;JOINVILLE;CURITIBA (PR) - SAO FRANCISCO DO SUL (SC);CURITIBA - LITORAL SC;174,15;CONV. DD;ANTT;RODOVIARIO          ;1;52;PRSC0001008;3;CURITIBA (PR) - SAO FRANCISCO DO SUL (SC);174,15;-;-;-;Regional Sul;174,15
30209;CATARINENSE;JOINVILLE;CURITIBA (PR) - SAO FRANCISCO DO SUL (SC);CURITIBA - LITORAL SC;0;CAMA;ANTT;RODOVIARIO          ;0;8;PRSC0001008;3;CURITIBA (PR) - SAO FRANCISCO DO SUL (SC);0;-;-;-;Regional Sul;174,15
30210;CATARINENSE;JOINVILLE;CURITIBA (PR) - SAO FRANCISCO DO SUL (SC);CURITIBA - LITORAL SC;174,19;SEMILTO. DD;ANTT;RODOVIARIO          ;0;16;PRSC0001008;3;CURITIBA (PR) - SAO FRANCISCO DO SUL (SC);174,19;-;-;-;Regional Sul;174,19
30211;CATARINENSE;JOINVILLE;CURITIBA (PR) - SAO FRANCISCO DO SUL (SC);CURITIBA - LITORAL SC;0;CAMA;ANTT;RODOVIARIO          ;0;8;PRSC0001008;3;CURITIBA (PR) - SAO FRANCISCO DO SUL (SC);0;-;-;-;Regional Sul;174,19
30192;CATARINENSE;CURITIBA  ;CURITIBA (PR) - TAIO (SC);CURITIBA - INTERIOR SC;403,1;CONV. DD;ANTT;RODOVIARIO          ;1;52;PRSC0001036;3;CURITIBA (PR) - TAIO (SC);403,1;-;-;-;Regional Sul;403,1
30193;CATARINENSE;CURITIBA  ;CURITIBA (PR) - TAIO (SC);CURITIBA - INTERIOR SC;0;CAMA;ANTT;RODOVIARIO          ;0;8;PRSC0001036;3;CURITIBA (PR) - TAIO (SC);0;-;-;-;Regional Sul;403,1
30194;CATARINENSE;CURITIBA  ;CURITIBA (PR) - TAIO (SC);CURITIBA - INTERIOR SC;403,1;SEMILTO. DD;ANTT;RODOVIARIO          ;0;16;PRSC0001036;3;CURITIBA (PR) - TAIO (SC);403,1;-;-;-;Regional Sul;403,1
30195;CATARINENSE;CURITIBA  ;CURITIBA (PR) - TAIO (SC);CURITIBA - INTERIOR SC;0;CAMA;ANTT;RODOVIARIO          ;0;8;PRSC0001036;3;CURITIBA (PR) - TAIO (SC);0;-;-;-;Regional Sul;403,1
30216;CATARINENSE;FLORIANOPOLIS  ;FLORIANOPOLIS (SC) - JOINVILLE (SC);FLORIANOPOLIS - JOINVILLE;186,12;SEMIDIRETO;DETER/SC;RODOVIARIO          ;1;46;569-1;3;FLORIANOPOLIS (SC) - JOINVILLE (SC);186,12;-;-;-;Regional Sul;186,12
70189;COMETA;SANTOS;SAO CAETANO (ABC) - SANTOS - SAO VICENTE/PRAIA GRANDE (SP);GRANDE SAO PAULO - BAIXADA SANTISTA;122,3;EXECUTIVO;ARTESP;RODOVIARIO          ;1;46;2,77E+02;7;SAO CAETANO (ABC) - SANTOS - SAO VICENTE/PRAIA GRANDE (SP);122,3;-;-;-;Regional SP - Curtas;122,3
70190;COMETA;SANTOS;SAO MATEUS (SP) - PRAIA GRANDE (SP) - RECORTE STA;GRANDE SAO PAULO - BAIXADA SANTISTA;113,59;EXECUTIVO;ARTESP;RODOVIARIO          ;1;46;2,77E+00;7;SAO MATEUS (SP) - PRAIA GRANDE (SP) - RECORTE STA;113,59;-;-;-;Regional SP - Curtas;113,6
70191;COMETA;JUIZ DE FORA;JUIZ DE FORA (MG) - SAO PAULO (SP);SAO PAULO - SUL DE MINAS;519;EXEC. DD;ANTT;RODOVIARIO          ;1;52;MGSP0041035;7;JUIZ DE FORA (MG) - SAO PAULO (SP);519;;;;Regional SP - ANTT;519
70192;COMETA;JUIZ DE FORA;JUIZ DE FORA (MG) - SAO PAULO (SP);SAO PAULO - SUL DE MINAS;0;SEMILTO. DD;ANTT;RODOVIARIO          ;0;16;MGSP0041035;7;JUIZ DE FORA (MG) - SAO PAULO (SP);0;;;;Regional SP - ANTT;519
2069;1001;CABO FRIO;RIO DE JANEIRO (RJ) - SAQUAREMA (RJ) (VIA BACAXA);NITEROI - ARAR/SAQ PROM.;91;S/WC - CONV.C/AR;DETRO/RJ;SELETIVO            ;1;50;2069;2;RIO DE JANEIRO (RJ) - SAQUAREMA (RJ) (VIA BACAXA);91;;;;Regional Rio;
30217;CATARINENSE;BALNEARIO CAMBORIU;CURITIBA (PR) - BALNEARIO CAMBORIU (SC);CURITIBA - LITORAL SC;234,19;EXECUTIVO;ANTT;RODOVIARIO          ;1;46;PRSC0001014;3;CURITIBA (PR) - BALNEARIO CAMBORIU (SC);234,19;;;;Regional Sul;234,19
30218;CATARINENSE;CURITIBA;CURITIBA (PR) - FLORIANOPOLIS (SC);CURITIBA - LITORAL SC ;312,63;EXECUTIVO;ANTT;RODOVIARIO          ;1;46;PRSC0001057;3;CURITIBA (PR) - FLORIANOPOLIS (SC);312,63;;;;Regional Sul;312,63
30219;CATARINENSE;CURITIBA;CURITIBA (PR) - FLORIANOPOLIS (SC);CURITIBA - LITORAL SC ;312,63;SEMILTO. DD;ANTT;RODOVIARIO          ;1;46;PRSC0001057;3;CURITIBA (PR) - FLORIANOPOLIS (SC);312,63;;;;Regional Sul;312,63
30220;CATARINENSE;CURITIBA;CURITIBA (PR) - FLORIANOPOLIS (SC);CURITIBA - LITORAL SC ;0;CAMA;ANTT;RODOVIARIO          ;0;8;PRSC0001057;3;CURITIBA (PR) - FLORIANOPOLIS (SC);0;;;;Regional Sul;312,63
30221;CATARINENSE;BALNEARIO CAMBORIU;BALNEARIO CAMBORIU (SC) - SAO PAULO (SP);SP - LITORAL SC;632,97;EXECUTIVO;ANTT;RODOVIARIO          ;1;46;SCSP0001020;3;BALNEARIO CAMBORIU (SC) - SAO PAULO (SP);632,97;;;;Regional Sul;632,97
30222;CATARINENSE;CURITIBA;CURITIBA (PR) - CRICIUMA (SC);CURITIBA - LITORAL SC ;442,75;EXECUTIVO;ANTT;RODOVIARIO          ;1;46;PRSC0001019;3;CURITIBA (PR) - CRICIUMA (SC);442,75;;;;Regional Sul;442,75
30223;CATARINENSE;FLORIANOPOLIS;ARARANGUA (SC) - SAO PAULO (SP);SP - LITORAL SC;910,85;EXECUTIVO;ANTT;RODOVIARIO          ;1;46;SCSP0001038;3;ARARANGUA (SC) - SAO PAULO (SP);910,85;;;;Regional Sul;910,85
30224;CATARINENSE;FOZ DO IGUACU;FLORIANOPOLIS (SC) - FOZ DO IGUACU (PR);SC - FOZ;984,51;EXECUTIVO;ANTT;RODOVIARIO          ;1;46;SCPR0001051;3;FLORIANOPOLIS (SC) - FOZ DO IGUACU (PR);984,51;;;;Regional Sul;984,52
30225;CATARINENSE;FLORIANOPOLIS;FLORIANOPOLIS (SC) - CAMPINAS (SP);SP - LITORAL SC;854,13;EXECUTIVO;ANTT;RODOVIARIO          ;1;46;SCSP0001039;3;FLORIANOPOLIS (SC) - CAMPINAS (SP);854,13;;;;Regional Sul;854,14
30226;CATARINENSE;BLUMENAU;BRUSQUE (SC) - SAO PAULO (SP);SP - INTERIOR SC;683,13;EXECUTIVO;ANTT;RODOVIARIO          ;1;46;SCSP0001016;3;BRUSQUE (SC) - SAO PAULO (SP);683,13;;;;Regional Sul;683,14
30227;CATARINENSE;BLUMENAU;CURITIBA (PR) - BLUMENAU (SC);CURITIBA - INTERIOR SC ;260,39;EXECUTIVO;ANTT;RODOVIARIO          ;1;46;PRSC0001063;3;CURITIBA (PR) - BLUMENAU (SC);260,39;;;;Regional Sul;260,4
30228;CATARINENSE;CURITIBA  ;CURITIBA (PR) - TAIO (SC);CURITIBA - INTERIOR SC;403,1;EXECUTIVO;ANTT;RODOVIARIO          ;1;46;PRSC0001036;3;CURITIBA (PR) - TAIO (SC);403,1;;;;Regional Sul;403,1
30229;CATARINENSE;CURITIBA  ;CURITIBA (PR) - RIO DO SUL (SC);CURITIBA - INTERIOR SC;338;EXECUTIVO;ANTT;RODOVIARIO          ;1;46;PRSC0001011;3;CURITIBA (PR) - RIO DO SUL (SC);338;;;;Regional Sul;338
30230;CATARINENSE;CURITIBA  ;CURITIBA (PR) - JARAGUA DO SUL (SC);CURITIBA - INTERIOR SC;183;EXECUTIVO;ANTT;RODOVIARIO          ;1;46;PRSC0001013;3;CURITIBA (PR) - JARAGUA DO SUL (SC);183;;;;Regional Sul;183
30231;CATARINENSE;CURITIBA  ;CURITIBA (PR) - BRUSQUE (SC);CURITIBA - INTERIOR SC;243;EXECUTIVO;ANTT;RODOVIARIO          ;1;46;PRSC0001028;3;CURITIBA (PR) - BRUSQUE (SC);243;;;;Regional Sul;243
30232;CATARINENSE;JOINVILLE;CURITIBA (PR) - SAO FRANCISCO DO SUL (SC);CURITIBA - LITORAL SC;174,15;EXECUTIVO;ANTT;RODOVIARIO          ;1;46;PRSC0001008;3;CURITIBA (PR) - SAO FRANCISCO DO SUL (SC);174,15;;;;Regional Sul;174,15
30233;CATARINENSE;JOINVILLE;CURITIBA (PR) - JOINVILLE (SC);CURITIBA - LITORAL SC ;147,3;EXECUTIVO;ANTT;RODOVIARIO          ;1;46;PRSC0001052;3;CURITIBA (PR) - JOINVILLE (SC);147,3;;;;Regional Sul;147,3
30234;CATARINENSE;ITAJAI;CURITIBA (PR) - NAVEGANTES (SC);CURITIBA - LITORAL SC;239,69;EXECUTIVO;ANTT;RODOVIARIO          ;1;46;PRSC0001022;3;CURITIBA (PR) - NAVEGANTES (SC);239,69;;;;Regional Sul;239,7
30235;CATARINENSE;CURITIBA;CURITIBA (PR) - PORTO ALEGRE (RS);CURITIBA - PORTO ALEGRE;749,54;EXECUTIVO;ANTT;RODOVIARIO          ;1;46;PRRS0001034;3;CURITIBA (PR) - PORTO ALEGRE (RS);749,54;;;;Regional Sul;749,55
30236;CATARINENSE;CURITIBA;BALNEARIO CAMBORIU (SC) - SAO LEOPOLDO (RS) VIA POA;CURITIBA - SANTA MARIA ;533,02;EXECUTIVO;ANTT;RODOVIARIO          ;1;46;SCRS0001023;3;BALNEARIO CAMBORIU (SC) - SAO LEOPOLDO (RS) VIA POA;533,02;;;;Regional Sul;533,03
11001;WEMOBI;WEMOBI;RIO DE JANEIRO (RJ) - SAO PAULO (SP);WEMOBI;396,58;CONV.DD;ANTT;RODOVIARIO          ;1;52;RJSP0001006;2;RIO DE JANEIRO (RJ) - SAO PAULO (SP);396,58;;;;WEMOBI;-
11002;WEMOBI;WEMOBI;RIO DE JANEIRO (RJ) - SAO PAULO (SP);WEMOBI;0;SEMILTO.DD;ANTT;RODOVIARIO          ;0;16;RJSP0001006;2;RIO DE JANEIRO (RJ) - SAO PAULO (SP);0;;;;WEMOBI;-
20020;WEMOBI;WEMOBI;DUQUE DE CAXIAS (RJ) - SAO PAULO (SP);WEMOBI;398,1;EXEC.DD;ANTT;RODOVIARIO          ;1;52;SPRJ0010020;2;DUQUE DE CAXIAS (RJ) - SAO PAULO (SP);398,1;;;;WEMOBI;-
30186;WEMOBI;WEMOBI;RIO DE JANEIRO (RJ) - SAO PAULO (SP);WEMOBI;450;COMFORT PLUS SUPERIOR;ANTT;RODOVIARIO          ;1;52;RJSP0001006;3;RIO DE JANEIRO (RJ) - SAO PAULO (SP);450;;;;WEMOBI;-
30187;WEMOBI;WEMOBI;RIO DE JANEIRO (RJ) - SAO PAULO (SP);WEMOBI;0;COMFORT PLUS INFERIOR;ANTT;RODOVIARIO          ;0;16;RJSP0001006;3;RIO DE JANEIRO (RJ) - SAO PAULO (SP);0;;;;WEMOBI;-
20022;WEMOBI;WEMOBI;DUQUE DE CAXIAS (RJ) - SAO PAULO (SP);WEMOBI;0;CONV.DD;ANTT;RODOVIARIO          ;0;16;SPRJ0010020;2;DUQUE DE CAXIAS (RJ) - SAO PAULO (SP);0;;;;WEMOBI;-
20021;WEMOBI;WEMOBI;RIO DE JANEIRO CPG (RJ) - SAO PAULO (SP);WEMOBI;433,8;SEMILTO.DD;ANTT;RODOVIARIO          ;1;52;RJSP0010013;2;RIO DE JANEIRO CPG (RJ) - SAO PAULO (SP);433,8;;;;WEMOBI;-
20025;WEMOBI;WEMOBI;RIO DE JANEIRO CPG (RJ) - SAO PAULO (SP);WEMOBI;433,8;EXECUTIVO;ANTT;RODOVIARIO          ;1;46;RJSP0010013;2;RIO DE JANEIRO CPG (RJ) - SAO PAULO (SP);433,8;;;;WEMOBI;-
20024;WEMOBI;WEMOBI;RIO DE JANEIRO CPG (RJ) - SAO PAULO (SP);WEMOBI;0;CONV.DD;ANTT;RODOVIARIO          ;0;16;RJSP0010013;2;RIO DE JANEIRO CPG (RJ) - SAO PAULO (SP);0;;;;WEMOBI;-
70193;COMETA;CURITIBA;GUARULHOS (SP) - CURITIBA (PR);SAO PAULO - CURITIBA;505;CONV. DD;ANTT;RODOVIARIO          ;1;46;SPPR0041047;7;GUARULHOS (SP) - CURITIBA (PR);505;;;;Regional SP - ANTT;505
70194;COMETA;CURITIBA;GUARULHOS (SP) - CURITIBA (PR);SAO PAULO - CURITIBA;0;CAMA;ANTT;RODOVIARIO          ;0;8;SPPR0041047;7;GUARULHOS (SP) - CURITIBA (PR);0;;;;Regional SP - ANTT;505
70195;COMETA;CURITIBA;GUARULHOS (SP) - CURITIBA (PR);SAO PAULO - CURITIBA;505;SEMILEITO PREMIUM;ANTT;RODOVIARIO          ;1;46;SPPR0041047;7;GUARULHOS (SP) - CURITIBA (PR);505;;;;Regional SP - ANTT;505
70196;COMETA;CURITIBA;GUARULHOS (SP) - CURITIBA (PR);SAO PAULO - CURITIBA;0;CAMA;ANTT;RODOVIARIO          ;0;8;SPPR0041047;7;GUARULHOS (SP) - CURITIBA (PR);0;;;;Regional SP - ANTT;505
70197;COMETA;BELO HORIZONTE;BELO HORIZONTE (MG) - RIO DE JANEIRO (RJ);BELO HORIZONTE - RIO DE JANEIRO;447;CONV. DD;ANTT;RODOVIARIO          ;1;46;MGRJ0041051;7;BELO HORIZONTE (MG) - RIO DE JANEIRO (RJ);447;;;;Regional SP - ANTT;447
70198;COMETA;BELO HORIZONTE;BELO HORIZONTE (MG) - RIO DE JANEIRO (RJ);BELO HORIZONTE - RIO DE JANEIRO;0;CAMA;ANTT;RODOVIARIO          ;0;8;MGRJ0041051;7;BELO HORIZONTE (MG) - RIO DE JANEIRO (RJ);0;;;;Regional SP - ANTT;447
70199;COMETA;BELO HORIZONTE;BELO HORIZONTE (MG) - RIO DE JANEIRO (RJ);BELO HORIZONTE - RIO DE JANEIRO;447;CONV. DD;ANTT;RODOVIARIO          ;1;46;MGRJ0041051;7;BELO HORIZONTE (MG) - RIO DE JANEIRO (RJ);447;;;;Regional SP - ANTT;447
70200;COMETA;BELO HORIZONTE;BELO HORIZONTE (MG) - RIO DE JANEIRO (RJ);BELO HORIZONTE - RIO DE JANEIRO;0;SEMILTO. DD;ANTT;RODOVIARIO          ;0;8;MGRJ0041051;7;BELO HORIZONTE (MG) - RIO DE JANEIRO (RJ);0;;;;Regional SP - ANTT;447
70201;COMETA;JUIZ DE FORA;JUIZ DE FORA (MG) - SAO PAULO (SP);SAO PAULO - SUL DE MINAS;517;CONVENCIONAL;ANTT;RODOVIARIO          ;1;46;MGSP0041056;7;JUIZ DE FORA (MG) - SAO PAULO (SP);517;;;;Regional SP - ANTT;517
20026;1001;SAO PAULO;RIO DE JANEIRO (RJ) - SAO PAULO (SP) - VIA BARRA DA TIJUCA;SAO PAULO - RIO DE JANEIRO;433;CONV. DD;ANTT;RODOVIARIO          ;1;46;RJSP0010034;2;RIO DE JANEIRO (RJ) - SAO PAULO (SP) - VIA BARRA DA TIJUCA;433;;;;Regional Rio;433
20027;1001;SAO PAULO;RIO DE JANEIRO (RJ) - SAO PAULO (SP) - VIA BARRA DA TIJUCA;SAO PAULO - RIO DE JANEIRO;0;CAMA;ANTT;RODOVIARIO          ;0;8;RJSP0010034;2;RIO DE JANEIRO (RJ) - SAO PAULO (SP) - VIA BARRA DA TIJUCA;0;;;;Regional Rio;433
20028;1001;SAO PAULO;RIO DE JANEIRO (RJ) - SAO PAULO (SP) - VIA BARRA DA TIJUCA;SAO PAULO - RIO DE JANEIRO;433;SEMILTO. DD;ANTT;RODOVIARIO          ;1;46;RJSP0010034;2;RIO DE JANEIRO (RJ) - SAO PAULO (SP) - VIA BARRA DA TIJUCA;433;;;;Regional Rio;433
20029;1001;SAO PAULO;RIO DE JANEIRO (RJ) - SAO PAULO (SP) - VIA BARRA DA TIJUCA;SAO PAULO - RIO DE JANEIRO;0;CAMA;ANTT;RODOVIARIO          ;0;8;RJSP0010034;2;RIO DE JANEIRO (RJ) - SAO PAULO (SP) - VIA BARRA DA TIJUCA;0;;;;Regional Rio;433
20030;1001;SAO PAULO;RIO DE JANEIRO (RJ) - SAO PAULO (SP) - VIA BARRA DA TIJUCA;SAO PAULO - RIO DE JANEIRO;433;EXECUTIVO;ANTT;RODOVIARIO          ;1;46;RJSP0010034;2;RIO DE JANEIRO (RJ) - SAO PAULO (SP) - VIA BARRA DA TIJUCA;433;;;;Regional Rio;433
20031;1001;SAO PAULO;RIO DE JANEIRO (RJ) - SAO PAULO (SP) - VIA BARRA DA TIJUCA;SAO PAULO - RIO DE JANEIRO;433;CONVENCIONAL;ANTT;RODOVIARIO          ;1;46;RJSP0010034;2;RIO DE JANEIRO (RJ) - SAO PAULO (SP) - VIA BARRA DA TIJUCA;433;;;;Regional Rio;433
70202;COMETA;BELO HORIZONTE;BELO HORIZONTE (MG) - RIO DE JANEIRO (RJ);BELO HORIZONTE - RIO DE JANEIRO;468,1;SEMILEITO PREMIUM;ANTT;RODOVIARIO          ;1;46;MGRJ0041060;7;BELO HORIZONTE (MG) - RIO DE JANEIRO (RJ);468,1;;;;Regional SP - ANTT;468,1
70203;COMETA;BELO HORIZONTE;BELO HORIZONTE (MG) - RIO DE JANEIRO (RJ);BELO HORIZONTE - RIO DE JANEIRO;0;CAMA;ANTT;RODOVIARIO          ;0;8;MGRJ0041060;7;BELO HORIZONTE (MG) - RIO DE JANEIRO (RJ);0;;;;Regional SP - ANTT;468,1
70204;COMETA;BELO HORIZONTE;BELO HORIZONTE (MG) - RIO DE JANEIRO (RJ);BELO HORIZONTE - RIO DE JANEIRO;468,1;CONV. DD;ANTT;RODOVIARIO          ;1;46;MGRJ0041060;7;BELO HORIZONTE (MG) - RIO DE JANEIRO (RJ);468,1;;;;Regional SP - ANTT;468,1
70205;COMETA;BELO HORIZONTE;BELO HORIZONTE (MG) - RIO DE JANEIRO (RJ);BELO HORIZONTE - RIO DE JANEIRO;0;CAMA;ANTT;RODOVIARIO          ;0;8;MGRJ0041060;7;BELO HORIZONTE (MG) - RIO DE JANEIRO (RJ);0;;;;Regional SP - ANTT;468,1
70206;COMETA;CAMPINAS;CAMPINAS (SP) - RIO DE JANEIRO (RJ);INTERIOR SP MG - RIO DE JANEIRO;529,5;SEMILEITO PREMIUM;ANTT;RODOVIARIO          ;1;46;SPRJ0041059;7;CAMPINAS (SP) - RIO DE JANEIRO (RJ);529,5;;;;Regional SP - ANTT;529,5
70207;COMETA;CAMPINAS;CAMPINAS (SP) - RIO DE JANEIRO (RJ);INTERIOR SP MG - RIO DE JANEIRO;0;CAMA;ANTT;RODOVIARIO          ;0;8;SPRJ0041059;7;CAMPINAS (SP) - RIO DE JANEIRO (RJ);0;;;;Regional SP - ANTT;529,5
70208;COMETA;CAMPINAS;CAMPINAS (SP) - RIO DE JANEIRO (RJ);INTERIOR SP MG - RIO DE JANEIRO;529,5;CONV. DD;ANTT;RODOVIARIO          ;1;46;SPRJ0041059;7;CAMPINAS (SP) - RIO DE JANEIRO (RJ);529,5;;;;Regional SP - ANTT;529,5
70209;COMETA;CAMPINAS;CAMPINAS (SP) - RIO DE JANEIRO (RJ);INTERIOR SP MG - RIO DE JANEIRO;0;CAMA;ANTT;RODOVIARIO          ;0;8;SPRJ0041059;7;CAMPINAS (SP) - RIO DE JANEIRO (RJ);0;;;;Regional SP - ANTT;529,5
2087;1001;CAMPOS;MIRACEMA (RJ) - MACAE (RJ) - VIA CAMPOS;NORTE FLUM. - CPS - MAC - C.FRIO;246;CONVENCIONAL;DETRO/RJ;RODOVIARIO          ;1;46;2087;2;MIRACEMA (RJ) - MACAE (RJ) - VIA CAMPOS;246;;;;Regional Rio;246
70210;COMETA;SOROCABA;GUARULHOS (SP) - SOROCABA (SP);SAO PAULO - SOROCABA;126,5;EXECUTIVO;ARTESP;RODOVIARIO          ;1;46;8523E-1;7;GUARULHOS (SP) - SOROCABA (SP);126,5;;;;Regional SP - ANTT;126,5
70211;COMETA;SOROCABA;GUARULHOS (SP) - SOROCABA (SP);SAO PAULO - SOROCABA;126,5;EXEC. DD;ARTESP;RODOVIARIO          ;1;68;8523E-1;7;GUARULHOS (SP) - SOROCABA (SP);126,5;;;;Regional SP - ANTT;126,5
70212;COMETA;BELO HORIZONTE;BELO HORIZONTE (MG) - RIO DE JANEIRO (RJ);BELO HORIZONTE - RIO DE JANEIRO;468,1;CONVENCIONAL;ANTT;RODOVIARIO          ;1;46;MGRJ0041060;7;BELO HORIZONTE (MG) - RIO DE JANEIRO (RJ);468,1;;;;Regional SP - ANTT;468,1
70213;COMETA;BELO HORIZONTE;BELO HORIZONTE (MG) - RIO DE JANEIRO (RJ);BELO HORIZONTE - RIO DE JANEIRO;468,1;EXECUTIVO;ANTT;RODOVIARIO          ;1;46;MGRJ0041060;7;BELO HORIZONTE (MG) - RIO DE JANEIRO (RJ);468,1;;;;Regional SP - ANTT;468,1
70214;COMETA;CAMPINAS;CAMPINAS (SP) - RIO DE JANEIRO (RJ);INTERIOR SP MG - RIO DE JANEIRO;529,5;CONVENCIONAL;ANTT;RODOVIARIO          ;1;46;SPRJ0041059;7;CAMPINAS (SP) - RIO DE JANEIRO (RJ);529,5;;;;Regional SP - ANTT;529,5
70215;COMETA;CAMPINAS;CAMPINAS (SP) - RIO DE JANEIRO (RJ);INTERIOR SP MG - RIO DE JANEIRO;529,5;EXECUTIVO;ANTT;RODOVIARIO          ;1;46;SPRJ0041059;7;CAMPINAS (SP) - RIO DE JANEIRO (RJ);529,5;;;;Regional SP - ANTT;529,5
3130;CATARINENSE;BLUMENAU;BLUMENAU (SC) - FLORIANOPOLIS (SC) (COMUM);FLORIANOPOLIS - BLUMENAU;154,27;CONVENCIONAL;DETER/SC;RODOVIARIO          ;1;46;3031;3;BLUMENAU (SC) - FLORIANOPOLIS (SC) (COMUM);154,27;Demais Mercados;Normal;Seccionado;Regional Sul;154,26
30237;CATARINENSE;SAO PAULO;RIO DE JANEIRO (RJ) - SAO PAULO (SP);SOROCABA - RIO ;461;CONV. DD;ANTT;RODOVIARIO          ;1;52;RJSP0001065;3;RIO DE JANEIRO (RJ) - SAO PAULO (SP);461;;;;Regional Sul;461
30238;CATARINENSE;SAO PAULO;RIO DE JANEIRO (RJ) - SAO PAULO (SP);SOROCABA - RIO ;0;SEMILTO. DD;ANTT;RODOVIARIO          ;0;16;RJSP0001065;3;RIO DE JANEIRO (RJ) - SAO PAULO (SP);0;;;;Regional Sul;461
30239;CATARINENSE;SAO PAULO;RIO DE JANEIRO (RJ) - SAO PAULO (SP);SOROCABA - RIO ;461;CONVENCIONAL;ANTT;RODOVIARIO          ;1;46;RJSP0001065;3;RIO DE JANEIRO (RJ) - SAO PAULO (SP);461;;;;Regional Sul;461
30240;CATARINENSE;SAO PAULO;RIO DE JANEIRO (RJ) - SAO PAULO (SP);SOROCABA - RIO ;461;EXECUTIVO;ANTT;RODOVIARIO          ;1;46;RJSP0001065;3;RIO DE JANEIRO (RJ) - SAO PAULO (SP);461;;;;Regional Sul;461
30241;CATARINENSE;SAO PAULO;RIO DE JANEIRO (RJ) - SAO PAULO (SP);SOROCABA - RIO ;454;CONV. DD;ANTT;RODOVIARIO          ;1;52;RJSP0001067;3;RIO DE JANEIRO (RJ) - SAO PAULO (SP);454;;;;Regional Sul;454
30242;CATARINENSE;SAO PAULO;RIO DE JANEIRO (RJ) - SAO PAULO (SP);SOROCABA - RIO ;0;SEMILTO. DD;ANTT;RODOVIARIO          ;0;16;RJSP0001067;3;RIO DE JANEIRO (RJ) - SAO PAULO (SP);0;;;;Regional Sul;454
30243;CATARINENSE;SAO PAULO;RIO DE JANEIRO (RJ) - SAO PAULO (SP);SOROCABA - RIO ;454;CONVENCIONAL;ANTT;RODOVIARIO          ;1;46;RJSP0001067;3;RIO DE JANEIRO (RJ) - SAO PAULO (SP);454;;;;Regional Sul;454
30244;CATARINENSE;SAO PAULO;RIO DE JANEIRO (RJ) - SAO PAULO (SP);SOROCABA - RIO ;454;EXECUTIVO;ANTT;RODOVIARIO          ;1;46;RJSP0001067;3;RIO DE JANEIRO (RJ) - SAO PAULO (SP);454;;;;Regional Sul;454
30245;CATARINENSE;SAO PAULO;RIO DE JANEIRO (RJ) - SAO PAULO (SP);SOROCABA - RIO ;442;EXECUTIVO;ANTT;RODOVIARIO          ;1;46;RJSP0001061;3;RIO DE JANEIRO (RJ) - SAO PAULO (SP);442;;;;Regional Sul;442
30246;CATARINENSE;FOZ DO IGUACU;FOZ DO IGUACU (PR) - SAO PAULO (SP) (VIA PONTA GROSSA);FOZ - SAO PAULO;1047,91;EXECUTIVO;ANTT;RODOVIARIO          ;1;46;PRSP0001037;3;FOZ DO IGUACU (PR) - SAO PAULO (SP) (VIA PONTA GROSSA);1047,91;;;;Regional Sul;1047,91
30247;CATARINENSE;FLORIANOPOLIS  ;FLORIANOPOLIS (SC) - SANTOS (SP);ABC LITORAL - SC ;720,12;EXECUTIVO;ANTT;RODOVIARIO          ;1;46;SCSP0001024;3;FLORIANOPOLIS (SC) - SANTOS (SP);720,12;;;;Regional Sul;720,12
30248;CATARINENSE;FLORIANOPOLIS  ;FLORIANOPOLIS (SC) - SAO CAETANO DO SUL (SP);ABC LITORAL - SC ;793,01;EXECUTIVO;ANTT;RODOVIARIO          ;1;46;SCSP0001040;3;FLORIANOPOLIS (SC) - SAO CAETANO DO SUL (SP);793,01;;;;Regional Sul;793,01
30249;CATARINENSE;CURITIBA;CURITIBA (PR) - SANTOS (SP);CURITIBA - ABC;436,5;EXECUTIVO;ANTT;RODOVIARIO          ;1;46;PRSP0001007;3;CURITIBA (PR) - SANTOS (SP);436,5;;;;Regional Sul;436,5
30250;CATARINENSE;CURITIBA;CURITIBA (PR) - SAO CAETANO DO SUL (SP);CURITIBA - ABC;509,39;EXECUTIVO;ANTT;RODOVIARIO          ;1;46;PRSP0001009;3;CURITIBA (PR) - SAO CAETANO DO SUL (SP);509,39;;;;Regional Sul;509,4
70216;COMETA;SOROCABA;SAO PAULO (SP) - SOROCABA (SP);SAO PAULO - SOROCABA;94,79;EXECUTIVO;ARTESP;RODOVIARIO          ;1;46;8523E-1;7;SAO PAULO (SP) - SOROCABA (SP);94,79;;;;Regional SP - Curtas;94,8
70217;COMETA;RIBEIRAO PRETO;RIBEIRAO PRETO (SP) - PRAIA GRANDE (SP);INTERIOR SP - BAIXADA SANTISTA;443,75;EXECUTIVO;ARTESP;RODOVIARIO          ;1;46;9253E-1;7;RIBEIRAO PRETO (SP) - PRAIA GRANDE (SP);443,75;;;;Regional SP - Interior;443,75
70218;COMETA;BELO HORIZONTE;SANTOS (SP) - BELO HORIZONTE (MG);SAO PAULO - BELO HORIZONTE;686;CONVENCIONAL;ANTT;RODOVIARIO          ;1;46;SPMG0041053;7;SANTOS (SP) - BELO HORIZONTE (MG);686;;;;Regional SP - ANTT;686
20032;1001;SAO PAULO;SAO PAULO (SP) - DUQUE DE CAXIAS (RJ);SP - BAIXADA E CPO GRN;398,08;EXEC. DD;ANTT;RODOVIARIO          ;1;52;SPRJ0010020;2;SAO PAULO (SP) - DUQUE DE CAXIAS (RJ);398,08;;;;;398,09
20033;1001;SAO PAULO;SAO PAULO (SP) - DUQUE DE CAXIAS (RJ);SP - BAIXADA E CPO GRN;0;SEMILTO. DD;ANTT;RODOVIARIO          ;0;16;SPRJ0010020;2;SAO PAULO (SP) - DUQUE DE CAXIAS (RJ);398,08;;;;;398,09
20034;1001;SAO PAULO;SAO PAULO (SP) - DUQUE DE CAXIAS (RJ);SP - BAIXADA E CPO GRN;398,19;SEMILTO. DD;ANTT;RODOVIARIO          ;1;46;SPRJ0010020;2;SAO PAULO (SP) - DUQUE DE CAXIAS (RJ);398,19;;;;;398,19
20035;1001;SAO PAULO;SAO PAULO (SP) - DUQUE DE CAXIAS (RJ);SP - BAIXADA E CPO GRN;0;CAMA;ANTT;RODOVIARIO          ;0;8;SPRJ0010020;2;SAO PAULO (SP) - DUQUE DE CAXIAS (RJ);398,19;;;;;398,19
20037;1001;SAO PAULO;SAO PAULO (SP) - DUQUE DE CAXIAS (RJ);SP - BAIXADA E CPO GRN;398,08;EXECUTIVO;ANTT;RODOVIARIO          ;1;46;SPRJ0010020;2;SAO PAULO (SP) - DUQUE DE CAXIAS (RJ);398,08;;;;;398,09
20036;1001;SAO PAULO;SAO PAULO (SP) - DUQUE DE CAXIAS (RJ);SP - BAIXADA E CPO GRN;398,08;CONVENCIONAL;ANTT;RODOVIARIO          ;1;46;SPRJ0010020;2;SAO PAULO (SP) - DUQUE DE CAXIAS (RJ);398,08;;;;;398,09
20038;1001;SAO PAULO;SAO PAULO (SP) - DUQUE DE CAXIAS (RJ);SP - BAIXADA E CPO GRN;398,08;CONV. DD;ANTT;RODOVIARIO          ;1;46;SPRJ0010020;2;SAO PAULO (SP) - DUQUE DE CAXIAS (RJ);398,08;;;;;398,09
20039;1001;SAO PAULO;SAO PAULO (SP) - DUQUE DE CAXIAS (RJ);SP - BAIXADA E CPO GRN;0;CAMA;ANTT;RODOVIARIO          ;0;8;SPRJ0010020;2;SAO PAULO (SP) - DUQUE DE CAXIAS (RJ);398,08;;;;;398,09
20040;1001;ITAPERUNA;RIO JANEIRO (RJ) - S.J.CALCADO/CAMPOS (ES);RIO - CAMPOS E NORTE FLUM.;396,5;CONV. DD;ANTT;RODOVIARIO          ;1;52;RJES0010012;2;RIO JANEIRO (RJ) - S.J.CALCADO/CAMPOS (ES);396,5;;;;;396,5
20041;1001;ITAPERUNA;RIO JANEIRO (RJ) - S.J.CALCADO/CAMPOS (ES);RIO - CAMPOS E NORTE FLUM.;0;SEMILTO. DD;ANTT;RODOVIARIO          ;0;16;RJES0010012;2;RIO JANEIRO (RJ) - S.J.CALCADO/CAMPOS (ES);396,5;;;;;396,5
20042;1001;ITAPERUNA;RIO DE JANEIRO (RJ) - SAO JOSE DO CALCADO (ES) VIA BR-101;RIO - CAMPOS E NORTE FLUM.;396,5;EXEC. DD;ANTT;RODOVIARIO          ;1;52;RJES0010012;2;RIO DE JANEIRO (RJ) - SAO JOSE DO CALCADO (ES) VIA BR-101;396,5;;;;;396,5
20043;1001;ITAPERUNA;RIO DE JANEIRO (RJ) - SAO JOSE DO CALCADO (ES) VIA BR-101;RIO - CAMPOS E NORTE FLUM.;0;SEMILTO. DD;ANTT;RODOVIARIO          ;0;16;RJES0010012;2;RIO DE JANEIRO (RJ) - SAO JOSE DO CALCADO (ES) VIA BR-101;396,5;;;;;396,5
2088;1001;MACAE;MACAE (RJ) - RIO DE JANEIRO (RJ) - VIA LAGOS;RIO - MACAE QUISSAMA;203,59;CONVENCIONAL;DETRO/RJ;RODOVIARIO          ;1;68;2088;2;MACAE (RJ) - RIO DE JANEIRO (RJ) - VIA LAGOS;203,59;;;;;203,6
2090;1001;MACAE;RIO DAS OSTRAS (RJ) - RIO DE JANEIRO (RJ) - VIA LAGOS;RIO - MACAE QUISSAMA;195,19;CONVENCIONAL;DETRO/RJ;RODOVIARIO          ;1;68;2090;2;RIO DAS OSTRAS (RJ) - RIO DE JANEIRO (RJ) - VIA LAGOS;195,19;;;;;195,2
70219;COMETA;BELO HORIZONTE;RIO DE JANEIRO (RJ) - BELO HORIZONTE (MG) - VIA UPTOWN_ROYAL;BELO HORIZONTE - RIO DE JANEIRO;466,39;CONVENCIONAL;ANTT;RODOVIARIO          ;1;46;RJMG0041061;7;RIO DE JANEIRO (RJ) - BELO HORIZONTE (MG) - VIA UPTOWN_ROYAL;466,39;;;;;466,4
70221;COMETA;BELO HORIZONTE;SAO PAULO (SP) - BELO HORIZONTE (MG) - VIA HOTEL ROYAL;SAO PAULO - BELO HORIZONTE;597,1;CONVENCIONAL;ANTT;RODOVIARIO          ;1;46;SPMG0041062;7;SAO PAULO (SP) - BELO HORIZONTE (MG) - VIA HOTEL ROYAL;597,1;;;;;597,1
70222;COMETA;BELO HORIZONTE;SAO PAULO (SP) - BELO HORIZONTE (MG) - VIA HOTEL ROYAL;SAO PAULO - BELO HORIZONTE;597,1;CONV. DD;ANTT;RODOVIARIO          ;1;46;SPMG0041062;7;SAO PAULO (SP) - BELO HORIZONTE (MG) - VIA HOTEL ROYAL;597,1;;;;;597,1
70223;COMETA;BELO HORIZONTE;SAO PAULO (SP) - BELO HORIZONTE (MG) - VIA HOTEL ROYAL;SAO PAULO - BELO HORIZONTE;0;CAMA;ANTT;RODOVIARIO          ;0;8;SPMG0041062;7;SAO PAULO (SP) - BELO HORIZONTE (MG) - VIA HOTEL ROYAL;597,1;;;;;597,1
70224;COMETA;BELO HORIZONTE;BELO HORIZONTE (MG) - RIO DE JANEIRO (RJ) - VIA HOTEL ROYAL;BELO HORIZONTE - RIO DE JANEIRO;466,39;CONV. DD;ANTT;RODOVIARIO          ;1;46;MGRJ0041065;7;BELO HORIZONTE (MG) - RIO DE JANEIRO (RJ) - VIA HOTEL ROYAL;466,39;;;;;466,4
70220;COMETA;BELO HORIZONTE;BELO HORIZONTE (MG) - RIO DE JANEIRO (RJ) - VIA HOTEL ROYAL;BELO HORIZONTE - RIO DE JANEIRO;466,39;CONVENCIONAL;ANTT;RODOVIARIO          ;1;46;MGRJ0041065;7;BELO HORIZONTE (MG) - RIO DE JANEIRO (RJ) - VIA HOTEL ROYAL;466,39;;;;;466,4
70225;COMETA;BELO HORIZONTE;BELO HORIZONTE (MG) - RIO DE JANEIRO (RJ) - VIA HOTEL ROYAL;BELO HORIZONTE - RIO DE JANEIRO;0;CAMA;ANTT;RODOVIARIO          ;0;8;MGRJ0041065;7;BELO HORIZONTE (MG) - RIO DE JANEIRO (RJ) - VIA HOTEL ROYAL;466,39;;;;;466,4
70226;COMETA;BELO HORIZONTE;RIO DE JANEIRO (RJ) - BELO HORIZONTE (MG) - VIA UPTOWN_ROYAL;BELO HORIZONTE - RIO DE JANEIRO;466,39;CONV. DD;ANTT;RODOVIARIO          ;1;46;RJMG0041061;7;RIO DE JANEIRO (RJ) - BELO HORIZONTE (MG) - VIA UPTOWN_ROYAL;466,39;;;;;466,4
70227;COMETA;BELO HORIZONTE;RIO DE JANEIRO (RJ) - BELO HORIZONTE (MG) - VIA UPTOWN_ROYAL;BELO HORIZONTE - RIO DE JANEIRO;0;CAMA;ANTT;RODOVIARIO          ;0;8;RJMG0041061;7;RIO DE JANEIRO (RJ) - BELO HORIZONTE (MG) - VIA UPTOWN_ROYAL;466,39;;;;;466,4
